:1000000090DA0020A96A0000B96A0000BB6A00000B
:10001000BF6A0000BD6A0000BF6A0000BF6A00003E
:10002000BF6A0000BF6A0000BF6A000011970000AD
:10003000BF6A0000BF6A000061970000B19800002D
:10004000BF6A0000BF6A0000BF6A0000BF6A00000C
:10005000BF6A0000BF6A0000BF6A0000BF6A0000FC
:10006000BF6A0000BF6A0000BF6A0000BF6A0000EC
:10007000BF6A0000BF6A0000BF6A0000BF6A0000DC
:10008000BF6A0000BF6A0000BF6A0000BF6A0000CC
:10009000BF6A0000BF6A0000BF6A0000BF6A0000BC
:1000A000BF6A0000BF6A0000BF6A0000BF6A0000AC
:1000B000BF6A0000BF6A0000BF6A0000BF6A00009C
:1000C000BF6A0000BF6A0000BF6A0000BF6A00008C
:0800D000BF6A0000BF6A0000D6
:1000E00053B94AB9002908BF00281CBF4FF0FF319F
:1000F0004FF0FF3000F06EB9ADF1080C6DE904CEA1
:1001000000F006F8DDF804E0DDE9022304B07047F2
:100110002DE9F047089D04468C46002B40F0838073
:100120008A42174647D9B2FA82F242B1C2F12000A0
:1001300024FA00F09140974040EA010C94404FEAC5
:100140001748230CBCFBF8F61FFA87FE08FB16C104
:1001500043EA014306FB0EF1994209D9FB1806F167
:10016000FF3080F01981994240F21681023E3B44F3
:100170005B1AA4B2B3FBF8F008FB103344EA034463
:1001800000FB0EFEA64509D93C1900F1FF3380F0B3
:100190000581A64540F2028102383C4440EA06400F
:1001A000A4EB0E0400261DB1D4400023C5E9004392
:1001B0003146BDE8F08702B9FFDEB2FA82F2002ACA
:1001C00050D1CB1B4FEA174E1FFA87F80126B3FB1D
:1001D000FEFC210C0EFB1C3341EA034108FB0CF32F
:1001E0008B4207D979180CF1FF3002D28B4200F212
:1001F000E9808446C91AA3B2B1FBFEF00EFB1011D0
:1002000043EA014408FB00F8A04507D93C1900F176
:10021000FF3302D2A04500F2D9801846A4EB0804AF
:1002200040EA0C40BFE78B4209D9002D00F0B180B5
:100230000026C5E9000130463146BDE8F087B3FA33
:1002400083F6002E4AD18B4202D3824200F2B8805C
:10025000841A61EB030101208C46002DA8D0C5E96A
:10026000004CA5E7C2F1200320FA03F6974001FAFB
:1002700002F04FEA174ED9403043030CB1FBFEF6B3
:100280001FFA87F80EFB161143EA014306FB08F13B
:10029000994204FA02F409D9FB1806F1FF3C80F0F8
:1002A0008D80994240F28A80023E3B445B1A81B2C3
:1002B000B3FBFEF00EFB103341EA034100FB08F3F1
:1002C0008B4207D9791800F1FF3C73D28B4271D968
:1002D00002383944CB1A40EA064678E7C6F1200CCA
:1002E00003FA06F422FA0CF31C4320FA0CF701FA85
:1002F00006F34FEA144E21FA0CF11F433B0CB1FBFD
:10030000FEF91FFA84F80EFB191143EA014109FBBB
:1003100008FA8A4502FA06F200FA06F308D96118CB
:1003200009F1FF3048D28A4546D9A9F10209214492
:10033000A1EB0A01BFB2B1FBFEF00EFB101147EAC0
:10034000014700FB08F8B84507D9E71900F1FF316C
:100350002ED2B8452CD90238274440EA0940A7EBF1
:100360000807A0FB02894F45C64649461AD317D055
:100370005DB1B3EB0E0267EB010707FA0CFCF2402C
:100380004CEA0202F740C5E9002700263146BDE8E5
:10039000F0872E4628460BE70646E9E61846FDE6B6
:1003A0004345E5D2B8EB020E69EB04010138DFE703
:1003B0000846D2E760468DE78146B9E7664675E7AD
:1003C00030464AE7ACF1020C394413E702383C44AA
:1003D00024E700BF704700BF10F8012B11F8013B64
:1003E000012A28BF9A42F7D0D01A7047034613F863
:1003F000012B002AFBD1181A0138704700000000B9
:1004000001F0FF01102A2BDB10F0070F08D010F8C5
:10041000013B013A8B422DD010F0070F42B3F6D1C9
:10042000F0B441EA012141EA014122F007047FF0E2
:1004300000070023F0E80256083C85EA010586EA39
:10044000010685FA47F5A3FA87F586FA47F6A5FA75
:1004500087F68EB9EED1F0BC01F0FF0102F0070281
:1004600032B110F8013B013A83EA010313B1F8D12C
:100470000020704701387047002D06BF354603380D
:10048000073815F0010F07D1013015F4807F02BF46
:10049000013015F4C03F0130F0BC0138704700BF97
:1004A00070B505460E463146284603F08DFC04F033
:1004B000DBF8044628B90B4B0B4A0C485F2110F0BF
:1004C000B7FC00F01FF803F0ABFC18B1204604F0B5
:1004D000CFF8E8E7204604F081F9204603F036FD26
:1004E000F1E700BF2821010068210100312101004E
:1004F00010B50C4603F0C6FD204610BD00F02DB926
:1005000000F022B910B5044603F07AFD20460249F6
:10051000BDE8104000F076B8F10400000021084664
:10052000FFF7BEBF1FB502F004F80EF06DFB0BF035
:10053000B7FF0EF025FB0EF02DFB0EF0B3FA0EF018
:1005400033FB0EF08BFD094B0293094B0193022301
:1005500000930849084800234FF4006208F0DAF8D5
:1005600000B9FEE708F022F9FEE700BFE0A5002091
:1005700070AA0020712101001D05000070B504461D
:10058000154600F095F904F68213C4F87859C4F8BA
:100590007C3904F58C504FF4006304F58C55A4F8B5
:1005A000803904F67C110C35043010F04EFB2846DF
:1005B00010F0ACFB04F58D520023138041F2A4121D
:1005C000A118881DA0504FF400728A8041F2AC320D
:1005D000094EA35441F2B032A018A6504360074A16
:1005E0002346284610F099FB201D054922460FF0AE
:1005F000E5FD204670BD00BF210700003508000062
:100600003D06000010B5064C0A4601462046FFF79D
:10061000B5FF00F0D5F9844200D0FEE710BD00BF61
:10062000281B0020D0F87C2900F682139A4204D1BE
:1006300000F59D50103004F0F5B87047FFF7F2BF99
:100640002DE9F04100F58D570446051D013704F5ED
:100650008D5628460FF0D0FE337880B1022B4DD056
:10066000D4F87C5904F682102D1AA9B2002955D06D
:10067000D4F878399847ADB285424FD0FEE7012BC8
:1006800022D0022B3AD0002BE3D1204600F09EF975
:1006900008B102F083F8204600F0A2F90028DFD16B
:1006A00004F58C50043010F0D4FA0028D8D1284634
:1006B0000FF0EDFE0123337028460FF0FDFE60B908
:1006C00028460FF002FF387004F58C50397804305A
:1006D00010F0C8FA0028EFD0C2E794F898802846B6
:1006E0000FF0D4FFB8F1000F06D094F898301BB982
:1006F00041F2AC330122E2540223337004F58C50F2
:10070000043010F0DDFA0028AAD141F2AC33E2182F
:10071000E35C3070002B9CD0107098E7BDE8F0814E
:1007200008B500F04DF9BDE80840FFF789BF00F6B5
:100730008213C0F87C394FF40063A0F8803900F5CB
:100740009D50103004F06EB808B500F039F918B1BA
:10075000BDE80840FFF7EBBF08BD13B504460191A3
:1007600000F02EF948B1019A00F58C5021460C306A
:1007700002B0BDE8104010F0D5BA02B010BD0000C4
:10078000F0B50C46A1B015461E4600F033F92346DD
:10079000194A1A4F8021684610F016FF6846FFF785
:1007A00025FE69460246002001F0F8F80024A64222
:1007B000A0B20ED0292C0BD0A4EB840104EB440092
:1007C0002B5D3A468031684410F0FEFE0134EEE7BE
:1007D000204600EB4000C0F18001094A684410F057
:1007E000F3FE6846FFF702FE0DF10101421E0020F4
:1007F00001F0D4F821B0F0BD75210100892101007C
:100800008F21010041F2A412F8B583588718BE1D4C
:100810009B1B05469BB2144641B91A46314600F06F
:10082000E9FE4FF400732E51BB80F8BD3246FFF74E
:10083000A7FFF6E7FFF7E6BF0020704701B1FEE72C
:10084000006870471C282ED8DFE800F0300F111325
:100850002D1517192D2D2D2D1B1D1F212D2D2D274C
:100860002D2D2D25232D2D292B00012070470E2005
:1008700070470B2070470C207047092070470320F9
:1008800070470220704704207047112070471220E3
:1008900070471320704714207047162070471720A8
:1008A00070471820704700F580407047002070475F
:1008B000F8B50646044646F8041B4FF4006200F102
:1008C000D10130460FF06DFC0025266504F154037C
:1008D00004F17402C3E9005508339A42FAD1C4E91D
:1008E0001E55A4F8745004F180000FF023FF2F4A26
:1008F00084F898500421C82384F8C8102C49C4F8FF
:100900009C50C4E928232B4B0968C4F8CC10002262
:10091000C4E92B354FF6FF77002304F51761C4E9CE
:100920002E23C4E93023A4F8A870C4F8B45084F886
:10093000D050A4F8D258A4F84C5984F84F59C4F8B0
:100940005059C4F85859C4F85C59C4F86059C4F8EF
:10095000645984F86859C4F86C59C1E900232368C4
:1009600003B9FEE7144B15491C60224630460FF0D0
:1009700028FC7822002104F6D40010F0C5FA772272
:10098000002104F1B80084F8545984F8565984F8C9
:10099000557984F84E5984F8D15801F033FC04F1AC
:1009A000AC0003F03FFF2046F8BD00BF00F8FF0792
:1009B000D4370100790D0000E02E0020DF0D00008B
:1009C000014B1868704700BFE02E002090F8C83037
:1009D000042B1ABF90F8980080F0010000207047A7
:1009E00090F8C830012B06BF90F8980080F0010005
:1009F00000207047D0F858390133C0F85839704793
:100A00002DE9F843994690F850390D1E04461646D4
:100A100008BF702513B10D20BDE8F88300F1B807B9
:100A20002946384601F06CFC0028F4D194F8D2280D
:100A300094F8D3389A420AD00B220021384601F0AC
:100A4000E1FB04F1AC0003F0EDFE0320E4E704F168
:100A500050082B4606228021404610F072F848B913
:100A6000206D1FFA89F231460FF0E5FD10B94046BE
:100A700010F04AF80328CFD1DEE70000013804283F
:100A80009ABF024B185C0020704700BF9221010002
:100A90002DE9F84311F00F0601F00F0709D1022AE2
:100AA00004D11A463146B83001F0ACFB3046BDE8FF
:100AB000F88390F8D35890F8D288A5EB08040E2C50
:100AC00006DD0E220021B83001F09CFB0326EDE785
:100AD000C1F3011C6146441894F8D148B4421CD0BB
:100AE00045451AD944460E2C02D90F3CE4B2FAE728
:100AF00004F58D7400EBC40494F804E01EF0400F7C
:100B000011D00EF0030949450DD1CEF38309B1454B
:100B100009D16FF3861E84F804E029460E2907D90F
:100B20000F39C9B2FAE708F101085FFA88F8D7E788
:100B300001F58D7100EBC1014CF0400402F003029D
:100B400044EA870444EA02248A8822F45F7222F08D
:100B5000030214438A688C8063F3170201358A60AC
:100B6000002680F8D358A1E713460222FFF790BF72
:100B700038B511F0300F00F1500408BFC0F89C20C8
:100B800015460023062220460FF0DBFF48B9294610
:100B900020460FF01EFF20B92046BDE838400FF078
:100BA000B3BF38BD2DE9F74304460D4668461146EC
:100BB00091461E4600F026FFDDE900782FB918F0B7
:100BC000010F02D1E6B932461BE004F150064B4654
:100BD0000622294630460FF0B4FFC8B94FEA680331
:100BE00018F0010F18BFE35804EB680018BFDF5975
:100BF000B84768B9304603B0BDE8F0430FF084BF92
:100C00000D222946204603B0BDE8F043FFF7B0BFF0
:100C100003B0BDE8F08370B50446002694F8D258BE
:100C200094F8D338AB423ED005F58D7504EBC50280
:100C30001379590616D404EBC5052B796FF3861387
:100C40002B7194F8D2380133DBB20F2B84F8D238F1
:100C5000E4D194F8D33884F8D2680E2B20D90F3B16
:100C6000DBB2FAE7C3F30100C3F38301537992685F
:100C700041EA001103F0030361F07F01022BC9B2C6
:100C8000C2F3170205D12046FFF772FF0028D2D029
:100C900070BDB3FA83F35B092046FFF783FFF5E7E6
:100CA00084F8D338BAE70020F2E700002DE9F74FC7
:100CB000D0E92E23134304464BD0B83001F0A0FAFC
:100CC0002C4F804600254FF0010AEBB2434540D23D
:100CD000D4E92E30C5F12001A5F12002EB4000FA45
:100CE00001F10B4320FA02F2134313F0010FC5F197
:100CF0002009A5F1200602D10C370135E5E73A6855
:100D00006ABBD7F804B0BBF1770F06D1206801F0B9
:100D100035FD082898BF00F1700B5A468021204607
:100D2000FFF726FFA8B9D4E92E120AFA06F62AFA26
:100D300009F90AFA05F321EA030346EA09060093D2
:100D400022EA06030193DDE90023C4E92E231343BD
:100D5000D2D1012384F8683903B0BDE8F08F94F84C
:100D60006839002BDFD0012380212046FFF71AFFCE
:100D7000D8E700BF10250100014B1868FFF796BFA8
:100D8000E02E002090F8983010B5044633B1D0F82A
:100D9000CC308B4204BF002380F898302046FFF708
:100DA0003AFFD8B994F8D01099B101230C2220460B
:100DB000FFF7F8FE90B994F8C83084F8D000042BFF
:100DC00007D0201D0FF016FB0123C4F8CC0084F8D7
:100DD00098302046BDE81040FFF768BF10BDFFF710
:100DE000D1BFF8B500F1500504462846069EBDF86F
:100DF0001C700FF0A6FE50B9206D3A4631460FF038
:100E00001AFC20B92846BDE8F8400FF07DBEF8BDB9
:100E10002DE9F04F042B87B004460D46174602D04B
:100E2000052B18D0FEE7114604A800F003FEDDE90B
:100E300004864FF0070906F0010BB8F1000F13D13B
:100E4000BBF1000F10D10D2229462046FFF78CFE82
:100E500007B0BDE8F08F114604A800F0F7FD4FF091
:100E60000809DDE90486E6E704F1800A50460FF040
:100E700040FD0DF10A0203A950460FF01AFD50463D
:100E80000FF03EFD002384F8503904EB6600731028
:100E9000BBF1000F02D0E35853F80880C04701238C
:100EA00084F85039064618B1FFF7CCFC0246CBE770
:100EB000BDF80A300193039B00934A463B462946FE
:100EC0002046FFF78EFF0028C2D03246BCE708B5A7
:100ED0000022FFF749FE08BD37B50223B0F888208D
:100EE0008DF80730B0F886309A42044622D1206847
:100EF00003F0C2FB94F8532922440023FF2182F817
:100F0000551982F84E3982F8543982F8563904F16D
:100F10005000C4F85839C4F85C39C4F86039C4F8D2
:100F200064390FF03EFE702280212046FFF720FE3C
:100F300088B1FEE70DF1070180300FF013FC054684
:100F400000B1FEE79DF807302068022BCFD003F0F8
:100F500091FB024B1D60002003B030BDE02E00204D
:100F600010B50446006803F090FB0146206DBDE813
:100F700010400FF04DBB10B50446006803F00FFCA5
:100F80000146206DBDE810400FF042BB37B500238D
:100F9000054601A9803001930FF066FC0446A0B914
:100FA0009DF80410286803F0FCFB044668B9286823
:100FB00003F06BFB48B195F853392B4493F84E3945
:100FC0001BB1286803F088FB0446204603B030BDFF
:100FD00010B50446006803F063FB002818BF022127
:100FE000206D08BF0021BDE810400FF011BB13B504
:100FF000002304460DF1070180308DF807300FF013
:10100000B1FB58B99DF8073023B1013B012B07D93B
:10101000072003E00146206803F048FB02B010BD42
:101020000121F8E713B504460DF1070180300FF0F8
:10103000A9FB20B99DF80710206803F0C3FB02B09C
:1010400010BD10B5044654F8500B03F0ADFB01463B
:101050002046BDE810400FF060BC13B504460DF10A
:10106000060180300FF0ACFB20B9BDF806102068F7
:1010700003F09CFB02B010BD10B50446006803F0FD
:1010800098FB08220146206DBDE810400FF0D3BA4E
:1010900013B50822044601A980300FF0FCFB18B9F3
:1010A0000199206803F087FB02B010BD10B504461B
:1010B00054F8500B03F082FB01462046BDE8104077
:1010C0000FF02BBC90F853390344006D93F84E1980
:1010D0000FF09EBA37B5002305460DF107018030A9
:1010E0008DF807300FF04EFB044688B9286803F0EE
:1010F000CCFA30B19DF80730286863B103F0ECFA00
:10110000044695F853099DF80730054485F84E3993
:10111000204603B030BD03F0D5FAF1E72DE9FF41D9
:1011200000F18007064602A938460FF075FB20BB88
:1011300001A938460FF058FBF8B90DF10301384604
:101140000FF010FBC8B9306802F098FB07468846DC
:10115000DDE90201884508BF874211D2C41B61EB5B
:101160000805002D08BFB4F1FF3F09D2019B9DF88F
:1011700003103068224602F099F804B0BDE8F0810F
:101180000720FAE710B50446006802F007FC0146A4
:10119000206DBDE810400FF03BBA10B50446006862
:1011A00002F0FEFB0146206DBDE810400FF030BAA2
:1011B000F8B505460E460024012707FA04F333422A
:1011C000E1B204D10134202CF7D1002004E0286DD5
:1011D0000FF01EFA0028F5D0F8BD0023F7B505463C
:1011E0000C460B6000F180070126B5F88620B5F8A3
:1011F00088309A420FD00DF1070138460FF0B2FA4D
:1012000050B99DF807301F2B08D8226806FA03F35F
:1012100013432360E9E7002003B0F0BD0720FBE79C
:10122000D0F8A010FFF7C4BF13B5002301A90446EE
:101230000193FFF7D2FF10B9019BC4F8A03002B0B0
:1012400010BDB0F8A41050300FF067BB00F1A4013E
:1012500080300FF0B5BA10B50446006803F015FAF7
:10126000014640B194F85339234493F95539013379
:101270000CBF00210221206DBDE810400FF0C8B95D
:1012800037B5002305460DF1070180308DF8073092
:101290000FF068FA044620BB9DF807300BB3022B11
:1012A00022D1286803F0F1F9D8B195F85309284400
:1012B00090F95539013319D1D5F8A030C3B15A1E70
:1012C0001A4015D15B08D1B2144602F10102F9D1DE
:1012D00080F85549074BB5F8A420286803F007FAB1
:1012E0000446204603B030BD0C24FAE70D24F8E78D
:1012F0000724F6E7651D000013B5044601A98030F8
:101300000FF0B2FA28B90199012204F1B80000F0F7
:10131000AFFF02B010BD13B5044601A980300FF035
:10132000A3FA28B90246019904F1B80000F0A0FF21
:1013300002B010BDD0F89C1050300FF04ABB10B571
:1013400000F15004042120460FF043FB28B9204649
:101350000321BDE810400FF03CBB10BD032150300D
:101360000FF037BB002150300FF033BB10B500F148
:101370005004052120460FF02CFBF8B90C21204623
:101380000FF027FBD0B9182120460FF022FBA8B997
:10139000222120460FF01DFB80B940F2012120469A
:1013A0000FF017FB50B9402120460FF012FB28B96F
:1013B00020464121BDE810400FF00BBB10BD10B519
:1013C000044603F05BF9014604F15000BDE810400B
:1013D0000FF03CBB006D01210FF01AB9006D002128
:1013E0000FF016B9006D04210FF012B90C207047F0
:1013F00013B504466946006803F0E2F9206D08223F
:1014000069460FF018F902B010BD022150300FF0FC
:10141000B6BB90F8C810006D0FF0FAB873B504466B
:101420000E4680300DF107010FF09CF980BB9DF84E
:101430000730022B23D002D9DA1E012A21D884F8E2
:10144000C830002384F8D0300C22012331462046D6
:10145000FFF7A8FB94F8C830042B054608D090B9D4
:10146000201D0EF0C7FFC4F8CC00012384F898308B
:1014700015B184F8D0600025284602B070BD012364
:10148000DDE70323DBE7074B1B68C4F8CC30ECE750
:10149000FFF7D8F9314602462046FFF769FB0546BB
:1014A000EAE700BFD43701000C2A10B51C4603D070
:1014B000712A06D0002010BDFFF7B0FF2070012078
:1014C000F9E700F0DBFDF9E7F0B585B004460D461D
:1014D00002A81146002716468DF8077000F09EFA04
:1014E000DDE9023000F0010273B96AB90DF10703BA
:1014F000324629462046FFF7D7FFF8B90D22294684
:101500002046FFF731FB17E0411084F8507904EBD7
:1015100060000AB16258D358984701228DF807003D
:1015200084F8502918B1FFF78DF90246E7E73346F2
:1015300029462046FFF7ACFA8DF807009DF8070012
:1015400005B0F0BD73B5002304460D46803001A9F7
:10155000164601930FF088F9024640B1FFF772F981
:10156000294602462046FFF7FFFA024604E0032E12
:1015700015D004D8022E0CD0104602B070BD331F17
:10158000012BF9D8019A334629462046FFF740FC43
:10159000EBE7019B29462046FFF77AFAE5E7019A37
:1015A00029462046FFF790FFDFE737B504460D4692
:1015B000803001A90FF058F980B9019A012A0FD0A3
:1015C00008D9931E032B10D9052229462046FFF780
:1015D000CBFA03E029462046FFF779FC03B030BD83
:1015E00029462046FFF778FCF8E729462046FFF712
:1015F000A9FFF3E730B5012385B080F850390446E0
:101600000025803001908DF80F500FF0A0F80423D2
:10161000019884F8C83084F898500DF10F010FF04C
:10162000A1F898B99DF90F309DF80F10AB420DDA73
:10163000D4F85C390133C4F85C39C1F3011384F880
:10164000533943B106222046FFF792FA002384F86B
:10165000503905B030BD2368002BF3D02046FFF78A
:10166000A4FF38B19DF80F10FFF7ECF802462046B2
:10167000FFF77AFA94F8D32894F8D2389A4202D035
:101680002046FFF7C8FA94F853299DF80F302244FA
:1016900003F00F0392F8D11831B199421EBFD4F86C
:1016A00060190131C4F860190F2B14BF01330123F5
:1016B00082F8D138CAE710B50446006801F042FF4D
:1016C000C1B2206DBDE810400EF0A2BF10B50446B7
:1016D000006801F00FFCC1B2206DBDE810400EF0B3
:1016E00097BF000010B50446006803F058F80146A3
:1016F000B0B10A280CD84FF4FA60414301F55C21DF
:1017000001F5346104F15000BDE810400FF014B948
:10171000192807D8044841F2883303FB0101F1E797
:101720000249EFE70021EDE7B0DB2300CC3F0D00DD
:1017300013B504460DF10701006801F00FFD30B943
:101740009DF80710206D0EF063FF02B010BDFFF78B
:1017500079F8014604F150000FF011FAF5E713B5DE
:10176000002304460DF1070180308DF807300FF09B
:101770001BF820B99DF90710206801F0F1FC02B0B8
:1017800010BD13B504460DF10701006801F07AFDA4
:1017900030B99DF80710206D0EF03AFF02B010BD71
:1017A000FFF750F8014604F150000FF0E8F9F5E7B3
:1017B00013B5002304460DF1070180308DF8073082
:1017C0000EF0F2FF20B99DF90710206801F052FDDC
:1017D00002B010BD13B504460DF10701006804F016
:1017E000D9FD30B99DF80710206D0EF011FF02B041
:1017F00010BDFFF727F8014604F150000FF0BFF9C4
:10180000F5E713B5002304460DF1070180308DF88C
:1018100007300EF0C9FF20B99DF90710206804F0C9
:10182000BBFD02B010BD37B500F1800504460DF1D7
:10183000060128460EF096FF60B90DF10701284613
:101840000EF0B2FF30B99DF907209DF80610206810
:1018500004F0A4FD03B030BD13B504460DF106013C
:1018600054F8500B04F09EFD30B9BDF80610204628
:101870000FF053F802B010BDFEF7E4FF014620461A
:101880000FF07DF9F6E713B504460DF1060180303F
:101890000EF096FF20B9BDF80610206804F080FD18
:1018A00002B010BDFEE7FEE710B5044602F094FF5B
:1018B000FFF7E4F80146206DBDE810400EF0A8BE29
:1018C000F7B5002300220546CDE9002300F0E8FE2D
:1018D0006946044605F180000EF09EFF70B9DDE90F
:1018E000006723460024A74208BF9E4208D3F21A8D
:1018F00067EB0403C5F87029C5F8743903B0F0BD6F
:101900000720FBE700F51763D3E9002350300FF001
:101910002EB810B50446006804F02AFD01462046A2
:10192000BDE81040FFF744BC10B50446006804F061
:1019300023FD01462046BDE81040FFF739BC37B50E
:1019400000230C4680300DF1070115468DF8073055
:101950000EF008FFD8B99DF80730DA0704D5C5B1F5
:10196000227842F001022270990742BF227842F0A9
:10197000020222705A0742BF227842F0040222700B
:1019800013F0080307D0237843F00803237003B053
:1019900030BD0720FBE71846F9E700001346074A69
:1019A00010B4146834B10A46014620465DF8044B71
:1019B000FFF726B80D205DF8044B7047E02E00209D
:1019C000F0B5013A044600260C20B2420AD9951916
:1019D0006D0800FB05F7CF599F4201D26E1CF4E75A
:1019E0002A46F2E700FB06F288188A5893420BBF9A
:1019F000D0E901010023C4E90001C4E90033204615
:101A0000F0BD000010B50B46044603492A22FFF73B
:101A1000D7FF204610BD00BF9821010010B50B462E
:101A2000044603491A22FFF7CBFF204610BD00BF32
:101A30009023010010B50B46044603490322FFF72B
:101A4000BFFF204610BD00BFC824010010B50B46E3
:101A5000044603490322FFF7B3FF204610BD00BF31
:101A6000EC2401000B2150300EF0B3BF04215030A4
:101A70000EF0AFBFF8B50646174600F150050C460C
:101A800049B142B98A88096828460EF0CDFF00287E
:101A900075D00120F8BD002128460EF03EFF002839
:101AA000F7D1002C6BD12146306DC9B20EF0B0FDDC
:101AB0000028EED1306D80210EF0AAFD0028E8D17B
:101AC000002C5FD0E37D13F0010F0CBF002110212B
:101AD0009B0701D541F0200128460EF01EFF00288B
:101AE000D7D128460EF0CCFF01460028D1D104B151
:101AF000A179306D0EF08CFD01460028C9D104B1EA
:101B0000A17D306D0EF084FD0028C2D1002C3BD0A9
:101B1000D4E9022328460EF02AFF0028B9D128462E
:101B20000EF0CDFF0028B4D128460EF0A9FF002802
:101B3000AFD1394628460EF04CFF0028A9D12846DF
:101B40000EF0BDFF0028A4D128460EF099FF0146F3
:101B500000289ED104B1217D306D0EF059FD002882
:101B600097D1A4B1216928460EF0E6FE002890D155
:101B700028460EF0A4FF003818BF01208AE794F928
:101B8000151091E72146A7E700220023C2E721466E
:101B9000E9E70901F8B561F07F0100F1500704465B
:101BA00015461E460622712301F0F00138460EF05C
:101BB000C8FF50B9324629462046FFF75BFF20B9DF
:101BC0003846BDE8F8400EF09FBFF8BD37B501922A
:101BD000074A15680C4601462846FEF72DFE019B74
:101BE00001462246284603B0BDE83040FFF7D1BF8A
:101BF000E02E00202DE9F34704469DF828A0154665
:101C00001E4601B1FEE790F8541900293BD041F07F
:101C100080017BB31B6893F80090C9F3001995F815
:101C20001C80002304F1500784F8543906223846FA
:101C300008F001080EF085FF28BB5046FEF702FEB3
:101C4000014638460EF0C5FEE8B9206D49460EF053
:101C5000DFFCC0B9206D41460EF0DAFC98B9BAF14C
:101C6000000F09D02B681B781B070FD438460EF0E5
:101C70004BFF08E09946D2E7524631462046FFF72F
:101C8000F9FE0028EED002B0BDE8F087B8F1000FF1
:101C9000ECD00DF10301284603F00EFB0028F2D131
:101CA00001A9284603F0DFFA0028ECD19DF80310C3
:101CB000206D0EF0ADFC0028E5D1019938460EF0FC
:101CC0003BFE0028D2D0DEE7F7B51E46084B1F6862
:101CD0000C46014638461546FEF7AEFD0096014615
:101CE0002B4622463846FFF785FF03B0F0BD00BF04
:101CF000E02E0020F8B50446164601B1FEE7FF23AA
:101D000090F9557980F85539FEF798FD04F15005A2
:101D100002F0E2FC39230622802128460EF011FF52
:101D2000F0B9206DF9B20EF073FCC8B9206DF1B2B4
:101D30000EF06EFCA0B928460EF0E6FE80B98021B8
:101D40003023062228460EF0FCFE014640B9206DE5
:101D50000EF05EFC20B92846BDE8F8400EF0D4BE77
:101D6000F8BD000013B5074B01911C6801462046E1
:101D7000FEF762FD019A0146204602B0BDE8104020
:101D8000FFF7B8BFE02E002010B5044654F8500B02
:101D900002F0AAFC01462046BDE810400EF019BE34
:101DA00090F853390344006D93F856190EF030BC87
:101DB00010B5044654F8500B02F0EFFC02460B46F7
:101DC0002046BDE810400EF0D2BD10B590F8531972
:101DD00001F656110446014480300EF0D3FC48B998
:101DE00094F8533920682344BDE8104093F85619FD
:101DF00002F080BC10BD73B50446006802F0AAFC76
:101E00000546B8B904F18006B4F88830B4F88620E5
:101E10009B1A9BB2012B0DD90DF1060130460EF035
:101E2000CFFC30B9BDF80610206802F06FFC002826
:101E3000EAD00546284602B070BD73B50446006876
:101E400002F094FC0546B0B904F18006B4F888307D
:101E5000B4F886209B1A9BB2072B0CD9082201A943
:101E600030460EF018FD28B90199206802F058FCA0
:101E70000028EBD00546284602B070BD13B50446D5
:101E80000DF1060180300EF09BFC20B9BDF8061064
:101E9000206802F04DFC02B010BD13B508220446C4
:101EA00001A980300EF0F7FC18B90199206802F002
:101EB00049FC02B010BD13B504460DF10601803097
:101EC0000EF07EFC20B9BDF80610206802F01EFC62
:101ED00002B010BD13B500230446082201A98030CA
:101EE00001930EF0D8FC18B90199206802F018FC93
:101EF00002B010BD13B500230DF107010446803078
:101F00008DF807300EF03EFC014630B99DF80730E1
:101F100020682BB902F0B6FB0146084602B010BD9E
:101F20000049F7E7CD1B000013B504460DF106018B
:101F300080300EF045FC20B9BDF80610206802F094
:101F4000A9FB02B010BD13B504460DF106018030A7
:101F50000EF036FC20B9BDF80610206802F09DFB9B
:101F600002B010BDF0B500F1800585B00C460DF152
:101F70000A0203A928460EF0A7FC0646002877D1DE
:101F8000BDF80A207F2A76D82646039956F8060B14
:101F9000A2800EF091FF314628460EF0E3FB064684
:101FA000002865D1A379A37640F6047323837F23A9
:101FB000E376237F23F0170343F00403C4E904000E
:101FC000237704F1180128460EF0CCFB00284FD1EE
:101FD00004F1190128460EF0C5FB002848D10DF187
:101FE000060128460EF0CEFB002841D1237F9DF844
:101FF000062062F38203237702A928460EF0C2FB73
:10200000B0BB237F9DF8082062F3000323770DF116
:10201000070128460EF0B6FB50BB237F9DF8072032
:1020200062F3410323770DF1090128460EF0AAFB64
:10203000F0B9237F9DF8092062F30413237704F19C
:10204000140128460EF0D0FB90B904F11001284687
:102050000EF0CAFB60B904F11A0128460EF082FBAB
:10206000074628B904F11B0128460EF09DFB3E46A9
:10207000304605B0F0BD0626FAE7000011F0300F3B
:1020800038B504460D4600D0FEE7006802F0FDFAC0
:10209000A0B1206802F023FB0146D0B12046FFF733
:1020A00061FF034658B90C49206802F01AFB034649
:1020B00028B905F00F0584F8545938BD0D2318468A
:1020C000FEF7C0FB294602462046BDE83840FEF731
:1020D0004FBD0323F3E700BFC91C000030B500F17A
:1020E000800487B0054602A920460EF03BFB20B9CC
:1020F0009DF80830082B02D0072007B030BD0DF145
:10210000090120460EF02EFB0028F6D10DF10A023F
:1021100003A920460EF0D8FB0028EED1BDF80A3006
:10212000102BE9D10DF10A0204A920460EF0CCFBD8
:102130000028E2D1BDF80A30102BDDD10DF10A02E2
:1021400005A920460EF0C0FB0028D6D1BDF80A3004
:10215000102BD1D1059B0193049B00939DF809207E
:10216000039B9DF80810286802F00CFBC5E737B503
:1021700000F180050446002301A928468DF80330AC
:102180000EF032FBA0B9B4F88620B4F888309A4239
:1021900007D19DF80330206801995BB902F0F5FA88
:1021A00006E00DF1030128460EF0ECFA0028F0D00D
:1021B00003B030BD02F0EDFAFAE737B500F1800563
:1021C000044600230DF1020128468DF800300EF080
:1021D000F7FA98B9082201A928460EF05CFB68B905
:1021E000012269462046FFF7AAFB38B9019BBDF8DA
:1021F00002209DF80010206801F0D4FB03B030BD30
:102200002320704730B5194C002325688D4225D115
:102210006568954222D1D0E90225C3F1200405FA70
:1022200004F4A3F12001DA40224325FA01F10A4324
:1022300012F0010FC3F12004A3F120020DD10121FE
:1022400001FA02F221FA04F4224301FA03F3D0E97D
:1022500000140B432243C0E9003230BD0133DBB22E
:10226000232B04F10C04D0D1F7E700BF10250100A7
:102270002DE9F04F0023214C93461F46012694F888
:1022800014C05D1CBCF1000F26D0E2688A4223D145
:102290001F3BC5F1200E26FA0EFE06FA03F343EAB1
:1022A0000E0306FA05FAD0E902796FEA0A086FEA26
:1022B000030EBBF1000F18D04AEA070743EA0903EF
:1022C000C0E90273D0E9003703EA080307EA0E0702
:1022D000C0E9003731B96746222D2B4604F10C04C2
:1022E000CDD14FB10020BDE8F08F08EA07070EEA14
:1022F0000903C0E90273EDE70720F4E710250100A8
:1023000030B5104B00220132D2B2232A03F10C0364
:1023100001D1002015E01C7A002CF4D01C688C42FE
:10232000F1D1D0E90235C2F12004A2F1200123FA53
:1023300002F005FA04F4204325FA01F1084300F005
:10234000010030BD102501007047000070B511F08C
:1023500001040646154653D000211C200AF096F8C9
:1023600000211D200AF092F800211E200AF08EF8AC
:10237000304609F0DDFD2B88B3F5C15F4FEAD07020
:1023800007D043F60702934214D040F6020293426C
:1023900022D1EB7B5A061FD02749002268B11C20AE
:1023A0000AF036F8322224491D200AF031F82F2293
:1023B00021490CE095F82430ECE71C200AF028F8BD
:1023C0001D4900221D200AF023F81C490022BDE807
:1023D00070401E200AF01CB858B12F2216491C204C
:1023E0000AF016F8322214491D200AF011F80022D2
:1023F000DEE7002211491C200AF00AF80022F2E769
:102400008B0717D521461C200AF040F821461D20D5
:102410000AF03CF821461E200AF038F80649224608
:102420001C2009F0F5FF224603491D2009F0F0FFAA
:102430002246BDE770BD00BF0060002001600020A3
:1024400070B504460D461646FFF77EFF3246294614
:102450002046FFF77BFF70BD38B5002105461420EC
:102460000AF014F8072400210A200AF00FF845FAB0
:1024700004F101F0010109200AF008F801210A2005
:102480000AF004F808200DF00DFB013CEBD200210E
:102490000A2009F0FBFF1420012109F0F7FFBDE835
:1024A00038404FF42F700DF0FDBA000008B50A490E
:1024B000142009F06FFF0021142009F0E7FF01202C
:1024C0000DF0F0FA1420012109F0E0FFBDE808400A
:1024D0004FF40C700DF0E6BA0164002008B5FFF768
:1024E000E5FF1049142009F055FF0F490A2009F0B3
:1024F00051FF0D49092009F04DFF0C49082009F052
:1025000049FFB920FFF7A8FF142009F019FF0A209E
:1025100009F016FF092009F013FFBDE80840082064
:1025200009F00EBF0164002000640020022000209A
:10253000704708B50AF0BEFB0CF066FBFFF7CEFF54
:10254000FFF7F6FF08BD01F08BBC000038B9064A62
:10255000136801331360054B01221A70704701287C
:10256000FCD1024B0022F8E710300020AC1800200C
:1025700010B5044604F090FC3CB14FF47A735C4310
:10258000844234BF0124B4FBF0F4204610BD38B5BA
:1025900004460D4604F080FC54EA050203460ED0C2
:1025A000A0FB040103FB0511002908BFB0F57A7FE9
:1025B00007D34FF47A720023FDF792FD04462046BC
:1025C00038BD0124FBE700007FB5214E35783DBBC7
:1025D00001A804F0D5FA01238DF804304FF0FF3341
:1025E000029304F05BFCC243B2F5002F98BF194B75
:1025F000194998BF1D70A2F500244FF0000398BF41
:1026000004F1FF340393154801AB04F007FC0125E6
:1026100011491348039501AB224604F0FFFB3570C6
:1026200004F0BAFC064604F039FCB0F5002F0D4B5F
:1026300005460BD2074A1C6812783AB90134304675
:1026400004F0E6FC2846214604B070BD1C68F6E79D
:10265000C82F0020AC1800204D250000CC2F0020F2
:10266000842F002010300020084B10B5184604F0CD
:1026700087FA0024054B064906481C70224604F0E0
:10268000CDFB054B1860054B1C7010BD242F00209E
:1026900047250000302F0020742F0020782F0020C5
:1026A00008B5FFF791FFBDE80840FFF770BF0000D5
:1026B00038B515460C46FFF7F3FF0E4B1C600E4B6A
:1026C0001D600E4B01221A70031BAB4203D3BDE801
:1026D000384001F0C5BB2C44201AFFF749FF084CD5
:1026E0000146206804F0C1FB2068BDE8384004F0D2
:1026F0005BBB00BF802F00207C2F0020782F0020A4
:10270000742F002008B5044B186804F0ABFB034B92
:1027100000221A7008BD00BF742F0020782F0020FF
:1027200038B50E4D2B780446BBB1FFF7B9FF0C4B03
:102730001A680C4B1B680146801A834206D8002396
:102740002B702046BDE8384002F020B91A442046DC
:10275000521ABDE83840FFF7ABBF38BD782F0020D4
:10276000802F00207C2F002008B50DF08FF9024B40
:1027700001221A60FEE700BF7C05204308B5054B27
:102780001B681B689847082896BF034B0720185CF6
:1027900008BD00BFE8010010942701007047FEE764
:1027A000044B1A680021134619711B689A42FBD129
:1027B000704700BF44350020002209F029BA00000C
:1027C00010B40024204603F08071014334D103F09B
:1027D000E04150EA010307D01A4B0B221A70012086
:1027E0005DF8044B01F094BB02F00A00214650EA68
:1027F000010323D0144A53889BB203B15388134B6F
:102800005B889BB2B3F5105F0E4B13D1104A518811
:1028100089B269B1518842F2034089B2814207D03E
:10282000528842F2044192B28A4201D00E22D5E788
:102830000022D3E70F22D1E78020D1E75DF8044BD7
:10284000704700BFF6350020E4300020DC35002062
:10285000E0320020022001F05BBB000008B5104B05
:102860009A7B1A2A014602D10F28A8BF0F219B7B11
:10287000192B02D11329A8BF13210A4809F0B0FB74
:10288000094BC0F315029A42014607D0074B18685E
:1028900009F03DFB833818BF012008BD0720FCE785
:1028A00088310020CC180020FFFF3F00CC310020F1
:1028B00030B4104C0025256042F20305258083B119
:1028C000A37843F00103A370A37843F00203A3703D
:1028D000A37862F38203A370E17030BC054909F06C
:1028E00013BBA57863F30005A570A57863F34105D4
:1028F000A570EDE740310020D0E9042052EA000342
:1029000010B519D101F002FE0C4B0D4A1B6812687C
:10291000A0246343B2FBF3F103FB11211944B0FB84
:10292000F3F203FB12028A1AB2FBF3F003FB10234B
:10293000B3FBF4F080B210BD1044E5E7DC300020BA
:10294000E03000202DE9F0470F78063FCE1904460D
:102950000D46D6F803A001F0D9FD8046894608F05F
:1029600011F9A0EB0A008008B8EB000869F1000932
:10297000C4E902896B7803F07F03A380AB1C23605A
:10298000274B9B7BA371EB5763756FF01302934248
:10299000A8BF13466FF04F029342B8BF134650339F
:1029A000C3EB03233C22B3FBF2F3A375B378FF2BF5
:1029B00031D05909012203F01F0302FA03F3EA7828
:1029C00012F0400F4FEA810214BF164916490A441B
:1029D00052681A4214BF01230023E27D63F3000210
:1029E000E275204601F0C4FC48B1E37D43F00203E8
:1029F000E3750E4B1B6823610D4B1B78237596F90D
:102A00000130002B09DA2822002120460EF07CFA42
:102A10001120BDE8F0870023DFE70020F9E700BFC1
:102A20008831002050350020A8350020403000209B
:102A30005830002030B5104DB5F90030002B8BB068
:102A4000044617DA02A808F073FE0C4B0C491B78F9
:102A50008DF824300B4B0C4A1B788DF82530002361
:102A60004B800023CDE900232046084B02AA08F042
:102A70006BFE28800BB030BDAE1800206431002002
:102A800088310020C93100202200D000093C00001C
:102A9000F7B5044601F092FC18B90026304603B0A1
:102AA000F0BD204601F08FFC0028F6D0267F16F0FE
:102AB0001006F2D1204601F02BFC00283AD0204627
:102AC00001F092FC0546002837D01E4B1B785A1E99
:102AD000904226D11C4BA360237F9B0713D4204632
:102AE00001F016FC194F20B1194B3A681D70194BB3
:102AF0001A602946204601F084FC396820464B1CA8
:102B00003B6001F080FC6A4613480823114610F828
:102B1000015902F8015B013BF9D1204601F026FC86
:102B2000BCE7984201D10D4BD5E70133984206D15D
:102B30000B4BD0E7034B1D78F5E70126AEE70826DF
:102B4000ACE700BF30310020543100203431002088
:102B50005830002040300020B731002004310020E0
:102B6000443100202DE9F047744D8CB0074604A88D
:102B70000E46904608F0DCFD0FCDDFF8E4C1DFF82B
:102B8000CCE164460FC495E80F0084E80F006C4C5C
:102B90000FCC75460FC594E803006A4C85E8030026
:102BA0000FCC694D0FC5AA4623684AF8103933790E
:102BB000023BDBB28EF80F303368CEF810309EF84F
:102BC0000D30012161F303038EF80D3073697446F3
:102BD000002B72D035691D44B8F1000F66D101F0A9
:102BE00095FC804607F0CEFFB8EB0508A0F5A07075
:102BF000A0EB8800A060237B544D022262F3030304
:102C00002373237B43F080032373A368049301237E
:102C10008DF814304FF0FF330693304601F080FBFF
:102C200060B3C4F804A0637B022262F303030DF1D6
:102C30000F013046637301F08AFB9AF80C3043F0C1
:102C400080038AF80C309DF80F308AF80E309AF81D
:102C50000F30072262F303038AF80F309AF80D3021
:102C6000012262F3030330468AF80D3001F080FB45
:102C700000285FD04FF48E43CAF81030344B1B78D5
:102C80008DF82C30334B1B788DF82D30324B0022D1
:102C90001A7008220023CDE9002329462F4B04AAED
:102CA000384608F051FD0CB0BDE8F08705F18043CF
:102CB000503B9B00CEF808309DE7CCF808309CF8DC
:102CC0000C20049363F303028CF80C209CF80C2076
:102CD0008DF8143042F080028CF80C209CF80D2006
:102CE000022060F303028CF80D20CCF804E08CF88D
:102CF00010308CF814308CF811108CF813308CF8DC
:102D000015309CF8122061F304028CF81220CEF8E2
:102D100008309EF80C2063F303028EF80C209EF816
:102D20000C204FF0FF3342F080028EF80C20069307
:102D3000654672E74FF420639EE700BF142A010046
:102D4000C42A0100B02A0100E0320020DC35002056
:102D500064310020C9310020F6350020C127000071
:102D6000E43000202DE9F04F414BDFF818B1D3F8E3
:102D700000A0404FDFF810918FB0054688465446BA
:102D80002379032B04D0042B21D1002323711EE0CF
:102D90002822002104A80EF0B7F804F1080104A8C5
:102DA000FFF7D0FD0646C0B1002323713B78032B0B
:102DB00008D1314BB3F90010304B1868FFF7FCFC19
:102DC00002233B70324604A9284603F0AFFA246878
:102DD000A245D5D10FB0BDE8F08F04A801F098FA54
:102DE00048B33B78052BD0D1484601F099FA00282A
:102DF000CBD00DF10E0104A801F0A9FA0028C4D12E
:102E00000DF10F01484601F0A2FA0028BDD19DF84E
:102E10000E209DF80F309A42B7D102233B70184B19
:102E20001A69002AB1D0186104AA03464946284607
:102E300003F08AFAA9E704A801F072FA024670B119
:102E400018F0080FC3D004A801F092FA08B19BF85B
:102E50000060324604A9284603F068FA95E701901D
:102E600004A9284603F062FA019A2271AFE700BF75
:102E700044350020D8350020DA350020CC31002040
:102E8000DC350020F6350020F835002030B40B4941
:102E90000B4C0B781BB92269127892060BD40022D6
:102EA0000A70084902250D70216921B12261064985
:102EB00030BC03F049BA30BC704700BFF635002083
:102EC000DC350020D8350020F835002070B5074DDE
:102ED000074E0FCD34460FC495E80F0084E80F006D
:102EE000337B43F08003337370BD00BF4C2A010075
:102EF00068310020014B187F40B2704788310020B4
:102F00002DE9F8435A4C5B4F5B4E5C4DDFF8A491C2
:102F100090220021201D0DF0F7FF90220021381D86
:102F20000DF0F2FF90220021301D0DF0EDFF002189
:102F30009022281D0DF0E8FF4FF001084FF000032C
:102F40004FF0000268F3830368F3830263717A71C0
:102F50008C234FF00002E380FB80F380EB8068F36A
:102F60008302474B27603E60727100274FF00002DA
:102F70001F7068F38302434B6A71434A1A60434AE5
:102F8000DA609F80424B3560424A434E2C601A60A3
:102F9000424AC9F800409F80DA60C9F80470FFF720
:102FA00095FF0FCE3E4C25460FC50FCE0FC50FCE59
:102FB0000FC596E80F0085E80F003A4BC4F8109053
:102FC000394A63610A23E3776262A377374B23624E
:102FD0000B23A373A6232377237B43F08003237360
:102FE000637B68F303036373E37B43EA0803E373E0
:102FF000E37B43F00203E373E37B43F00403E373F7
:10300000E37B43F02003E373E37B43F01003E373BC
:10301000E37B43F04003E373E37B43F08003E3731C
:10302000238B43EA08032383238B43F00203238388
:10303000238B67F382032383238B67F3CF332383AD
:10304000E37E43EA0803E376E37E43F00203E3769C
:10305000E37E43F00403E376E37E43F01003E3767C
:10306000E37E68F34613E376114B1F70BDE8F883E7
:10307000F4320020883300201C340020B0340020BB
:1030800030360020F835002034360020203600206D
:10309000183000205C300020702A010048300020E9
:1030A00088310020D0320020A83500205035002083
:1030B000D83500204435002030B5124D2B78012B37
:1030C00089B01BD02B7803F0FF04CBB9684608F019
:1030D000ADFD0D4B03930D4B07930D4A0D490E4863
:1030E0006B4608F0AFFD0D4B1860012320B92C7022
:1030F0001C46204609B030BD2B70FAE70024F8E7E3
:103100000524F6E7D83500209F270000ADFE00809B
:1031100068310020B0180020D0310020CC310020D0
:10312000024B1878003818BF01207047D8350020AE
:1031300010B5084C237803F0FF0043B12378012B2E
:1031400006D1054B186808F081FC0020207010BDE6
:103150000520FCE7D8350020CC3100200C2070473A
:103160000C2070472DE9F04F3A4F3B78012B9046E9
:103170008BB08B46DAB20AD0022A66D104233B70A8
:10318000354BB3F90010354B1868FFF715FB334B7F
:10319000334ED3F800A0334C4FF0040902A887F84F
:1031A000009008F0C5FA304B1B788DF824302F4B77
:1031B0001B788DF825300FCE25460FC596E8030005
:1031C00085E80300A62384F80EB02374237B43F024
:1031D00080032373637B012565F303036373E37B40
:1031E0002B43E373E37B43F00203E373E37B43EAA4
:1031F0000903E373E37B43F00803E373E37B6FF3BB
:103200000413E373E37B43F06003E373E37C69F34C
:103210000303E374E37C4FF47A6243F0800302FB20
:1032200008F2E374626100230222CDE90023214603
:103230000F4B02AA504608F087FA002807DA284602
:1032400001233B700BB0BDE8F08F0520F8E70020AC
:10325000F8E700BFD8350020AE180020CC310020A0
:10326000342A01001831002064310020C9310020C7
:1032700055280000024B08461970FFF7EFBA00BF4F
:10328000C831002010B50C4651B1064B186808F043
:103290004FFE0146044808F083FE2070002010BD58
:1032A0000720FCE7CC310020CC1800202DE9F047A6
:1032B0004F4E1F463378052B8846154608D102230A
:1032C00033704C4BB3F900104B4B1868FFF774FA8E
:1032D0003378012B36D1494B49481B780BB980F81C
:1032E0000E80037BF5B9791C1CD165F303030373CE
:1032F00090F83730012262F3030380F8373085609D
:103300008563404B93F90000FFF7A8FA3A4B186821
:10331000FFF790FB3C4BB3F90030002B62DA012041
:10332000BDE8F087022262F30303037390F837309D
:10333000042262F30303AD00BF0080F837308560DC
:103340008763DEE73378022B02D03378032B4DD12D
:103350002B4CA37B434547D0284B1B78002B43D1F4
:103360003378DFF89490032B06D1284BD9F800006E
:10337000B3F90010FFF720FADFF88CA0D9F80000AD
:10338000BAF90010FFF718FA84F80E80237BCDB944
:103390007A1C17D165F30303237394F837300122A5
:1033A00062F3030384F83730A560A563154B93F9E6
:1033B0000000FFF753FAD9F80000FFF73BFBBAF91A
:1033C0000030AAE7022262F30303237394F8373034
:1033D000042262F30303AD00BF0084F83730A56018
:1033E000A763E3E702233370002099E7052097E7FE
:1033F000D8350020F4350020CC31002014310020D5
:1034000088310020C8310020AE180020DA350020B5
:1034100008B500224FF0FF33FFF748FF08BD00005A
:1034200010B50B4C2378012B0ED02378022B0DD135
:10343000084BB3F90010084B1868FFF7BDF90123DA
:103440001020237000F064FD002010BD0520FCE773
:10345000D8350020AE180020CC310020004870473D
:10346000F835002038B5094B1D680C4665B10B7F57
:10347000DB0709D40846FFF73FFAA9B20246204607
:10348000BDE8384000F098BF38BD00BFDC300020F8
:10349000F0B5264B1A78032A8BB007460E461ED18C
:1034A000DFF89CC09CF80050CDB90FCE6C460FC41D
:1034B0000FCE0FC496E8030001236F4684E8030093
:1034C0008CF800300FCF1A4E0FC60FCF0FC694E8FE
:1034D000030086E803002C4620460BB0F0BD1A78A6
:1034E000022A4FF00504F7D1314638461C70FFF729
:1034F000B9FF3046FFF7CCFA044608B10124EBE7E8
:103500000C4B384693F90010FFF7B4FE0A4B2246E5
:1035100018683146FFF726FB084B00281880EDDBC2
:103520003146384602F009FFD6E700BFD835002003
:10353000F8350020C8310020CC310020F4350020BF
:1035400030360020014B987A40B27047D0320020CC
:103550006320704738B50D460C490D4C42F202030A
:103560000B80238B9BB24B80A37EDBB20B714B880D
:1035700065F304134B80074B186808F0C5FC8128DD
:103580001EBF238B65F30413238338BD383100201D
:1035900088310020CC3100201B4870B50023044640
:1035A0009A1CDDB230F8222092B2914218D0013339
:1035B0000A2BF5D100230122206802FA03F6064205
:1035C000DDB204D001330A2BF6D1032070BD0233E3
:1035D0000E4A24F82310528E04EB830392B25A80D1
:1035E0000B480123006800222946FFF761F9812872
:1035F00008D06268012303FA05F10A436260236878
:10360000194321600020E1E7A8350020883100201F
:10361000CC31002038B5124D0B460024A21CE1B27B
:1036200035F8222092B2934204D001340A2CF5D10D
:10363000204638BD0B48002300681A46FFF738F9CA
:1036400081280AD06B68012000FA04F423EA0403FD
:103650006B60286820EA04042C600020E9E700BFC2
:10366000A8350020CC3100201B4AD1E90001F8B573
:1036700000231446DDB2013302EBC306D6E900672E
:10368000B94208BFB04213D00A2BF3D10023012264
:10369000266802FA03F73742DDB203F1010303D0D3
:1036A0000A2BF5D10320F8BD04EBC303C3E90001E5
:1036B0000A48012300681A462946FFF7F9F88128CD
:1036C00007D063680121A9400B4363602368194355
:1036D00021600020E7E700BF50350020CC310020FA
:1036E0002DE9F843D1E90067134D0024631C05EB75
:1036F000C302D2E900894F4508BF4645E1B205D073
:103700000A2B1C46F2D11846BDE8F8830B4800236B
:1037100000680122FFF7CCF881280AD06B680120ED
:1037200000FA04F423EA04036B60286820EA040426
:103730002C600020E8E700BF50350020CC3100208D
:1037400038B50E4B1A78022A02D01B78052B0DD102
:103750000B4D0024002328681A46E1B2FFF7A8F8B1
:10376000012802D101340A2CF4D138BDBDE838401B
:103770000448302200210DF0C7BB00BFD83500201F
:10378000CC310020A835002038B50E4B1A78022A1B
:1037900002D01B78052B0DD10B4D00242868002387
:1037A0000122E1B2FFF784F8012802D101340A2C8A
:1037B000F4D138BDBDE838400448582200210DF04E
:1037C000A3BB00BFD8350020CC31002050350020ED
:1037D000034B188B00F0010080F00100704700BF20
:1037E0008831002038B581F001050D490D4C42F2B9
:1037F00002030B80238B9BB24B80A37EDBB20B7149
:103800004B8865F300034B80074B186808F07CFB7E
:1038100081281EBF238B65F30003238338BD00BFBF
:103820003831002088310020CC31002070B59DF85F
:103830001810DDE9045491B98BB185B17CB1084908
:10384000084E0A700FCB86E80F0095E80F00064E71
:10385000064D86E80F0094E80F0085E80F0070BD64
:103860003031002054310020043100204431002048
:10387000014B1960704700BF3431002000F046BE94
:103880000A4B0B4A1878FF280DD101339342F9D126
:10389000084B03F10802013912F8010D01F8010F7C
:1038A0009A42F9D17047014BF3E700BFC84F00506F
:1038B000D04F0050F012005070B50B4B0B4E1A78E1
:1038C000012A0C4601D01B780BB9748670BD084DD7
:1038D000084B2868B3F90010FEF76EFF286874865D
:1038E000BDE87040FFF7A6B8D83500208831002029
:1038F000CC310020AE18002070B50E4B0E4E1A7859
:10390000012A0C4601D01B7823B9D4E90023C6E96B
:103910000A2370BD094D0A4B2868B3F90010FEF761
:103920004BFFD4E900232868C6E90A23BDE87040AC
:10393000FFF780B8D835002088310020CC31002036
:10394000AE18002070B50B4B0B4E1A78012A0C46AE
:1039500001D01B780BB9348670BD084D084B286820
:10396000B3F90010FEF728FF28683486BDE87040E0
:10397000FFF760B8D835002088310020CC31002016
:10398000AE180020014B1960704700BFE0300020E6
:10399000014B002019607047DC3000200A2070477E
:1039A0005020704710460A46194600F0D7BB000069
:1039B00030B54A4B1A6893B014462379013B012B6A
:1039C00000F286802822002108A80DF09DFA0A3412
:1039D00014F8013C0894424C03F07F03ADF8243006
:1039E00008A8A37B8DF8263000F09AFC00285FD051
:1039F00008A800F0BDFC002861D0089B1A8801A926
:103A0000002312F0400F08A8CDE90133ADF80C30C7
:103A100014BF0324052400F088FC0546002847D184
:103A20009DF80C30012B45D0022B46D0002B3FD106
:103A300008A800F0C3FC08B10A34E4B2294B1B68A3
:103A400001A8002B4FF0000318BF0625CDE9043371
:103A5000CDE90633ADF8003000F038FC20B1024665
:103A6000694604A800F0F0FCA31CEC1850FA84F09E
:103A70001D4C9DF82630A371C2B200212068A2809F
:103A80000DF042FA194B1B689B082361BDF82430E6
:103A90000C335B016361164B012218682146FFF766
:103AA00061F8144B1880144BB3F90030002B0BDC79
:103AB00013B030BD0234E4B2BAE70834FBE7238B1D
:103AC00043F004032383F3E70C4B03221A70EFE760
:103AD0002468A2427FF471AFEAE700BF44350020BA
:103AE00088310020DC3000201830002078010021CF
:103AF000CC310020DA350020F4350020D835002004
:103B000070B528229EB000210DEB02000DF0FCF9EB
:103B1000384B394E1C6825462B79032B13D12822AC
:103B2000002114A80DF0F0F96B7A03F07F03ADF8D3
:103B3000543005F10A03149314A8B37B8DF8563062
:103B400000F0EEFB18B92D68A542E5D14DE005F176
:103B500008010AA8FEF7F6FE0446002845D10AA887
:103B600000F006FC002840D0244B1B78032B3ED1EC
:103B7000338B234D64F3820333832A681AB106A87A
:103B800000F044FC0446002303A90AA8CDE903334E
:103B9000ADF8143000F0C9FBD0B99DF93D209DF877
:103BA0003E1002AB03A800F053FB024628B102A965
:103BB00006A800F049FC2044C4B29DF83F10114B08
:103BC000009306AA234601F001010AA800F0DAFBDF
:103BD0002C683CB10B48FEF78FFEA1B202460948A3
:103BE00000F0EAFB0748FEF753FF1EB070BD2C71D2
:103BF000FBE700BF4435002088310020D835002085
:103C0000DC3000201830002038B51D46002319464E
:103C100002F480000143194602F4801014BF2024EE
:103C20001C4650EA01034FF00003194602F0200041
:103C300018BF44F40074014302F40000194618BF91
:103C400044F0080450EA010316D0FFF759FF44F08E
:103C50000404002205F08073134307D00E4B4FF687
:103C6000FE721A800D4B1868FEF7E4FE94B12046F0
:103C7000BDE8384000F04CB902F0020005F0E04128
:103C800050EA01031FBF044B4FF6FE721A8044F046
:103C90004004DEE738BD00BFAE180020CC31002064
:103CA00070B5434E3378013B05460C46042B54D87F
:103CB000DFE803F0036D39591200CB0605D5FEF796
:103CC0006FFD3C4B186807F061FF14F00C0F44D0F7
:103CD000BDE87040FEF764BD0E0606D5364B0B22DC
:103CE0001A70BDE87040FFF7D1B8C80702D5284662
:103CF000FFF7CCF814F00C0F03D021462846FFF74D
:103D000031F8A10607D5FEF74BFD2B4B0B222846B9
:103D10001A70FFF7BBF863061FD5264BBDE870404D
:103D20001868FEF787BECA0718D541F008040223B9
:103D300021463370FFF716F8204B1A782AB100227B
:103D40001F491A702846FFF7A3FB640605D5194BD7
:103D50001868FEF76FFE0223337070BD4B07F4D571
:103D6000FFF700F8F1E7880711D502233370114BF4
:103D70001868FEF75FFE134A53889BB2B3F5105FD5
:103D80000ABF917C7F2149B2284602F0E9FAA105D9
:103D900002D52846FFF70CFE14F00C0F03D0214685
:103DA0002846FEF7DFFFA206B5D5FEF7F9FCB2E71D
:103DB000D8350020CC310020F635002030360020E8
:103DC000F83500201831002030B5124D85B00024A0
:103DD00010220823CDE9012344F201216B4622463B
:103DE00028460394009403F0FBFC0B4B224621462B
:103DF00018602346284603F0F3FC084B1860FEF7D2
:103E000033FC00F067FB00F0EBFBFFF779F805B03F
:103E100030BD00BFD1270100B4360020B8360020E5
:103E20000020704707B50A4802238DF8003000686B
:103E300000230822694603F0C9FD28B1054B064A54
:103E4000064892210CF0F4FF03B05DF804FB00BFBC
:103E5000B43600209D270100DF270100A6270100BE
:103E600007B50948002300688DF80030082269462C
:103E700003F0ACFD28B1054B054A06489D210CF026
:103E8000D7FF03B05DF804FBB43600209D27010086
:103E9000F7270100A627010007B50A4804238DF87B
:103EA0000030006800230822694603F08FFD28B126
:103EB000054B064A0648A8210CF0BAFF03B05DF88E
:103EC00004FB00BFB43600209D2701000B28010031
:103ED000A627010007B50190094803238DF800309B
:103EE000006800230822694603F070FD28B1054BE5
:103EF000054A0648B4210CF09BFF03B05DF804FBB3
:103F0000B43600209D27010024280100A6270100C7
:103F100007B50190094801238DF80030006800239F
:103F20000822694603F052FD28B1054B054A0648B0
:103F3000CB210CF07DFF03B05DF804FBB43600200C
:103F40009D27010037280100A627010037B5184D2D
:103F50000446204600F04DFC034638BB2868082282
:103F6000694603F00BFD0828F3D19DF80030052BBE
:103F7000EFD8DFE803F003070C1014182046FEF713
:103F8000CFFBE6E701992046FFF78AFEE1E72046EE
:103F900000F024FCDDE7019800F084F8D9E7204622
:103FA00000F0FAFAD5E700F053FBD2E703B030BDDA
:103FB000B836002030B50F4DC3B0294601A81446CD
:103FC0000CF07AFF0C488DF8044101A9002340F25F
:103FD0000112006803F0FAFC0220FFF77BFF07489C
:103FE00000234FF480722946006809F03BFD43B07E
:103FF00030BD00BFBC360020C0370020BC370020D9
:1040000010B58EB005A809F0F3FB194B06932022DA
:10401000012309924FF4E12200248DF828300B92FD
:10402000ADF814300322062040F20113CDE902035B
:10403000ADF8302001AB224644F202210D488DF844
:10404000324007940494019403F0CAFB0A4B05A97B
:104050001860204609F022FF084B094918604FF408
:104060008072234609F0FEFC20460EB010BD00BF52
:10407000B53F00004B280100C0370020BC370020AE
:10408000BC36002008B50A460146054800230068F2
:1040900009F05CFE0120FFF71DFF002008BD00BFF6
:1040A000BC37002010B5C207C2B0044601D5FCF7EA
:1040B00027FAA3070CD5074801A90068002340F29E
:1040C000011203F05BFC9DF8041101A8FCF716FA3D
:1040D00042B010BDC037002038B5094D2B78BFF372
:1040E0005B8F13F0010408D128460CF091FE20B13B
:1040F000044B28461C600CF097FE024838BD00BFF8
:10410000C83700207438002070B512480478BFF317
:104110005B8F14F001041BD10CF07AFEC0B10E4D80
:104120002C600D4E301D20441022002110340CF064
:10413000EBFEA02CF5D10A233246296842F8041F71
:10414000013B2A6006F11006F6D102480CF06CFE25
:10415000014870BDC4370020D03700202DE9F04160
:10416000074615468846002939D0E80712D4A90722
:1041700010D46A070ED42B07C5F3C0060AD4FFF784
:10418000ABFF026814466CB3E188B9422CD02646D6
:104190002468F8E7FFF7A0FF0468002C2FD0E3881D
:1041A000BB4212D02468F8E7326812B3126832605A
:1041B0001FE0236803601022002120460CF0A4FEBB
:1041C000FFF78AFF0368236004602571E780D8F851
:1041D0000030A360D8F80430E360002000E007203E
:1041E000BDE8F0811720FBE7002EDDD10AB113688E
:1041F0000360FFF789FF036823600460EDE7FFF7C2
:1042000083FF0468002CD4D10320E9E738B50546C4
:10421000D0B1037A012B09D1FFF75EFF04689CB18E
:10422000E2882B889A4210D02468F8E7022B0BD141
:10423000FFF752FF04683CB108222946A0180CF091
:104240002DFE10B12468F6E70024204638BD00009A
:104250002DE9F041884615461E46FFF7D7FF074671
:1042600060B36EB30379990748BF86F80080C3F343
:104270004004037948BF01245A0710D5124B294640
:1042800093F9000002F091F8012C02B2C2EB022275
:104290004FF08200B2FBF0F2325513D001243B798B
:1042A0001B0708D5631C8235C5EB05258221B5FBAC
:1042B000F1F53555DCB22046BDE8F0810446FAE759
:1042C0003446F8E70224F6E7CC37002008B5FFF7BC
:1042D0009DFF48B10379C3F34000C3F3800210444B
:1042E000C3F3C0031844C0B208BD037A012B0A46C9
:1042F00004D0022B06D053B90B7270470B7203889F
:104300000B8070470B72034603CB106051607047FF
:104310000368187800F00700831E58425841704720
:1043200003681878C0F34010704730B585B000239B
:104330000D4601A98DF80C3000F0E2FD044618B9D5
:10434000294601A8FFF7D1FF204605B030BD38B59A
:1043500003685B781B0213F480740D4604D100F0EF
:1043600021FD2870204638BD0620FCE701F098B8F2
:1043700003685878000200F44050A0F500535842FA
:104380005841704710B5029C00B12CB9074B084A40
:104390000848C6210CF04CFD029313460A4601461C
:1043A0002046BDE8104001F0DFB800BF5B280100E7
:1043B0001D290100CD28010001F069B803681878B3
:1043C000C0F3C000704707B50DF1070100F03BFFD7
:1043D00040B99DF80700A0F108035842584103B0C6
:1043E0005DF804FB0020FAE707B500230DF1070193
:1043F0008DF8073000F060FF9DF8070003B05DF80E
:1044000004FB00F06DBF00F03EBF000008B530B9FE
:104410000A4B0B4A0B4840F209110CF009FD0388C6
:1044200023F4FF4343F450630380037823F07F03B6
:1044300043F004030370062008BD00BF812901007A
:1044400092290100CD28010070B5151D1446EDB26A
:1044500030B9104B104A114840F217110CF0E8FC2B
:10446000038823F4FF430380037805F07F0523F0DE
:104470007F032B4303709B238370B823C370EA230D
:1044800003710023437111B106300CF015FDA01D1E
:10449000C0B270BD81290100C4290100CD280100EE
:1044A000FFF7FABC10B5044602F0F6FC24B18442D2
:1044B00034BF0124B4FBF0F4204610BD10B504460F
:1044C00002F0EAFC1CB14443012C38BF0124204611
:1044D00010BD0000084B10B5184602F051FB002437
:1044E000054B064906481C70224602F097FC054B16
:1044F0001860054B1C7010BD78380020A1440000E6
:1045000084380020C8380020CC38002008B502F0DC
:10451000C5FCFFF7D3FF002108BD08B502F0BEFCC3
:10452000BDE80840FFF7CABF38B515460C46FFF78F
:10453000F4FF0E4B1C600E4B1D600E4B01221A70D7
:10454000031BAB4203D3BDE83840FFF7A5BC2C44A6
:10455000201AFFF7A7FF084C0146206802F085FCEF
:104560002068BDE8384002F01FBC00BFD4380020EE
:10457000D0380020CC380020C838002008B5044BC3
:10458000186802F06FFC034B00221A7008BD00BFD0
:10459000C8380020CC38002038B50E4D2B780446A2
:1045A000BBB1FFF7BAFF0C4B1A680C4B1B680146F6
:1045B000801A834206D800232B702046BDE838407D
:1045C00000F01CBA1A442046521ABDE83840FFF7E2
:1045D000ABBF38BDCC380020D4380020D038002004
:1045E0007FB50AF0F7FE01A809F0EEF804230DEB01
:1045F000030100208DF8043009F0F2F8054B186033
:1046000028B9054B054A06487A210CF011FC07B081
:104610005DF804FB04D10020DC2A01001F2B0100FF
:10462000F32A01001FB50A46014668B1684607F043
:1046300081FE064B694618680AF068FF003818BF0B
:10464000012005B05DF804FB0720FAE704D1002043
:10465000034B1B6813B1034A10681847704700BF2B
:10466000DC380020D838002000F0EEB90120704777
:1046700000F007BA00F0F8B900F0F8B90048704748
:10468000322B0100143000F02DBA8069003818BFB9
:1046900001207047143000F051BA143000F058BABD
:1046A0000148FFF795B800BFE038002008B58369DE
:1046B00023B10348FFF796F8002008BD0D20FCE762
:1046C000E0380020836913B10248FEF7A9BE0D202F
:1046D000704700BFE0380020143000F043BAC06BD0
:1046E0007047143000F054BA243001F0B9B81430D7
:1046F00000F068BA08B5836923B10348FEF72AFFC2
:10470000002008BD0D20FCE7E0380020836913B1CC
:104710000248FEF741BF0D20704700BFE03800207F
:10472000836913B1113001F0DFBD0D207047000027
:10473000836913B10248FEF76DBF0D20704700BFBB
:10474000E0380020836913B1113001F0DBBD0D208A
:104750007047000008B5836923B10348FEF7F0FFF6
:10476000002008BD0D20FCE7E038002008B5836973
:1047700023B10348FFF708F8002008BD0D20FCE72F
:10478000E0380020143000F039BA0022143000F074
:104790006EBA0122143000F06ABAFFF7B7BE007D8E
:1047A0007047143000F0B9B9C08A7047143000F077
:1047B000A7B92E307047143000F0B6B9408D70475D
:1047C000FFF75EB808B5836923B1243001F06EF8B5
:1047D000002008BD0D20FCE70120704710B50446FD
:1047E000FFF744FF20B1201DBDE8104000F024B8C1
:1047F00010BD10B50446FFF739FF18B160680038E6
:1048000018BF012010BD0000036823B901600448EF
:104810004960FFF707BB5A684A60596001607047FA
:10482000E03800204368014613B90248FFF7ECBFA7
:10483000704700BFE438002038B5002504680560E3
:1048400054B1606884421CBF43686360036845607C
:1048500008BF00249847F3E738BD4368496810B59E
:104860009C1A8A1AD20FB2EBD47F08BF5B1A4FEAA8
:10487000D47008BFD80F10BD70B505680C4625B9B7
:10488000BDE870404B68084818478B6898476A68CD
:10489000831A002B01462368B8BF121ABDE8704086
:1048A0000148A8BF00221847E038002038B50C4660
:1048B0001146A2689442034606D00568AC4204D172
:1048C0000260FFF7D9FFA46038BD2A460021002A04
:1048D000F9D0944208D011469268F8E78B68002B13
:1048E000F1D09B688B60EEE70029F7D1002DEAD06C
:1048F000AA681A60E7E72DE9F047936805460C4679
:10490000164698473246814621462846FFF7CEFF95
:10491000D5F800A04FF00008574647B14A4639463F
:104920002046FFF79AFF10B9B846BF68F5E7B8F11F
:10493000000F08D1C4F808A031462C602846BDE815
:10494000F047FFF799BFD8F80830A360C8F80840CF
:10495000BDE8F08770B5066804460D467EB18B68E9
:1049600098477368C01A002809DB20462A4631465A
:10497000FFF79CFF33683046BDE870401847294672
:104980002046BDE87040FFF777BF000010B5044631
:10499000FFF76CFE30B104F108000349BDE8104098
:1049A000FFF7D8BF10BD00BF902B01004160024A45
:1049B00001460248FFF79FBF842B0100EC3800201E
:1049C000002A00DAFEE71144FFF7F0BF13B50446F2
:1049D0000191FFF7A2FD019A0146204602B0BDE811
:1049E0001040FFF7EDBF00000146024A0248FFF702
:1049F0005DBF00BF842B0100EC38002010B50446D9
:104A0000FFF734FE30B104F10C000349BDE810405B
:104A1000FFF7A0BF10BD00BF842B010038B50025F3
:104A20000446C0E90155C560103001F035FD21464E
:104A300004F1140000F043F884F8B45001F05AFD7A
:104A4000C4F8B800204638BD10B5064C94F8B43010
:104A50002BB92046FFF7E2FF012384F8B430014868
:104A600010BD00BFE0380020FDF77EBE10B5044643
:104A7000113001F0E1FB04F11400BDE8104000F03A
:104A800012B890F8B43010B504465BB1002380F83A
:104A9000B430243000F02EFF04F11000BDE81040C7
:104AA00001F0E6BC10BD0023C0E9023343600B23D4
:104AB00003704FF6FF734380103000F05FBE10B5F7
:104AC0000B2303704FF6FF7343800023C0E90133CB
:104AD0000446C360103000F081FE2046FFF7E3FF7C
:104AE000204610BD38B504460D46103019B100F00F
:104AF000EBFE10B138BD00F0FDFE65600020F9E767
:104B000038B5436804460D462BB1103000F0ACFEBA
:104B10006580002038BD0D20FCE7436813B10170AB
:104B2000002070470D20704708B5436823B110304E
:104B300000F0B0FE002008BD0D20FCE708B543687A
:104B400023B1103000F096FE002008BD0D20FCE7D8
:104B500008B5436823B1103000F092FE002008BD74
:104B60000D20FCE743681BB110F8101B00F0D8BE05
:104B70000D20704710B444682CB122B92346034875
:104B80005DF8044B18475DF8044B7047E03800208F
:104B900038B5436804460D462BB1103001F0CDF80E
:104BA00000B9A56038BD0D20FCE7000038B5856868
:104BB00004461DB10248A8470023A36038BD00BFCA
:104BC000E038002038B51D46436804462BB110304C
:104BD00000F088FF00B9E56038BD0D20FCE700005B
:104BE000436810B504462BB1C3681BB1024898470F
:104BF0000023E36010BD00BFE03800202DE9F04342
:104C00008FB004460D4616460021102202A806AFBA
:104C100099460DF128080CF077F91022002138464A
:104C20000CF072F91022002140460CF06DF9636817
:104C3000DBB10022494602A800F081FD169900224E
:104C4000384600F07CFD17990022404600F077FDC1
:104C500004F11000CDE9007802AB3246294600F09D
:104C6000C7FF00200FB0BDE8F0830D20FAE708B5BC
:104C7000436823B1103001F06DF9002008BD0D200C
:104C8000FCE703685878000200F44050A0F5005398
:104C900058425841704703681878C0F3C000704705
:104CA00003681970090A5970704710B40268547883
:104CB000137843EA04231BB231B143F010035DF8CB
:104CC000044B99B2FFF7ECBF23F01003F7E710B4E1
:104CD00002685478137843EA04231BB231B143F4D9
:104CE00000735DF8044B99B2FFF7DABF23F4007349
:104CF000F7E703685B7813F0010F14BF022003206D
:104D0000704700F44053B3F5005F1ED120F44E53BA
:104D100023F03F0348F2400293421CD00CD8B3F575
:104D2000446F18D005D8B3B1B3F5046018BF0120A3
:104D30007047B3F50040F9E74CF6404293420AD081
:104D400000F44C40B0F54040F0E710F4406F14BF61
:104D500001200020704700207047036858781B78B6
:104D600043EA0020FFF7CDBF10B50446FFF7F5FF7B
:104D700020B12046BDE81040FFF7BBBFFF2010BDAB
:104D800038B50C460546FFF7EFFFFF281BBF2A6822
:104D90001318062059781FBF135C43EA01232380B0
:104DA000002038BD03685A78D20700D5FEE798780E
:104DB000704703685A78D20700D5FEE799707047AC
:104DC00010B50246FFF795FF04461046FFF7C5FFF2
:104DD000002814BF022000202044C0B210BD38B506
:104DE00005460C46FFF7ECFFFF281BD029684B78DF
:104DF000C3F38103022B04D0032B0CD000202072BC
:104E000008E00B185A780B5C43EA02232380012345
:104E10002372002038BD01440122204600F074FCBA
:104E20000223F5E70620F5E700F44053B3F5005FF1
:104E300004D100F44C43B3F54C4F07D010F4404379
:104E400004D080F04000C0F380107047002070470D
:104E500010B5036859781C7844EA012402462046BC
:104E6000FFF7E2FFB0B11046FFF743FF01462046CF
:104E7000FFF747FF08B10231C9B2C4F38124022C05
:104E800003D0032C04D0084610BD0231C9B2FAE7A2
:104E90000831FBE7FF21F6E738B50C460546FFF77A
:104EA000D7FFFF281BBF2A681318062059781FBF99
:104EB000135C43EA01232380002038BD10B503684A
:104EC0005A781C7844EA0224FFF713FF0146204673
:104ED000FFF717FF08B10231C9B2C4F38123022BD7
:104EE00009D0032B0AD02046FFF79EFF08B10231FC
:104EF000C9B2084610BD0231C9B2F4E70831FBE778
:104F000038B505460C46FFF7D9FF29684A780B7873
:104F1000FF2843EA022305D09B0B022B04D0032B6E
:104F20000CD043B1062008E00B185A780B5C43EA1A
:104F30000223238001232372002038BD0144012273
:104F4000204600F0E1FB0223F5E700F018001028EE
:104F500004D0182814BF0020082070470420704790
:104F600000F00700013806280BD8DFE800F004063F
:104F7000080A040608000420704708207047102023
:104F8000704700207047037A012B06D0022B14BF14
:104F900000200320884080B270470220FAE74207D1
:104FA00008B5034608D0FFF7D0FF13F0180F0CBF69
:104FB00005300630C0B208BDFF20FCE72DE9F743FD
:104FC000071D0446B0F80090B0F802800E4638463F
:104FD0000E21FFF7D8FF49EA0805284304F10E0522
:104FE00082B20A212846FFF7CEFFA37D104380B28C
:104FF0005BB1012B04D1E1894FF6FF72914204D0DD
:10500000B9F1020F18BF40F02000A27F002A14BFA0
:1050100008220022B8F5805F40EA020094F82120BF
:1050200005D0B8F5005F0ED0B8F1000F16D1217B86
:1050300031B12BB1218B638B994208BF40F0400006
:10504000D3070FD5FEE7217B002B40F09480637FD0
:10505000002940F08880002B40F09980D10748BF9C
:1050600040F4807012F0020F14BF4FF400784FF03C
:10507000000848EA000831687F22684601F0A0F97C
:105080004146684601F0BFF918F4807F03D1012141
:10509000684601F0E2F94046FFF733FE18B1618B34
:1050A000684601F0B0F92946684601F0B7F9404674
:1050B000FFF7BAFE18B1218B684601F0A4F9394612
:1050C000684601F0ABF9A57FBDF80430B3808DB11F
:1050D000E07F05432946684601F08AF92846FFF734
:1050E0005EFF013881B2684601F0B7F92846FFF744
:1050F00037FF054694F821309A070FD502216846FC
:1051000001F0ABF904221A2100F0F2FA04216846FA
:1051100001F0A3F9337F43F00803337718F4007FDD
:105120000ED02388032B03D094F821305B070FD4D3
:105130000221684601F091F900227F2100F0D8FA9F
:105140002388032B04D194F82010684601F050F90D
:10515000A91C89B2684601F080F9BDF80430B3801B
:1051600003B0BDE8F083002B7FF478AF237F002BE2
:105170007FF474AF0BE009B9637FF8E7022901D12E
:10518000022BF9D0218B638B99427FF467AF40F0FB
:10519000400063E710B580F480720446C2F300213A
:1051A000FFF7AFFD50B98A1CC4F38123022B07D04F
:1051B000032B16D033B1FF22104610BD0A1DF3E7B2
:1051C0000232D2B22046FFF72FFE08B10232D2B22D
:1051D000A40B022C07D0032C08D0002C18BFFF22F0
:1051E000EAE70832EDE70232D2B2E5E70832FBE740
:1051F0008388032B06D9036858781B7843EA00207C
:10520000FFF7C8BFFF2070478388022B10B5044604
:1052100007D9FFF740FD20B12046BDE81040FFF759
:10522000E7BFFF2010BD38B505460C46FFF7ECFF81
:10523000FF281FBF2B681B5C03F00703237014BFFC
:105240000020062038BD38B505460C46FFF7DCFFC8
:10525000FF281FBF2B681B5C03F01803237014BFCB
:105260000020062038BD38B505460C46FFF7CCFFB8
:10527000FF281FBF431C2A68DBB200201ABFD35887
:105280002360062038BD38B505460C46FFF7BCFF45
:10529000FF2800D1FEE72A68431CD9B252FA83F3F3
:1052A0005454220A5A70220C240E9A70DC702B7F00
:1052B00043F001032B7738BD38B505460C46FFF7A0
:1052C000A3FFFF28024609D02B68185CFFF73DFEBC
:1052D0001344034400205B79237038BD0620FCE7AB
:1052E00038B505460C46FFF78FFFFF28024600D170
:1052F000FEE72B68185CFFF728FE134403445C713B
:1053000038BD10B50446FFF77FFFFF2806D023689D
:10531000185CFFF725FE0230C0B210BD0220FCE78A
:1053200038B50546FFF764FFFF28044611D028462C
:10533000FFF7B1FC68B1A9888C420CDA2B68185DC4
:10534000FFF72DFEFF2808D02044C4B2A142B8BF09
:10535000FF24204638BDFF24FBE70446F9E7F8B5F3
:105360000546FFF7DDFF84B2FF2C2BD02E68737843
:1053700037789B071CD52846FFF7C3FFA988A21CD6
:1053800093B210FA82F28A4206EB040C1CDC325D06
:1053900002F07F0213449CB210FA83F3994213DBAC
:1053A000BCF80020C2F3C7127F2A01D09942E6D18F
:1053B00007F00707032F05D12846FFF762FC08B95D
:1053C0000134A4B2E0B2F8BDFF24FBE710B50446F7
:1053D000FFF7C5FFFF2816BF23680020C01810BDC7
:1053E00010B50446FFF7F2FF2368C01AC0B210BD23
:1053F00038B50546FFF7F4FF04462846FFF781FF5E
:105400000444A888001B80B238BD10B50446FFF7DD
:1054100078FFA388181A2368184410BD03685B78C6
:105420009B0701D5FFF77CBFFF20704770B506468C
:105430000D46FFF7F3FF04463046FFF790FFFF2CC1
:10544000024613D0FF2811D0ADB294420ED8336873
:10545000195BC1F3C7118D4203EB040007D01B5D3C
:1054600003F07F0302331C44E4B2EEE7002070BD7A
:1054700008B51A21FFF7DAFF003818BF012008BD70
:1054800008B51A21FFF7D2FF00B1023008BD38B5C8
:105490000D461446FFF7F4FF08B14580048038BD7F
:1054A000F0B5B3B0044600230AA80D46059301F0F9
:1054B000EDF92046FFF7EFFB00284FD00DF1130167
:1054C0002046FFF7B0FE002848D105A92046FFF787
:1054D000CAFE0646002841D106AF9DF81320059963
:1054E0003B46284601F0C4F9A1680AA801F01CF85F
:1054F0002046FFF706FF05462046FFF771FF0390A1
:105500002046FFF775FF023D0D2302460399CDE9C2
:1055100000730AA8EBB201F013F82046FFF760FF12
:10552000216802460AA801F0AFF82046FFF74EFFB7
:1055300003902046FFF75CFF039A0096034611464E
:105540000AA801F0E5F82046FFF75FFF01460AA828
:1055500001F071F9237F43F0100323770AA801F0CB
:10556000AEF933B0F0BD00002DE9F0438FB00C462A
:10557000064691460021222205A898469DF85870BB
:105580000BF0C2FC002320468DF810308DF803305C
:105590008DF80430FFF775FB20B9062528460FB0BB
:1055A000BDE8F08323681B789B06F6D502A9204648
:1055B000FFF715FC05460028F0D19DF81030002BB0
:1055C000EBD0012B05D1BDF808204FF6FF739A42AE
:1055D000E3D00DF122012046FFF792FC054600289A
:1055E000DCD19DF82A30002BD7D02046FFF753FBA3
:1055F00000284ED1236858781B7843EA0020FFF733
:1056000013FC002858D00DF106012046FFF744FC9A
:1056100000284FD1BDF806100BA800F088F8A37938
:10562000B3712022002106F108000BF06DFC2F4B16
:1056300005939DF803308DF8323031469DF80430E3
:105640008DF8333005A8FFF7B9FC30464946FFF71F
:105650002CFB391E18BF0121FFF739FB2046FFF74D
:10566000A1FB01463046FFF7A4FB2046FFF713FBE2
:1056700050B10DF105012046FFF71EFED0B99DF88F
:1056800005103046FFF72CFE77B3B8F1000F1ED19E
:10569000FEE70DF103012046FFF7C5FD50B99DF867
:1056A0000330052B7FF479AF01A92046FFF7CBFD2E
:1056B00000289FD0054671E72046FFF74EFB0028E3
:1056C000ADD00DF106012046FFF75AFBA0E73046AA
:1056D000FFF7A4FE33683A46184441460BF0ECFB52
:1056E000B3881F44B78059E73D4657E702000020C2
:1056F000C90101F4FF410180037802F07F0223F029
:105700007F0313430370704712B1012A05D070471D
:105710000B6803604B684360704701F10803013870
:1057200013F8012D00F8012F8B42F9D170470123A6
:10573000418043717047102200210BF0E5BB30B56A
:105740000B46024601F1100518685968144603C457
:105750000833AB422246F7D130BD102308608B805E
:10576000704700000148FDF75BBE00BFE038002035
:1057700001460148FDF74CBEE038002038B54FF631
:10578000FE73C3800381438A03F0FC0343F4FE43AA
:10579000002543F001030446438245800571C0F8AB
:1057A0000A50C0F80E5080F85D5045612830FFF770
:1057B000C2FF04F13800FFF7BEFF04F14800FFF715
:1057C000BAFF04F16000A56584F85C50FFF70CF99E
:1057D0002046BDE8384000F0F8BB000037B51D4D4D
:1057E000019104462846FDF7B3FE20802846FDF7C8
:1057F00035FE0199A06104F11C0000F0CFFB0021EF
:10580000C4E90811102204F128000BF07DFB1022DE
:10581000002104F138000BF077FB0021102204F185
:1058200048000BF071FB23460B4A43F8602FA36638
:1058300023460A4A43F8842FC4F88C30FF232046BD
:1058400084F8803084F88130FFF798FF204603B059
:1058500030BD00BFE0380020495F00001162000049
:10586000008840F07C0070470148FEF725B800BF73
:10587000E0380020C180014800F030BDF138002040
:1058800002898A4203D00181014800F070BD70474F
:10589000E03800200A68C0F80A204A68C0F80E20E4
:1058A000014800F0BBBC00BFF1380020837C61F3ED
:1058B000000383740388DB0502D5024800F074BD41
:1058C000704700BFE0380020837810B504465BB90C
:1058D0000748FDF7F1FB48B9FFF744FF30B9A3785B
:1058E000012B01D00123A370002010BDFEE700BFF3
:1058F000E038002010B504468430FFF775F804F155
:105900006000FFF771F8FFF72DFF30B90348FDF78E
:105910000FFC10B9A37803B1A07010BDE0380020CF
:1059200010B504460846A37C9B0708D5FFF71AFF6D
:1059300020B9A378022B1CBF0223A37010BDFFF770
:1059400017FFF5E738B50123044603FA01F10020FB
:1059500000F0DCFD4FF4A07303FB00F5A37CDB0734
:105960000AD5A3699879FFF703FF294604F160007F
:10597000BDE83840FFF72AB8FFF7F4FEF5E700006E
:10598000837803F0FB03032B10B504461ED1038874
:10599000DB0605D483699879FFF7EAFE00B1FEE7DC
:1059A000A378A1690A48042B1CBF0423A37000F04C
:1059B000B7FC0D2808D1A1694B6933B10023C1E9B7
:1059C0000433034800F0ACFC00B1FEE710BD00BF9B
:1059D000F1380020837C9B0702D40248FDF7B2BD5A
:1059E0007F207047E03800208378022B1CBF022301
:1059F00083701C3000F0E2BA03889B0710B50446A0
:105A000000D5FEE7FFF7E6FF7F2806D094F91330B4
:105A10007F2B01D0834200DAE074FCF741FE63691A
:105A2000C01A002807DA616E04F160008022BDE828
:105A30001040FEF7C5BF94F913102046BDE8104092
:105A4000FFF7D2BF008880F02000C0F340107047FD
:105A50008269127F0346C2F38000520741BF188853
:105A600000F00C00B0FA80F0400970470378DB07C3
:105A70005FBF044B9869B0FA80F0400948BF00202E
:105A8000704700BFE038002038B5036A04460D4671
:105A90001BB1426A0121284698472046FFF7E6FFDE
:105AA00058B12B681B789B0607D504F160004FF4B2
:105AB0007A51BDE83840FEF789BF38BD008880F0D4
:105AC0000400C0F38000704703889B075FBF044B4E
:105AD0009869B0FA80F0400948BF0020704700BFC5
:105AE000E0380020F8B58378054616469BB3033BA3
:105AF000042B30D9837CC3F340049B0705D57F2159
:105B0000FFF772FF00242046F8BD03889B0708D5E5
:105B10001348FDF727FBAB78052BF4D00523AB70BA
:105B2000F1E7FFF7D1FFC0B10846FFF721FE0446B9
:105B300000B1FEE7AB78052B1CBF0523AB707F23BC
:105B4000EB74FCF7ADFD30446861002105F16000A5
:105B5000FEF73CFFD7E70D24D5E70C24D3E700BFC1
:105B6000E0380020008880F04000C0F380107047CB
:105B700038B5836982785969044609B91969F9B158
:105B8000072A1CBF0722A2702046FFF7EBFF90B147
:105B900016481D69FDF772FEA3695B692B44A3F5E6
:105BA000A473C21A002A06DA191A04F16000BDE8CB
:105BB0003840FEF70BBF2046BDE83840FFF7E0BE97
:105BC000032A1B7EC1781CBF03228270002BF2D0F7
:105BD000FFF73EFF0028EED00331C9B20529204669
:105BE00028BF0521BDE83840FFF7ACBEE0380020F3
:105BF0002DE9FF470829DDE90C8905460F46924645
:105C00001C4603D011F0EF0F13D0FEE780F85C20A4
:105C100000F128060FCB86E80F0098E80F0005F189
:105C2000380686E80F0099E80F0005F1480686E877
:105C30000F002846FFF706FF48B9CDE90190CDF8DF
:105C400000800448234652463946FDF7EFFD04B074
:105C5000BDE8F087E038002038B590F85C3093421A
:105C600004460D4607D11C3000F0AEF9A36D9D42ED
:105C700024BF0135A56538BD036A70B505460C46DD
:105C800016462BB121B11AB9426A314620469847CF
:105C90002846FFF7D7FE40B93CB1E37D9A0704D50B
:105CA000227D21692846FFF7D7FF32462146284644
:105CB00000F0A0FAAB7C9B0707D43246214605F1E1
:105CC0001C00BDE8704000F06BB970BD1FB5044604
:105CD000806903681B781B072DD5037FD9062AD45A
:105CE0000DF10F01FFF7AFFA28BBA069037FDA07B8
:105CF00003D494F85C10FFF7F3FA2046FFF7A2FEF6
:105D0000C8B19DF80F30082B15D1A06904F13803F4
:105D10008360037FDB0709D4A16D0191FFF7B3FA1C
:105D200094F85C2001992046FFF796FFA06904F1E2
:105D30000A01FFF7B5FB04B010BD8378052B70B5E1
:105D400004461CD0837CC3F340069B070DD58169B4
:105D50000B681B7813F0200F14BF0E2300230022C2
:105D60001C3000F025F9002070BDFFF7AFFFE67092
:105D7000267184F85D602046FFF7FAFEF3E70D20F8
:105D8000F2E7000073B505460C46FFF75BFE48BB23
:105D90000B681B781A0725D50B7FDB0722D5124B22
:105DA0000DF1020120469E69FFF74DFA08B1CEB908
:105DB000FEE79DF80230082B14D101A92046FFF719
:105DC00052FA08B176B9FEE70DF103012046FFF75C
:105DD00073FA08B136B9FEE79DF803200199284609
:105DE000FFF73AFF02B070BDE03800202DE9F7431D
:105DF0001E46044660300D469046FEF7F5FD0E2E19
:105E00002AD003D846B30B2E28D0FEE70F2EFCD1A4
:105E100000272B7F5A0705D5AA79394604F11C00C3
:105E200000F0C4F842462946204600F0D1F9294640
:105E30002046FFF7A7FF9FB92046FFF709FE78B17C
:105E4000E3782A7E9A420BD90133E370204603B0EF
:105E5000BDE8F043FFF78CBE0127DAE70127E6E74C
:105E60000023E37023798EB32046FFF727FE074611
:105E700020B16F7E9F4294BF0027012704F11C09C7
:105E8000009732462946484600F091F807B3237937
:105E9000013323712B7F0E2E43F002032B77D5D1D4
:105EA000A37894F85D10062B1CBF0623A370204630
:105EB000FFF748FD94F85D300133DBB2052B28BFB6
:105EC000052384F85D3003B0BDE8F0833746D5E79D
:105ED000A378A87E022B1CBF0223A370AB79834258
:105EE00004D0A37CDB0701D5FFF742FC33464246D2
:105EF0002946484603B0BDE8F04300F059B883781E
:105F0000033B10B50446042B1CD8DFE803F003075D
:105F100017130300BDE81040FFF732BD836998797D
:105F2000FFF726FCA16920460E23BDE810400022A1
:105F3000FFF75CBFBDE81040FFF71ABEBDE8104098
:105F4000FFF75ABD10BD00000148FFF7D8BF00BFE2
:105F50000439002008B512B1836D8B4200D28165EF
:105F6000FFF770FD48B905481AB1BDE8084000F0D8
:105F700007BABDE80840FDF77BBC08BDE03800204B
:105F80008378082B09D190F86E00C30903D000F084
:105F90007F00FFF7EDBBFFF7E5BB704770470000E0
:105FA0000148FEF7E7BD00BFF43800207047704796
:105FB0000148FEF7FBBD00BFF43800200148FEF7A2
:105FC0000FBE00BFF438002070470023C0E91D3326
:105FD000A0F87030A0F86C3080F86E30C367843061
:105FE000FEF702BD2DE9F843DFF87C80B0F86C3095
:105FF0000446A025404616465D430F46FDF73EFC8D
:10600000E36FA0EB03094046FDF7C8FC94F880302D
:10601000144A1844C317A0FB090109FB031100230C
:10602000FAF75EF894F88130814603EB830340462B
:106030005C00FDF7B5FC03B203EB830304EB430400
:1060400004EB09006D0800F5007300F5AC50AB429D
:1060500094BF3B603D60A84294BF30603560BDE8AE
:10606000F88300BF40420F00E038002038B5B0F898
:106070006C300546A02408485C43FDF78FFC95F87A
:106080008030064A1844C317A0FB040104FB031127
:106090000023FAF725F838BDE038002040420F0011
:1060A0002DE9F041B0F86C300D46816FA0265E43BB
:1060B000491B04468F199046FFF7D8FF391A04F19F
:1060C0008400FEF773FCA36F676F0D48B9191E4477
:1060D0006167A667FDF756FCA37813F0FD0F0DD09E
:1060E00094F86E100648A5F5A07505EB08037A1B19
:1060F00001F07F01BDE8F041FDF7D8B8BDE8F081BF
:10610000E0380020F8B590F86E30866FDD0904465F
:1061100000F184070FD06FF3C71380F86E30761A42
:10612000FFF7A4FF311A3846FEF740FC2046BDE8D1
:10613000F840FFF725BFB0F86C3091193846A0251C
:106140005D43FEF733FC94F86E3043F0800384F82F
:106150006E30FEF7E2F9616FA36F044829441D44D5
:106160006167A567FDF70EFCE0E700BFE03800209F
:1061700013B5044601AA6946FFF734FF23881B06BE
:10618000DDE90012204603D5FFF78AFF02B010BDFB
:10619000FFF7B8FFFAE738B503881B06044615D5A4
:1061A000D4F88C308430984210D0B4F86C30A025EC
:1061B0005D43FEF719FC636F5B1B6367A36F5D1B99
:1061C000A5672046BDE83840FFF7D2BF38BD0000C4
:1061D00010B50446084632B1FFF74AF918B1044831
:1061E000FDF74CFBE0672046BDE81040FFF7D3BF4A
:1061F000E038002051B14AB9B0F86C3023B1CB7D02
:106200009B0744BF8B68C367FFF7C5BF704700009B
:106210000148FFF7ADBF00BF0439002007B50122D8
:106220006846FFF771FA03486946FDF765FB03B05E
:106230005DF804FBE038002030B58BB0002110225F
:10624000054606A80AF060FE234800F09DF80146C6
:1062500000B1FEE72048FDF77DF91F48FDF770FA11
:106260001D48FDF791FA1C48FCF75AFF48B11A483F
:10627000FDF7D6F800B1FEE71748FCF759FF00B16B
:10628000FEE715484FF6FF71FDF716FB002404A941
:106290002846CDE90444FFF7C1FF4FF6FE710E48D2
:1062A000FDF750FB06A8FFF746FA06ABCDE9003331
:1062B0002246214608480294FDF7B8FA21460648CE
:1062C000FDF7D6FA21460448FDF78CFA0248012171
:1062D00000F06AF80BB030BDE03800200148FDF74F
:1062E00031BB00BFE038002007B501226846FFF748
:1062F0000BFA69460248FDF7B7F903B05DF804FBF5
:10630000E038002007B501226846FFF7FDF969462D
:106310000248FDF7E5F903B05DF804FBE038002022
:106320000148FDF7B5B800BFE038002090F8B43060
:1063300013B1123000F018BB704790F8B43013B1AD
:10634000123000F017BB704710B490F8B44024B17D
:106350005DF8044B123000F013BB5DF8044B70473E
:1063600090F8B43013B1123000F010BB7047704792
:106370000048704700F8FF0708B5FFF7F9FF08BDB0
:1063800008B5FDF775FA08BD00234FF6FE721946F1
:10639000FDF7FEBA0C2070470C2070470C207047A8
:1063A0000C2070470C2070477047081A40B2002834
:1063B00004DB7F2908BF0020C0B270470020FBE744
:1063C000002301608380C2807047838870B50446D3
:1063D000C0889E188642154608D8206818440AF0DE
:1063E0006BFDA2881544A580002070BD0320FCE74A
:1063F00007B501228DF807100DF10701FFF7E5FF42
:1064000003B05DF804FB07B50222ADF806100DF1EC
:106410000601FFF7DAFF03B05DF804FB0A7A012AF0
:1064200010B5044603D0022A06D0002010BDBDE8F6
:1064300010400988FFF7E7BF8388E28803F108006E
:10644000904208D8206801221844FFF75DF9A3881C
:106450000833A380E9E70320E8E78288C388114472
:1064600099429DBF036881809B180023184670479E
:10647000034A138803B9FEE7013B1380704700BF4E
:10648000A039002031B16FF00043994208BF0121CB
:10649000016070470121FBE737B50D4C23884FF6AB
:1064A000FF729342054600D1FEE753B904210DEB7C
:1064B0000100FEF7B7F800B1FEE701990548FFF7C4
:1064C000E1FF238828460133238003B030BD00BF9D
:1064D000A0390020A4390020026848F24E33A2FB04
:1064E000032313EB520244BF22F000420132026048
:1064F00010467047034B1B8803B9FEE70248FFF7BD
:10650000EBBF00BFA0390020A4390020814210B5A4
:10651000044600D8FEE7FFF7EDFF091BB0FBF1F3DF
:1065200003FB1100204410BD1FB50446084601A915
:10653000FFF713F901A9204600F0B5F904B010BD2A
:106540002DE9F84F13F00109DDF828A004460E46A6
:1065500090461F4602D1043B0C2B00D9FEE71346A0
:106560004A46D0B201320BB11B0AFAE79DF82C5013
:10657000022838BF02200D2D28BF0D25C5F10F03BD
:106580009842B8BFD8B2C0F10F039D42C8BFDDB278
:106590000138BB1E002E5FFA80FB4FEA630314BF75
:1065A000402200224BEAC303134384F858302A46A2
:1065B000514604F159000AF07FFC04F1670142469C
:1065C0000F239D4205D2013B01F80129DBB2120ADB
:1065D000F7E704F158021146204600F06AF98EB13F
:1065E000B6F57F4F94F8582094F85930C6F3072039
:1065F000F1B229D242404B4084F8582084F85930F7
:106600004FF002092A46514684F868B004F1690047
:106610000AF052FC05F16900C5F10F020021204487
:106620000AF072FC0023C4E92338C4F89430102324
:1066300084F89C50C4F88860A4F89890A4F89A3024
:1066400084F89D70BDE8F88F83F0FE0384F859301C
:1066500094F85A3083EA166384F85A3094F85B3021
:10666000D24383EA164384F8582084F85B3094F8C8
:106670005C2094F85D3042404B4084F85C2084F804
:106680005D304FF00609BDE72DE9F843D0F88C30B6
:1066900015461344D0F888209342044620D80E466D
:1066A0004F1900F158094FF00008B74219D0B4F85B
:1066B0009830102B06D14A464946204600F0F9F89A
:1066C000A4F89880B4F898305A1C2344A4F8982071
:1066D00016F8010B93F85820504083F85800E4E76F
:1066E000FEE7D4F88C20D4F8883015449D42C4F8D5
:1066F0008C500BD1B4F898302BB104F158021146EC
:10670000204600F0D6F80023A4F89830BDE8F883BE
:106710002DE9F74F98469DF830300193D0F894302A
:106720001746D0F890204344934204460E4600D9C1
:10673000FEE76FF0670A0025AAEB000A00F1780B6C
:10674000454556D0B4F89A30102B17D194F89C10C8
:1067500004F177020AEB0203994206DA1378013357
:10676000DBB202F80139002BF4D05A4604F168017B
:10677000204600F09EF80023A4F89A30019B43BB0A
:1067800016F8059057B1B4F89A20511C2244A4F889
:106790009A1092F8782089EA02027A55B4F8982083
:1067A000102A08D104F158021146204600F081F861
:1067B0000022A4F89820B4F89820511C2244A4F890
:1067C000981092F8581089EA010382F85830013580
:1067D000B6E7B4F89A20795D531C2244A4F89A30A5
:1067E00092F8783081EA0309002ED7D006F8059098
:1067F000D4E7D4F894301D44D4F89030C4F89450C1
:106800009D4215D3B4F898302BB104F158021146CB
:10681000204600F04EF894F89C2002F16900002117
:10682000C2F10F02204403B0BDE8F04F0AF06CBB88
:1068300003B0BDE8F08F38B5D0E924329A4204465F
:106840000D4600D0FEE700F1680100F1780200F08B
:1068500030F804F15801002394F89D209A4206DD97
:1068600011F8012BC87F4240EA540133F4E738BDE8
:1068700010B504681C6044685C60080E1872080C4F
:106880005872080A9872D9721A7310BD00F1080381
:1068900010B5036050238380044600F018F800B15F
:1068A000FEE7204610BD08B500F01FF800B1FEE776
:1068B00008BD08B500F032F800B1FEE708BD10B51C
:1068C000044600F03EF800B1FEE7204610BD08B5D2
:1068D00038B183884F2B06D9006800F05DF800209E
:1068E00008BD0720FCE70120FAE713B50446684617
:1068F00000F035F874B1A3884F2B0DD9BDF80420F2
:1069000000992068D20000F085F8003818BF0120F7
:1069100002B010BD0720FBE70120F9E708B51346D8
:1069200058B182884F2A0AD90A460068012100F02E
:106930008FF8003818BF012008BD0720FCE70120B0
:10694000FAE708B538B183884F2B06D9006800F004
:106950004BF8002008BD0720FCE70120FAE70A6891
:1069600002608A88828070470148FFF785B900BFBE
:10697000043900200148FFF787B800BF0439002020
:106980000148FFF733BA00BF043900200148FFF780
:106990002BB800BF0439002010B50E4B1C68621CD8
:1069A00084B01A600CB104B010BD684605F0A2FCBA
:1069B0000423694620468DF8003005F0ADFC064BF7
:1069C00018600028EFD1054B054A064846210AF019
:1069D0002FFA00BFAC390020A83900209C2B010001
:1069E000042C0100B02B0100084B70B51C68013C61
:1069F00005461C6014B100232B6070BD044E306846
:106A000008F092F800232B60346070BDAC39002090
:106A1000A839002010B500F1100382B0D208044656
:106A2000184601920AF048FA019A0146204605F0FC
:106A30007BFC08B902B010BD024B034A03486B212E
:106A40000AF0F6F9F02B0100182C0100B02B010020
:106A5000F0B585B01C461546064600F09DFA07467F
:106A6000684605F053FC0C4B0096186801951023FE
:106A70006946CDE9024308F05FF830B9044638466C
:106A800000F0C6FA204605B0F0BD044B044A0548A4
:106A90009E210AF0CDF900BFA8390020F02B01009B
:106AA000302C0100B02B010040F20000C0F20000C9
:106AB0000068854600F004B8FEE7FEE7FEE7FEE763
:106AC000204A136843F4700373B5136009F0FEF9AC
:106AD0004FF0200383F31188BFF36F8FBFF34F8F05
:106AE0000193194B01AA4FF0A53193421AD3174BCA
:106AF000174A0021934218D3164A174B9A4202D0E4
:106B000016498B4214D3164D164C641BA410002654
:106B1000A64212D1144B154A1A6002B0BDE870406B
:106B2000F9F700BD43F8041BDFE743F8041BE1E776
:106B300052F8040B43F8040BE3E755F8043B98477D
:106B40000136E5E788ED00E090D20020281B002008
:106B500090D20020AC3A010030180020281B002001
:106B6000282101002821010008ED00E000000000BC
:106B700070470000014B986C00F088BCC0390020C1
:106B8000024A034607CA83E807007047B03900206D
:106B9000F0B5194F3D7889B065BB184C204600F020
:106BA000BDFA012604A8A560C4E92665C4F894606E
:106BB000A4F8A05084F8A25000F053FB4FF0FF332C
:106BC0000F49069304AA04F10C0000F053FBA064E3
:106BD00001A800F0F1FC0A230A49039301AA04F179
:106BE000500000F065FDC4F8900000F0EDFC3E7030
:106BF000C4F89C0009B0F0BDBC390020C0390020A9
:106C0000E16C0000756B000038B500F0C5F9064B6B
:106C100005460021D3F8900000F0A0FD0446284668
:106C200000F0F6F9204638BDC039002070B500F0FC
:106C3000B3F90A4E05460021D6F8900000F08EFD0B
:106C4000D6F898301C1AD6F89C302846A34238BF94
:106C5000002400F0DDF9204670BD00BFC0390020DF
:106C600070B5064D04460E460146D5F8900000F07A
:106C7000D7FCC5F89440C5F8986070BDC0390020B5
:106C80002DE9F84307461548DFF850900D4600F00F
:106C90005AFA4FF0FF3604464C4502D13046BDE863
:106CA000F883204600F051FA237D804683B147B136
:106CB000E368AB4205D1236963B92375D4E9063093
:106CC0009847237D23B1E3685B1B9E4228BF1E4685
:106CD0004446E1E72B44E360F0E700BFC039002001
:106CE0002DE9F84300F058F9DFF89C808146012136
:106CF000D8F8900000F032FD0123D8F80820D8F829
:106D00009850A8F8A030D8F80830AA1AC31A9A42A6
:106D100047464FF0000406D988F8A0404846BDE831
:106D2000F84300F075B9461B484600F071F9254458
:106D300029460120FFF7A4FFB146361B8642A04634
:106D40000446F4D200F028F997F8A130064623B1A2
:106D500029460020FFF794FF0446631CD7F89C00E7
:106D60000BD12918FFF77CFF012387F8A2300023FD
:106D700087F8A030BD603046D1E7A8EB090844444D
:106D8000A04228BF2046ECE7C039002038B50546B0
:106D900000F002F90446284600F0E8F92046BDE874
:106DA000384000F035B90000F8B51B4D044600F03E
:106DB000F3F895F8A23006462F46FBB195F8A030BF
:106DC000E3B90121D5F8900000F0C8FCD5F898206F
:106DD0000346A868A968181A511A88420ED8A068F4
:106DE000C118D31A01259842E160257501D2FFF739
:106DF00037FF3046BDE8F84000F00AB9FFF704FF5E
:106E0000A36897F8A02018440123E0602375002AA6
:106E1000EFD087F8A130ECE7C0390020F8B50E4676
:106E200017461D460446B0B1FFF7B2FE0B4B0C48A7
:106E3000002D08BF1D4621466B682361AB68E361E6
:106E400000232375A760A66100F081F92B7813B1A8
:106E50002046FFF7A9FF2046F8BD00BFB03900204B
:106E6000C039002000230375704781607047037D9F
:106E700010B523B1C468FFF7C7FE201A10BD8068A3
:106E8000FCE7007D70470000024A0023C0E90032A1
:106E9000704700BF006CDC020A20704738B5FFF76E
:106EA00077FE00F079F8064B05460021D3F89000F4
:106EB00000F054FC0446284600F0AAF8204638BDED
:106EC000C039002008B54FF0E023094AD3F8043D4B
:106ED000DBB252F8233053B1D3E901209047054B80
:106EE0004FF080521A60BFF34F8FBFF36F8F08BD12
:106EF000683A002004ED00E0F0B50E4685B01C466F
:106F0000054618B90025284605B0F0BD53B90193D0
:106F10004FF0FF33029301238DF80C3001ACC023F6
:106F2000636002E01B79FF2BF9D0104B1B68B34262
:106F300002D06368E02BE5D00D4B0E4F43F826508E
:106F400023680D496A60AB6030462E6008F0CCFDC6
:106F50003B6821799B6830469847237A002BD2D032
:106F60003B6830461B699847CDE700BF1C190020DD
:106F7000683A0020B0010010C56E000010B5054B46
:106F80001B6804465B69006898472068BDE81040AC
:106F900008F0C6BDB0010010074B10B51C6814F016
:106FA000FF0403D102F04EFC204610BD2023EFF376
:106FB000118483F31188F7E704ED00E0014B1B68AF
:106FC0001B691847B001001008B508F067FDB0FA5A
:106FD00080F0400908BD0000034B1868C0B20038BB
:106FE00018BF0120704700BF04ED00E030B14FF042
:106FF000FF330022C0E900230123037270470F28EA
:10700000C2BF4FF0E0231038C3F8000F70470000F4
:10701000044B1B6813F0FF0F01D102F035BC80F365
:107020001188704704ED00E070B504460E46154621
:10703000FFF7B2FFC4E90165BDE87040FFF7E8BFA4
:10704000024B1B68C9B29B68184700BFB001001013
:1070500038B508F01BFD01F045FF18B9BDE8384010
:1070600008F018BD07F0F4FF05F004FE430705D54E
:10707000AFF3008030BFAFF30080EFE7FFF7D6FD3E
:107080001E4B19680A224FF47A7302FB00F54B433A
:1070900001219D420446084624BF1D46B3FBF2F47D
:1070A00005F0EEFDA842D9D2154D16482B6823F005
:1070B0000103A4F118012B60FFF7D7FE1148FFF779
:1070C00073FEFFF7EBFE0446AFF30080012005F0EE
:1070D000AFFFAFF300800B48FFF7C4FEFFF7DEFE03
:1070E0000A23001B58434FF47A73B0FBF3F001F00E
:1070F000C9FB2B6843F005032B60AFE7403B002042
:1071000010E000E05819002001F0A8BB01F0ACBC71
:10711000014B186005F0C2BD403B0020406000609C
:1071200070470368C31A58425841704738B504463F
:10713000FFF732FF25682B6823602B685C60FFF740
:1071400067FF284638BD006870470068704738B54B
:107150000D460446FFF720FF2C6063686B60636890
:107160001D606560BDE83840FFF752BF43680268A4
:107170001A60036842685A607047000037B50322FE
:107180000092002203460D460120114600F030FD1A
:10719000044648B125B100231A46194600F096FD71
:1071A0000349204600F045FC204603B030BD00BF37
:1071B000462C010038B5032205460021012000F0CD
:1071C00054FD044648B125B100231A46194600F083
:1071D0007DFD0349204600F02CFC204638BD00BF51
:1071E000462C010010B5044600F024FC2046BDE802
:1071F000104001F0BBB800F01DBC38B505460C4688
:10720000FFF7EAFE48B100221146284601F050F887
:10721000013818BF4FF0FF3038BDFFF73DFEB0F525
:107220007A7F07D0A4FB00014FF47A720023F8F7AD
:1072300057FF04462146284600F080FFE8E713B5D3
:107240000446FFF7C9FE034630B902460146204610
:1072500000F03CFD02B010BD01A9204600F06BFE1D
:10726000F8E700234FF0FF32C0E90033C0E9022302
:10727000704700002DE9FF47884615460446002860
:1072800051D0DFF8DC90FFF787FE99F80030064612
:1072900003F0FF0723BB2648FFF740FF2548FFF711
:1072A0003DFF2548FFF73AFF2448FFF737FF244BFF
:1072B0001F60244B1F60244B4FF0010AC3F800A04D
:1072C000224B01A81F70FFF791FE2149214A09684E
:1072D0002148E023029301ABFFF70EFE89F800A0DE
:1072E0003046FFF795FE1D4B002D08BF1D46AF68C9
:1072F0007B1C03D0032F02D9002414E0032720466F
:10730000FFF70CFF95E80F0004F10C0686E80F006C
:10731000A369236200236362054B676103EBC70720
:10732000C4F81C80A760204604B0BDE8F08700BF09
:107330006C3B0020743B00207C3B0020843B002001
:107340008C3B0020443B0020683B0020903B002009
:107350001C19002069740000483B0020542C0100D7
:10736000643B002038B50446FFF716FE054620466C
:10737000FFF7FCFEA068FFF7D4FE38B1064960694C
:107380000B680122824023EA02030B602846BDE815
:107390003840FFF73DBE00BF8C3B002010B5FFF723
:1073A000FBFD044B1C6800221A60FFF731FE2046EB
:1073B00010BD00BF683B00202DE9F047DFF8A0A01A
:1073C000DFF8A0900546D046DAF800301BB1D9F8B6
:1073D0000030012B04D01F4B00221A70BDE8F0874B
:1073E000DAF800200326082312EA030105D1013E42
:1073F000701C4FEA6303F7D10E46174F07EBC60721
:107400003846FFF793FE04463846FFF78AFE40B140
:10741000D8F80030012202FA06F623EA0606C8F878
:107420000060022363620D4B226A1A60A369236223
:107430002846FFF7EDFDE369D4E903019847FFF71C
:10744000ABFD636A022B08BF0023054608BF6362D9
:10745000BAE700BF903B00206C3B0020443B00207B
:107460008C3B0020683B002010B5FFF795FD0446DB
:10747000FFF7A2FF2046BDE81040FFF7C9BD00009E
:10748000014B1868704700BF443B002070B50446AC
:10749000FFF782FD636A012B06460ED00F4B606931
:1074A00001256562214603EBC000FFF750FE0C4B3F
:1074B00061691A688D4015431D600A4C237843B9F1
:1074C000094B1D68012D04D1084B1868FFF797FD83
:1074D00025703046BDE87040FFF79ABD6C3B002038
:1074E0008C3B0020903B0020683B00201C190020B2
:1074F00038B504460D46FFF74FFD236A2B43236240
:10750000FFF786FD2046BDE83840FFF7BFBF00000B
:1075100070B50446FFF740FD0A4B1C600A4B1B6820
:1075200005464BB1012C07D1084E337823B9084BDF
:107530001868FFF764FD34702846BDE87040FFF717
:1075400067BD00BF683B00208C3B0020903B0020C3
:107550001C19002070B5124C124B22681D6842B1F4
:10756000114B1B682BB1114B4FF480711960012036
:107570009047636843B10E4A12682AB10B4A4FF430
:1075800080311160022098470A4B1B683BB1074BC2
:1075900001221A60D5E90203BDE87040184770BDAA
:1075A000943B00209C3B0020A00024430420094081
:1075B000C000244380002443024A034607CA83E8EC
:1075C000070070472019002008B547F69061D0E900
:1075D00004230020F8F784FD0B460021024699425F
:1075E0004FF0FF3008BF904238BF0246104608BD3A
:1075F000094B1B68CA1AB2F1004F03F1040303D907
:107600001946064B196070475A1A002AF9DB99424D
:1076100038BF1946F5E700BF30200940182009405F
:1076200070B5D0E90425A2FB012301FB0533D0E9A5
:107630000616551843EB0606290C002241EA0641BE
:10764000FFF7D6FFC0E9085670BD000038B5054603
:10765000FFF7A2FC6B680D4AB3F5802F12682CBFB0
:107660001B0C042313440A4A012515605361094B7E
:107670001B6804461B68002023219847064B2046C0
:107680001D60BDE83840FFF7C3BC00BF3020094093
:10769000042009408401001080022443034B186831
:1076A00018B103780BB9FFF7D1BF70479C3B00209E
:1076B0002DE9FF410E4615460446002837D0DFF875
:1076C0008C80FFF769FC98F8003007467BB901A869
:1076D000FFF78CFC80230293174A184801AB142152
:1076E000FFF70AFC164B1C60012388F8003038466F
:1076F000FFF78EFC134B144A002D08BF1D462B7854
:1077000023706B68A968C4E902360026002330465E
:10771000F8F7E6FC00220023C4E90406C4E90623C6
:10772000C4E90806C4E90A066060FFF7B7FF20460F
:1077300004B0BDE8F08100BF55750000A03B0020FB
:107740009C3B00202019002040420F00BC3B002041
:10775000014B1B681B6B18478C010010F8B50546E0
:107760000F46FFF7F5FFD5E9044622463346F8F702
:10777000B7FC3FB16143A4FB002306FB00110B449F
:10778000C5E90623F8BD10B5044628B909F06EFB1B
:1077900016230360204610BD01F074FE0446002845
:1077A000F8D109F063FB0C23F3E70846FFF7EBBFC2
:1077B000084601F02BBF00207047000038B5074B8A
:1077C0001C6805460CB9204638BD206A2946F8F7E2
:1077D00003FE0028F7D02468F4E700BFC43B002074
:1077E0000EB42DE9F343624FDDF824903B688046E8
:1077F000002B40F0AA8001F097FB0228044601D13B
:1078000001F02CF83B68002B40F09B80012000F039
:107810000FFB022C0546386001D101F025F9002D3F
:1078200040F0938009F022FB0C2303604FF0FF35FA
:107830006CE02E4694E03DB17368002B40F39480D9
:10784000B368002B40F3908001F06EFB022804D156
:1078500038684FF0FF3100F071FC4046FFF7AEFF93
:107860000446002867D009F42063B3F5206F0ED1D9
:1078700009F0FCFA1123036001F056FB0228D5D170
:10788000002338681A46194600F020FACEE708208F
:1078900001F0F8FD054618B909F0E8FA0C23EAE70B
:1078A000002C39D1242001F0EDFD044600283ED003
:1078B0000123C361B3684361736803614046F8F70D
:1078C00095FD013001F0DEFD206248B3414609F02C
:1078D000AFFED6E90101002200F0C7F9A060F8B1BF
:1078E00000236360234B1A6802B1546022601C605D
:1078F00001F01AFB022805D1002338681A46194600
:1079000000F0E4F909F480432C606B60284602B073
:10791000BDE8F04303B07047E3690133E361E7E793
:10792000206A08B101F072FE204601F06FFE284681
:1079300001F06CFEB0E7002DA9D109F097FA0223FF
:1079400099E7022C01D101F08FF80AAB19F4007508
:1079500001933FF46EAF0B9E074B002E08BF1E46EF
:10796000B8F1000F7FF467AF09F080FA16235CE7E7
:10797000C03B0020C43B00202C19002073B50568D3
:107980006C69944208D909F071FA7A2303604FF0C8
:10799000FF34204602B070BD01914668FFF71CFB22
:1079A000019948B1A868002200F082FC0128F0D0BB
:1079B00009F05CFA0B23E9E716F4804FA8680CBFC6
:1079C0004FF0FF32002200F019FBEFE737B50468F3
:1079D000636993420BD2FFF7FFFA18B14FF0FF3003
:1079E00003B030BD09F042FA7A230360F6E7019153
:1079F0004568FFF7F1FA0199034670B10023A068CA
:107A00001A4600F027FA012811D0FFF7E5FA0028FE
:107A1000E4D109F02BFA0B23E7E715F4804FA068B7
:107A20000CBF4FF0FF32002200F050F9EBE70020CE
:107A3000D6E77047704710B5044601F003FFA46B0A
:107A400001F022FFB4FA84F0400910BDF8B51546E4
:107A5000026C866B044652B9076847BB806801F028
:107A6000C5FAA76005460136A6632846F8BD65B984
:107A7000406809F021FA6368226C1344A2686360CD
:107A80009342F0D323686360EDE7C06809F014FA0D
:107A9000226CE36851429B1A2268E36093423EBF26
:107AA000A3685B18E360022D01D116B1013E0025E9
:107AB000D9E73546D7E7034610B41A6C08466AB1D1
:107AC000DC68996814448C4228BF1968DC6028BFC0
:107AD000D960D9685DF8044B09F0EEB95DF8044B44
:107AE000704770B5044601F0ADFE94F8455004F1BE
:107AF00024066DB2002D14DCFF2384F8453001F01C
:107B0000C3FE01F09FFE94F8445004F110066DB2DC
:107B1000002D12DCFF2384F84430BDE8704001F0F2
:107B2000B3BE636A002BE7D0304601F021F908B1FB
:107B300001F0D2F9013D6DB2DCE72369002BE9D0F9
:107B4000304601F015F908B101F0C6F9013D6DB2FA
:107B5000DEE7000070B50E46044640B94FF0200342
:107B600083F31188BFF36F8FBFF34F8FFEE7C56BB1
:107B700095B3036CA3FB053575BB01F063FED4E937
:107B80000F312268A5634B43D0185B1A1344E3609E
:107B9000FF2384F84430A060626084F8453096B9D1
:107BA000236963B104F1100001F0E2F838B10F4B22
:107BB0004FF080521A60BFF34F8FBFF36F8F01F009
:107BC00063FE012070BD04F1100001F093FF04F189
:107BD000240001F08FFFF2E74FF0200383F31188B8
:107BE000BFF36F8FBFF34F8FFEE700BF04ED00E0E0
:107BF00013B51C4643B94FF0200383F31188BFF33C
:107C00006F8FBFF34F8FFEE708B14AB151B94FF004
:107C1000200383F31188BFF36F8FBFF34F8FFEE70D
:107C20000029F4D150230193019B502B08D04FF031
:107C3000200383F31188BFF36F8FBFF34F8FFEE7ED
:107C4000002908BF2246019B22600123C4E90F01DD
:107C500084F8463019462046FFF77CFF9DF8103027
:107C600084F84C30204602B010BD2DE9F0410D469D
:107C70001746064600B3A0FB0138B8F1000F1BD130
:107C8000484310F1510F17D8503001F0FBFB044668
:107C900068B180F846806DB100F15003C4E90F650A
:107CA000236001212046FFF755FF84F84C702046E1
:107CB000BDE8F0810346F1E74FF0200383F311881C
:107CC000BFF36F8FBFF34F8FFEE700002DE9FF4733
:107CD000884601921F46044640B94FF0200383F3C3
:107CE0001188BFF36F8FBFF34F8FFEE751B9036C5D
:107CF00043B14FF0200383F31188BFF36F8FBFF3BD
:107D00004F8FFEE7022F0BD1E36B012B08D04FF012
:107D1000200383F31188BFF36F8FBFF34F8FFEE70C
:107D200001F002F9064650B9019B4BB14FF0200318
:107D300083F31188BFF36F8FBFF34F8FFEE70026E9
:107D4000DFF8E8A04FF0000937E0019D1DB901F010
:107D50009BFD002050E016B902A801F075F801F073
:107D600093FD00F07BFD01F06DFD94F84430FF2B96
:107D700008BF84F8449094F84530FF2B08BF84F87E
:107D8000459001F081FD01A902A801F069F80028E1
:107D900046D101F057FDA26BE36B9A422FD101F05F
:107DA00073FD019904F1100000F09CFF2046FFF7DD
:107DB00098FE00F059FE50B3012601F043FDA26B7E
:107DC000E36B9A4201D3022FBFD13A464146204687
:107DD000FFF73CFE636A1BB104F1240000F0C8FF0A
:107DE00038B1124B4FF080521A60BFF34F8FBFF380
:107DF0006F8F01F049FD012004B0BDE8F08701F06C
:107E000043FD2046FFF76DFE00F02EFED4E74FF055
:107E10008053CAF80030BFF34F8FBFF36F8FCBE7AB
:107E20002046FFF75EFE00F01FFE92E704ED00E043
:107E300010B5024600210120FFF717FF044638B1B4
:107E4000002383600360C3601A461946FFF73EFFB4
:107E5000204610BD2DE9F843894690461F4604464A
:107E600040B94FF0200383F31188BFF36F8FBFF346
:107E70004F8FFEE751B9036C43B14FF0200383F3FA
:107E80001188BFF36F8FBFF34F8FFEE7022F0BD127
:107E9000E36B012B08D04FF0200383F31188BFF36D
:107EA0006F8FBFF34F8FFEE701F0F6FDEFF3118602
:107EB0004FF0200383F31188BFF36F8FBFF34F8F11
:107EC000A26BE36B9A4201D3022F32D194F8455052
:107ED000A36B6DB23A4649462046FFF7B7FD6B1CCF
:107EE00013D1636A0BB901200BE004F1240000F008
:107EF0003FFF0028F7D0B8F1000FF4D00120C8F8F8
:107F0000000086F31188BDE8F88300F0B5FC8542D7
:107F1000E9D27F2D08D14FF0200383F31188BFF3FE
:107F20006F8FBFF34F8FFEE701356DB284F8455078
:107F3000D9E70020E5E7F8B50E46044640B94FF012
:107F4000200383F31188BFF36F8FBFF34F8FFEE7DA
:107F5000036C43B14FF0200383F31188BFF36F8F9D
:107F6000BFF34F8FFEE7036853B9836843B14FF007
:107F7000200383F31188BFF36F8FBFF34F8FFEE7AA
:107F800001F08AFDEFF311874FF0200383F311888E
:107F9000BFF36F8FBFF34F8FA36BE26B9A422BD966
:107FA00094F845200133FF2A55B2A36310D1636AC8
:107FB0000BB9012009E004F1240000F0D9FE0028EB
:107FC000F7D0002EF5D00120306087F31188F8BD7E
:107FD00000F052FC8542ECD27F2D08D14FF02003F7
:107FE00083F31188BFF36F8FBFF34F8FFEE7013527
:107FF0006DB284F84550DCE70020E6E72DE9F04358
:1080000085B00F460192044640B94FF0200383F338
:108010001188BFF36F8FBFF34F8FFEE751B9036C29
:1080200043B14FF0200383F31188BFF36F8FBFF389
:108030004F8FFEE700F078FF064650B9019B4BB129
:108040004FF0200383F31188BFF36F8FBFF34F8F7F
:10805000FEE70026DFF8E0904FF000083BE0019DCE
:108060001DB901F011FC002052E016B902A800F081
:10807000EBFE01F009FC00F0F1FB01F0E3FB94F8EA
:108080004430FF2B08BF84F8448094F84530FF2B20
:1080900008BF84F8458001F0F7FB01A902A800F0B1
:1080A000DFFE00283DD12046FFF7C5FC98B30199BB
:1080B00004F1240000F016FE2046FFF712FD00F048
:1080C000D3FC38B94FF08053C9F80030BFF34F8F5D
:1080D000BFF36F8F012601F0B5FBA56B002DBED05D
:1080E00039462046013DFFF7E6FCA563236963B1ED
:1080F00004F1100000F03CFE38B10F4B4FF08052FD
:108100001A60BFF34F8FBFF36F8F01F0BDFB0120EB
:1081100005B0BDE8F0832046FFF7E3FC00F0A4FCC7
:10812000D8E72046FFF7DDFC00F09EFC2046FFF775
:1081300082FC0028CED096E704ED00E02DE9F04364
:1081400085B00446019140B94FF0200383F31188B4
:10815000BFF36F8FBFF34F8FFEE7056C45B14FF054
:10816000200383F31188BFF36F8FBFF34F8FFEE7B8
:1081700000F0DAFE064650B9019B73B14FF02003C0
:1081800083F31188BFF36F8FBFF34F8FFEE72E4647
:10819000DFF818914FF0000848E00546F8E7019F26
:1081A0001FB901F071FB00255EE016B902A800F0CE
:1081B0004BFE01F069FB00F051FB01F043FB94F82A
:1081C0004430FF2B08BF84F8448094F84530FF2BDF
:1081D00008BF84F8458001F057FB01A902A800F010
:1081E0003FFE00284AD12046FFF725FC00283FD05B
:1081F00023683BB901F026FBA06800F0A5FE054608
:1082000001F042FB019904F1240000F06BFD2046CF
:10821000FFF767FC00F028FC38B94FF08053C9F82D
:108220000030BFF34F8FBFF36F8F012601F00AFBC1
:10823000A36B002BB3D0013BA363236813B900F0F9
:1082400085FFA060236963B104F1100000F090FD88
:1082500038B1164B4FF080521A60BFF34F8FBFF307
:108260006F8F01F011FB0125284605B0BDE8F083B2
:108270002046FFF736FC00F0F7FBD6E72046FFF775
:1082800030FC00F0F1FB2046FFF7D5FB0028CCD0F6
:10829000002DE9D001F0D6FA616A19B1236B196893
:1082A000C1F10A01A06800F0F5FE7AE704ED00E0F4
:1082B0002DE9F84389469046054640B94FF0200322
:1082C00083F31188BFF36F8FBFF34F8FFEE751B970
:1082D000036C43B14FF0200383F31188BFF36F8F1A
:1082E000BFF34F8FFEE701F0D7FBEFF311874FF09D
:1082F000200383F31188BFF36F8FBFF34F8FAC6BF5
:1083000094B395F84460494676B22846FFF7D3FB0C
:10831000013C731CAC6313D12B690BB901200BE03A
:1083200005F1100000F024FD0028F7D0B8F1000F8F
:10833000F4D00120C8F8000087F31188BDE8F88365
:1083400000F09AFA8642E9D27F2E08D14FF020033E
:1083500083F31188BFF36F8FBFF34F8FFEE70136B2
:1083600076B285F84460D9E72046E5E740B94FF09A
:10837000200383F31188BFF36F8FBFF34F8FFEE7A6
:1083800090F846300BB901F041B9704770B504461A
:108390000D46164601F056FA94F84430FF2B04BF00
:1083A000002384F8443094F84530FF2B04BF0023A9
:1083B00084F8453001F068FAA36B2BB932462946A0
:1083C00004F1240000F0A8FC2046BDE87040FFF74F
:1083D00088BB00002DE9F041044601F033FA334B2D
:1083E000334D1A68334F01321A602E68002E52D175
:1083F0002C601B68012B1FD1B8464046013601F0A6
:1084000079FB0A2E08F11408F7D1DFF8D4802A4E40
:10841000404601F06FFB304601F06CFB274801F04D
:1084200069FB274801F066FB264801F063FB264BF9
:10843000C3F80080254B1E60254AE16A13680133AA
:1084400063641360234B012218688A4002431A6058
:1084500014234B43FE187268A2609168E160906833
:10846000211D41609160FA5866610132FA5001F0B5
:108470000BFA194B1B6863B12B68DA6AE36A9A42FC
:1084800007D2164B4FF080521A60BFF34F8FBFF3E5
:108490006F8FBDE8F081104B1B68002BCCD12B688F
:1084A000DA6AE36A9A4298BF2C60C5E79C3C0020D8
:1084B000C83B0020D43B0020C43C0020E43C00200A
:1084C000103D0020FC3C0020CC3B0020D03B002095
:1084D000A83C0020AC3C0020F83C002004ED00E06B
:1084E000B03C00202DE9F843254BDFF8AC901D6827
:1084F000244B1F68244B0446D3F80080D9F80000B1
:1085000004300E4601F01BFB4B4658B9D9F8001059
:108510001E48D1F82CC00268012101FA0CF122EAB0
:1085200001020260621C15D1A6B1194A186851688F
:10853000816018688C68C46018688C68043060605A
:1085400018681B68043088605A611368013313602F
:10855000BDE8F8831A6819682C19546001F1040108
:1085600004D34046BDE8F84301F0D2BA384601F0E2
:10857000CFFA084B1A68A24288BF1C60E8E700BF28
:10858000243D0020CC3B0020D03B0020AC3C002010
:10859000FC3C0020D83C0020C83B0020094B0A4A84
:1085A0001B681268D06A58B9084A1268012A08D8AC
:1085B000012B06D8064B1868064B1B68C01A70477B
:1085C00000207047AC3C0020C83B0020D43B00207A
:1085D000D83C0020243D0020064A13681968064B49
:1085E00019B94FF0FF321A6070471268D2681268EA
:1085F000F9E700BFCC3B0020D83C00202DE9F04734
:108600000A9C9600324680460D46206BA521DDE986
:10861000087A994608F078FC226B043E164426F04E
:108620000706266475B16B1E04F134020B3513F88E
:10863000011F02F8011B197809B1AB42F7D10023E1
:1086400084F83F30092F08D94FF0200383F31188B5
:10865000BFF36F8FBFF34F8FFEE7E762E764201D24
:1086600001F053FAC7F10A0704F1180001F04DFABE
:108670004FF4856200212461A761646204F1600007
:1086800008F042FC04F55373636604F56D73A3664A
:1086900004F21C43E36601220023C4E942230B4A8F
:1086A0000B4BC4E944230B4BC4F818310B23A4F83B
:1086B0001C314A464146304601F0AEF82060BAF11E
:1086C000000F01D0CAF80040BDE8F0870E33CDABF3
:1086D00034126DE6ECDE050010B50446603008F09B
:1086E00017FF94F88D343BB9206B00F08FFF2046C4
:1086F000BDE8104000F08ABF012BF8D0022B08D053
:108700004FF0200383F31188BFF36F8FBFF34F8FB8
:10871000FEE710BD2DE9F04188B0DDE90F840E467B
:108720000021054617460691B8F1000F08D14FF019
:10873000200383F31188BFF36F8FBFF34F8FFEE7E2
:1087400044B94FF0200383F31188BFF36F8FBFF359
:108750004F8FFEE74FF492620792079AB2F5926F3D
:1087600008D04FF0200383F31188BFF36F8FBFF35E
:108770004F8FFEE707980593204608F0C5FB0222BD
:1087800084F88D2406AAC4F8308001920E9A059BC5
:10879000009231463A4628460294FFF72FFF2046C2
:1087A000FFF718FE069808B0BDE8F08130B58BB031
:1087B00007AB224A1D4612F8014B03F8014B002C6F
:1087C000F9D106AA05A904A8CDE9044401F0C8F925
:1087D000049B0293059B069A1948CDE9004329465C
:1087E0002346FFF797FFD0B100F01AFE01281AD1F7
:1087F0004FF0200383F31188BFF36F8FBFF34F8FC8
:10880000104B114A1B6860331360104B4FF0FF325E
:108810001A600F4B18600F4B1C6001F083F80E4B71
:108820001B680BB030BD0130F9D14FF0200383F34A
:108830001188BFF36F8FBFF34F8FFEE7642C0100E9
:10884000B18B0000C83B0020C41A0020D83C002097
:10885000F83C0020243D00203C190020024A136807
:1088600001331360704700BFA43C0020014B18681F
:10887000704700BF243D0020014B1868704700BFBF
:108880009C3C002038B51B4D1B4A2B6811680344E3
:108890009942044608D24FF0200383F31188BFF3B6
:1088A0006F8FBFF34F8FFEE712689A421ED1134BB2
:1088B0001B6843B94FF0200383F31188BFF36F8F18
:1088C000BFF34F8FFEE740B94FF0200383F31188C9
:1088D000BFF36F8FBFF34F8FFEE700F0B3FF084A7F
:1088E00013680133136000F0CFFF013C2868044493
:1088F0002C6038BD243D0020D83C0020A43C002042
:10890000E03C00204D4B1B682DE9F74F002B40F059
:108910008F804B4B1C6801341C60BCB9494B1A68F2
:10892000126842B14FF0200383F31188BFF36F8FB9
:10893000BFF34F8FFEE7444A196810681860116052
:10894000424A136801331360FFF746FE404A019222
:1089500013689C424FF0000007D23E4B1B68002B6F
:1089600018BF012003B0BDE8F08FDFF8D880DFF832
:10897000F4E0394E81464FF0140BD8F800301B68F4
:1089800023B9019A4FF0FF331360E6E7D8F80030BF
:10899000DB68DB6859688C4202D2019B1960DCE716
:1089A000D3E902175D698F607960696803F1040C8F
:1089B0006145296808BF6F600139C3F814902960C8
:1089C0009D6A95B1D3E907178F60D3F820A0CAF844
:1089D0000410696803F11807B942296808BFC5F88F
:1089E00004A00139C3F828902960DD6ADEF8007020
:1089F00001220BFB05FA02FA05F1394306EB0A07DF
:108A0000CEF80010796899608A68DA608A68C2F8DE
:108A100004C0C1F808C05F6156F80A30013346F857
:108A20000A300E4B1B68DB6A9D4288BF0120A4E719
:108A30000B4A136801331360002093E7A43C002025
:108A4000243D0020CC3B0020D03B0020DC3C00201B
:108A5000D83C0020283D0020D43B0020C83B00200B
:108A6000E03C0020AC3C00202DE9F84F00F0EAFE8D
:108A7000464B1A6842B94FF0200383F31188BFF3C5
:108A80006F8FBFF34F8FFEE71A68013A1A601B68B9
:108A90002BB1002400F0F8FE2046BDE8F88F3C4AD8
:108AA0001268002AF5D0DFF804B13A4D3A49DFF8F0
:108AB000F4E0DFF8EC8001264FF0140C42E0DBF824
:108AC0000C30DB68D3E90727986A97601C6A6260FC
:108AD000426803F118094A454FF0000208BF476099
:108AE0009A620268013A0260D3E9022758699760E6
:108AF0007A60426803F1040A5245026808BF476081
:108B0000013A0260D86A2F680CFB00F906FA00F2FD
:108B10003A4301EB09072A607A689A609468DC603E
:108B20009468C4F804A0C2F808A051F809205F6155
:108B3000013241F80920DEF80020D26A904201D9C2
:108B4000C8F80060DBF80020002AB8D10BB1FFF7AD
:108B500043FD124D2C6844B1114E0127FFF7D2FEA0
:108B600000B13760013CF9D12C600D4B1B68002B24
:108B70008FD00C4B1B680C4B4FF080521A60BFF328
:108B80004F8FBFF36F8F012484E700BFA43C002008
:108B90009C3C0020AC3C0020D43B0020E03C00206A
:108BA000283D0020C83B002004ED00E0E43C00200C
:108BB000F8B51B4C1B4F1C4D2368A3B9FFF7EEFC07
:108BC0000128F8D9FFF74AFE184B1A68184B1B68A2
:108BD0009A421BD24FF0200383F31188BFF36F8FAB
:108BE000BFF34F8FFEE700F02DFEFB68DE68301DFF
:108BF00000F0A5FF2B68013B2B602368013B23603D
:108C000000F042FE3046FFF767FDD5E7FFF7C6FCF0
:108C1000012801D9FEF77CFAFFF726FFCBE700BF5A
:108C2000A03C0020103D00209C3C0020D83C0020AF
:108C3000243D002038B5254B1A68254B12B101227E
:108C40001A6038BD234C1A6023681B6B1A68B2F196
:108C5000A53F0BD15A68B2F1A53F07D19A68B2F18E
:108C6000A53F03D1DB68B3F1A53F04D0216820689C
:108C7000343100F074FF184B1B68B3FA83F3DBB296
:108C8000C3F11F03142215495A4388188D5845B95A
:108C90004FF0200383F31188BFF36F8FBFF34F8F23
:108CA000FEE7456808326D6845600A44954204BF96
:108CB000C2684260142202FB0313094A5B68DB6846
:108CC00023602368236860331360BAE7A43C002064
:108CD000283D0020C83B0020AC3C0020D43B0020B5
:108CE000C41A002010B50C4640B94FF0200383F39E
:108CF0001188BFF36F8FBFF34F8FFEE7054B1968E5
:108D0000183100F005FF20460121BDE81040FFF7B3
:108D1000E9BB00BFC83B002070B40D4640B94FF01E
:108D2000200383F31188BFF36F8FBFF34F8FFEE7EC
:108D30000E4B44681968A668CC6119680E62196800
:108D4000A6681831716019681B681831A1609862B3
:108D50000368002A03F10103036011460CBF284693
:108D60004FF0FF3070BCFFF7BDBB00BFC83B002019
:108D7000C368D86870B540B94FF0200383F31188F9
:108D8000BFF36F8FBFF34F8FFEE7836AD0E90712FF
:108D90005C688A60516000F118018C4208BF5A601B
:108DA000002282621A68013A1A60214B1B68002B6C
:108DB00030D1D0E9021243698A60C268C56A516045
:108DC0005968041DA14208BF5A601A68013A1A6026
:108DD000184B01221968AA400A431A601649142345
:108DE0006B43CD186A6882609668C6609668746046
:108DF0009460CA5845610132CA50FFF7EDFB0F4B32
:108E0000C26A1B68DB6A9A4283BF0D4B012018605F
:108E1000002070BD0B4B5A68C2619468046294686C
:108E2000616091601A68836201321A60E7E700BFEF
:108E3000A43C0020AC3C0020D43B0020C83B0020D8
:108E4000283D0020E43C0020034B1B680360034BDB
:108E50001B684360704700BFDC3C0020243D0020BD
:108E600070B50D46044640B94FF0200383F31188D6
:108E7000BFF36F8FBFF34F8FFEE741B94FF0200371
:108E800083F31188BFF36F8FBFF34F8FFEE700F0BE
:108E9000D9FC0F4B19682B685A1C17D00D4826684F
:108EA00000686268864208D08A4206D800232B6098
:108EB000012400F0E9FC204670BD881A8342F5D9F0
:108EC0005B1A13442B602046FFF7BEFF0024F0E737
:108ED000243D0020DC3C0020014B01221A60704739
:108EE000283D00200B4B1B687BB90B4A106870B9FA
:108EF0000A4B1B6863B90A4B18680A4B1B68013B95
:108F0000984214BF01200220704700207047184685
:108F1000704700BFE43C0020283D0020E03C0020DA
:108F2000FC3C00209C3C0020054B1B6833B1054BEA
:108F30001B68002B0CBF02200020704701207047E7
:108F4000F83C0020A43C0020F8B50446002839D0A5
:108F5000234AC36A1168C96A8B42164638D28269AD
:108F6000204D002AA1BF3268D26AC2F10A02826192
:108F7000142202FB035342699A4224D1071D38464A
:108F800000F0DDFD184A30B9E06A13680121814024
:108F900023EA0103136033681668D96AE16201208D
:108FA00000FA01F33343136014234B43E9184A6872
:108FB000A2609668E660966877609760EA5861619B
:108FC0000244EA50F8BD3368DB6AC3620120F9E766
:108FD0001368C06CDC6AA0422CBF00200120F1E7BE
:108FE000C83B0020D43B0020AC3C0020F8B5044630
:108FF00008B90020F8BD244B1B68834208D04FF00D
:10900000200383F31188BFF36F8FBFF34F8FFEE709
:109010001B6D43B94FF0200383F31188BFF36F8FAB
:10902000BFF34F8FFEE7C16AC26C013B91420365FB
:10903000DFD0002BDDD1051D284600F080FD134B4D
:1090400030B9E06A1A680121814022EA01021A60FF
:10905000E26C1E68E262C2F10A010120A16100FA1D
:1090600002F1314319600A4914235343CE18726840
:10907000A2609768E76097687D609560CA586661EE
:109080000244CA50B6E700BFC83B0020AC3C0020F9
:10909000D43B0020F8B5044600284FD0026D42B9F9
:1090A0004FF0200383F31188BFF36F8FBFF34F8F0F
:1090B000FEE7C36C994238BF1946C36A8B423DD064
:1090C000012A3BD11E4A1268824208D14FF0200388
:1090D00083F31188BFF36F8FBFF34F8FFEE7826971
:1090E000184DC162002A4FF0140202FB035342697B
:1090F000A4BFC1F10A0181619A421FD1061D304609
:1091000000F01DFDE76A104928B90B680122BA403A
:1091100023EA02030B600B680122BA401A431423AE
:109120007B430A60E9184A68A2609068E060906832
:1091300046609660EA5861610132EA50F8BD00BFAE
:10914000C83B0020D43B0020AC3C0020034B1868F7
:1091500010B1036D01330365704700BFC83B0020A9
:10916000F7B50F4C00F06EFB25689DB90D4F0E4E04
:10917000384600F0BFFC304600F0BCFC0B4B0C4AFC
:109180001F600C4B0C211E6014200B4B0095FEF74A
:109190002FFD206003B0BDE8F04000F075BB00BFBC
:1091A000A03E0020243E0020383E00202C3D002020
:1091B000343D0020303D0020503E0020914208B553
:1091C000416000610AD8D21A83699A420DD2084BD5
:1091D000011D186800F09CFC002008BD9A4201D2D5
:1091E000994202D2034B011DF3E70120F5E700BFCE
:1091F000303D00202C3D002070B504460D4616463B
:10920000A1692B46324629442046FFF7D7FF00B913
:1092100070BDA36920461D44236A9847F0E700000B
:109220000F4B1B6837B5DB680191DC680546201DD4
:1092300000F085FC94F82830019A13F0040F09D04F
:1092400029462046FFF7D8FF236A204603B0BDE831
:109250003040184723F0010384F82830F4E700BFBA
:109260002C3D002010B5084C23681A6822B9074A23
:1092700011682160136010BDDB684FF0FF31186882
:10928000FFF7CEFFF0E700BF2C3D0020303D00206F
:109290002DE9F0475D4E86B00027B0465C4B1B6859
:1092A000D3F800A0BAF1000F29D0DB68D3F800A0F2
:1092B0000025FFF7D3FAFFF7D9FA3368DFF85C919E
:1092C000984204461DD33060002D4BD0514B1B6893
:1092D0001D68B5FA85F56D09D9F800002A46AAEB94
:1092E0000401FFF753F8FFF7BFFB78B94A4B4FF083
:1092F00080521A60BFF34F8FBFF36F8F06E00125D6
:10930000D7E7FFF7AFFF3460FFF7AEFBCDE9037798
:109310000597D9F80000002203A9FEF76FFE002888
:10932000BCD0039B002BF4DB059C636913B1201DAB
:1093300000F005FCFFF79AFAD8F800309842024690
:1093400003D20190FFF78EFF019A039BC8F800201B
:10935000013B082BDDD8DFE803F00E0E3239510E49
:109360000E3239008245B7D8FFF77EFB21465046C2
:10937000FFF756FFCAE794F82830A169019243F03D
:10938000010384F82830049B20461944FFF716FF98
:109390000028BED094F82830019A13F0040F09D0A9
:1093A000A369049920461944FFF726FF236A204643
:1093B0009847AEE723F0010384F82830F6E794F8E5
:1093C000283023F0010384F82830A2E794F82830ED
:1093D0000499A16143F0010384F8283041B94FF0AA
:1093E000200383F31188BFF36F8FBFF34F8FFEE726
:1093F000134611442046FFF7E1FE8AE794F828302F
:109400009A07DED4204600F001F982E74C3E0020A6
:109410002C3D0020303D002004ED00E0A03E002067
:1094200010B588B0FFF79CFE124B1B68B3B1002447
:1094300007AA06A905A8CDE9054400F09DFB059BF8
:109440000293069B019306230093079A0A490B484F
:109450002346FFF75FF90A4B186040B94FF020032D
:1094600083F31188BFF36F8FBFF34F8FFEE70120A7
:1094700008B010BDA03E0020692C010091920000B0
:10948000A43E0020F8B5431E0A3340D800F108047A
:1094900010F0070005D0C0F10800C343A34236D343
:1094A0000444524DFFF7DAF92B68BBB9504B5A0709
:1094B00018BF07334F4A18BF23F00703002113607A
:1094C00051604D4A22F00702C2E90011D11AC3E9E6
:1094D00000214A4B2A601960494B1960002C40F367
:1094E0008180474B1968A1429C467BD3414A404F3B
:1094F0001368BB4202D3434EB34219D94FF0200345
:1095000083F31188BFF36F8FBFF34F8FFEE7002403
:10951000C7E7BE4502D3B6451A4608D94FF0200327
:1095200083F31188BFF36F8FBFF34F8FFEE773464E
:109530005868A04204D2D3F800E0BEF1000FE8D191
:109540002D689D424ED015680835BD4201D3B54205
:1095500008D94FF0200383F31188BFF36F8FBFF357
:109560004F8FFEE71F681760A0420FD3001B102823
:1095700019D91E1916F0070F11D04FF0200383F3ED
:109580001188BFF36F8FBFF34F8FFEE74FF02003BB
:1095900083F31188BFF36F8FBFF34F8FFEE77060C7
:1095A0005C601F51166058680A1A1449CCF80020F4
:1095B0000C68A24238BF0A6000221A60124A40F0CA
:1095C00000405860136801331360FFF74DFA6B07D2
:1095D0000AD04FF0200383F31188BFF36F8FBFF3DE
:1095E0004F8FFEE70025F0E72846F8BDA83E002093
:1095F000AC3E0020BC7E0020A47E0020B07E002077
:10960000AC7E0020AB7E0020B47E0020F8B505467D
:10961000002869D0354EA0F10804B44212D3344F6B
:10962000BC420FD850F8043C002B14DA50F8082C38
:10963000D2B14FF0200383F31188BFF36F8FBFF3D4
:109640004F8FFEE74FF0200383F31188BFF36F8F36
:10965000BFF34F8FFEE74FF0200383F31188BFF372
:109660006F8FBFF34F8FFEE723F0004340F8043CB9
:10967000FFF7F4F81F4A55F8041C13680B441360F5
:109680001D4B18461A461B689C42FBD882420CD0E0
:10969000B24201D3BA4208D94FF0200383F31188B4
:1096A000BFF36F8FBFF34F8FFEE750681518AC42C2
:1096B00002BF091814465160606821188B4207D117
:1096C0000E4909688B421FBF59681B680918616001
:1096D000A242236018BF1460094A13680133136063
:1096E000BDE8F840FFF7C0B9F8BD00BFAC3E0020B0
:1096F000AB7E0020AC7E0020BC7E0020A83E002077
:10970000B87E002000000000000000000000000003
:10971000074B19680868B0E8F04F80F30988BFF379
:109720006F8F4FF0000080F311887047AFF3008017
:10973000C83B002008480068006880F308884FF0A4
:10974000000080F3148862B661B6BFF34F8FBFF399
:109750006F8F00DF00BF000008ED00E00000000098
:10976000EFF30980BFF36F8F154B1A681EF0100FCF
:1097700008BF20ED108A20E9F04F10602DE90900A4
:109780004FF0200080F31188BFF34F8FBFF36F8F2E
:10979000FFF750FA4FF0000080F3118809BC1968F8
:1097A0000868B0E8F04F1EF0100F08BFB0EC108A48
:1097B00080F30988BFF36F8F704700BFAFF300805D
:1097C000C83B0020DFF80C00016841F47001016023
:1097D0007047000088ED00E082B0002301930D4B3C
:1097E0001B68013308D04FF0200383F31188BFF3C7
:1097F0006F8FBFF34F8FFEE74FF0200383F3118885
:10980000BFF36F8FBFF34F8F019B002BFCD002B0D3
:10981000704700BF401900204FF0807340F8043CAF
:10982000074B40F80C3C21F001016FF0020340F8B7
:10983000081C40F8202C40F8243C4438704700BFF6
:10984000D99700004FF0200383F31188BFF36F8F87
:10985000BFF34F8F0A4A13680133012B13600DD1F8
:10986000084B1B6813F0FF0F08D04FF0200383F361
:109870001188BFF36F8FBFF34F8FFEE7704700BFB4
:109880004019002004ED00E0084A136843B94FF086
:10989000200383F31188BFF36F8FBFF34F8FFEE771
:1098A000013B13600BB983F3118870474019002006
:1098B00008B54FF0200383F31188BFF36F8FBFF318
:1098C0004F8FFFF71FF818B1034B4FF080521A600B
:1098D000002383F3118808BD04ED00E00B4B0C4915
:1098E0004BF680321A600B4B40F25D121A600A4B45
:1098F0005E221A60094B00221A600A60084A4BF681
:109900007F31116007221A60704700BFD07E0020AF
:1099100018E000E0D47E0020CC7E002010E000E0C3
:1099200014E000E0504B514A13B51968914208D138
:109930004FF0200383F31188BFF36F8FBFF34F8F76
:10994000FEE71A684A4B9A4208D14FF0200383F38E
:109950001188BFF36F8FBFF34F8FFEE7454B464A29
:109960001B68D96A914208D04FF0200383F3118815
:10997000BFF36F8FBFF34F8FFEE79A6B3F4B9A4257
:1099800008D04FF0200383F31188BFF36F8FBFF32C
:109990004F8FFEE700230193394B1A78D2B28DF82E
:1099A0000220FF221A701B78364ADBB28DF8033092
:1099B0009DF8033003F02003137043B94FF02003E8
:1099C00083F31188BFF36F8FBFF34F8FFEE79DF8CE
:1099D0000330DB4313F0200310D04FF0200383F358
:1099E0001188BFF36F8FBFF34F8FFEE701320192F3
:1099F0009DF803205200D2B28DF803209DF8032079
:109A000012F0800F019AF1D1082A18BF019B1E4A5B
:109A100018BFC3F107031B0203F4E06313609DF852
:109A20000230174ADBB21370184B1A6842F47F02F7
:109A30001A601A68002442F07F421A6043F8044C0E
:109A4000FFF74CFF124B1C60FFF7BCFE114A136876
:109A500043F040431360FFF76DFEFFF7EBF8FFF7AD
:109A6000BBFE204602B010BD00ED00E071C20F4108
:109A700070C20F4108ED00E01197000061970000EF
:109A800000E400E0C47E0020C87E002020ED00E05D
:109A90004019002034EF00E0EFF305830F2B0ED9BF
:109AA000104A9B5C104A12789A4208D94FF0200362
:109AB00083F31188BFF36F8FBFF34F8FFEE70B4B1C
:109AC0000B4A1B68126803F4E063934208D94FF015
:109AD000200383F31188BFF36F8FBFF34F8FFEE72F
:109AE000704700BFF0E300E0C47E00200CED00E012
:109AF000C87E002000F108034FF0FF32C0E90223C6
:109B000043600361002303607047002303617047D3
:109B100030B50C68631C0AD103695A684A609160C9
:109B20008B605960036808610133036030BD00F148
:109B30000802134652681568A542FAD9EDE7D0E944
:109B4000011203698A6051605968814208BF5A60F6
:109B5000002202611A68013A1A6018687047FEE72D
:109B6000034B0360034B0B604FF4007313607047AB
:109B7000D8960020D87E0020034B0360034B0B6077
:109B80004FF4806313607047689B0020D8860020E4
:109B900070B50D461446B1FA81F1B2FA82F2490964
:109BA000520920B134B190F8443033B91A4601EA71
:109BB000020070BD15B90122F9E7BDB195F8443036
:109BC000002BF4D02B6C466B2D699B08C3EB9603DE
:109BD0000669AE4214BFF56800255B1B03F1805394
:109BE000B3F1805FE3D90121002CE0D0E3681B7B57
:109BF00003F00F03022BDAD1656B036C2469006953
:109C0000A04218BFE0684FEA930308BF0020C3EBEF
:109C100095031B1A03F18053B3F1805F88BF0122C3
:109C2000C5E70020704700000A4B1A68936802F1EC
:109C3000380019465B680BB18342FAD14B7B190798
:109C400006D1508F40F60903C31A58425841704755
:109C50000020704798A300200A4605494B6833B19D
:109C60008968084203D001460248006818477047D7
:109C7000F426010098A30020704700000F4B70B538
:109C80001E680F4B05681B681B6B04469847801BBA
:109C9000030BB5EB103F84BF5B195B08236023689F
:109CA00040F6C412934201D9226070BDB3F5967F8D
:109CB0003CBF4FF496732360F7E700BF78A4002001
:109CC0008C01001081B38B01090E202923F0FF03C2
:109CD00019D0212919D0A02919D0D1B110291AD011
:109CE00011291AD040291AD050290CBF8022902265
:109CF000134343F00F03014650F8042BB2F1FF3F2A
:109D00000FD10B6070471022F2E72022F0E73022DB
:109D1000EEE74022ECE75022EAE76022E8E7702213
:109D2000E6E79A42E7D1ECE7704791B38B01090E61
:109D3000202923F0FF021BD021291BD0A0291BD0F2
:109D4000E1B110291CD011291CD040291CD0502968
:109D50000CBF80239023134343F00F03014650F8B8
:109D6000042BB2F1FF3F11D14FF0FF330B6070476E
:109D70001023F0E72023EEE73023ECE74023EAE767
:109D80005023E8E76023E6E77023E4E79A42E5D151
:109D9000EAE7704770B5044616461D46FDF7FCF825
:109DA0005CB1D4E90A2332432B43C4E90A23D4E942
:109DB000082332432B43C4E90823BDE87040FDF774
:109DC00027B90000F8B5184D0446FDF7E5F895F8F9
:109DD0002430064623EA04002C6885F8240024B1C8
:109DE00004F1B800FDF74DF80446686820B1B830BA
:109DF000FDF747F80443E4B295F824307BB974B911
:109E00002B6A63B19A6A920709D530465F6AFDF7FB
:109E1000FFF8286A22460221B8472C62F8BD304676
:109E2000BDE8F840FDF7F4B8F89F00200720FFF7E1
:109E3000C9BF10B50129044638BF0121FDF715F847
:109E40002046BDE81040FCF7AFBF000070B5144ECF
:109E50001448356902F072F9134A13681468044013
:109E6000184010F020030AD04DB128460022B561F9
:109E7000FFF790FF0D484FF48041FDF739FB14F4D4
:109E800060240CD00A4A0B4892F8613043EA5444EB
:109E900082F86140BDE870400021FDF729BB70BD2C
:109EA00068A3002020000E000C1004407CA40020B9
:109EB000F8A30020B8A40020064B70B55C68064BE0
:109EC0001D68FDF7DDFA234601462846BDE87040CF
:109ED000184700BF88A3002098A30020064B1B78DA
:109EE000022B07D1054B1A6922B95869B0FA80F0E4
:109EF000400970470020704788A3002068A3002015
:109F00002DE9F8431D46444B089E1C680388C4F3A2
:109F10004067A40167D5B3F5C15F16D043F60604C8
:109F2000A3421BD040F60204A3424FD100F112031A
:109F30000B604369136083692B60C369336090F8D9
:109F40000F80047C04F0070416E000F112030B609C
:109F500043691360436A2B60836AEFE700F11A03D9
:109F60000B60C3691360036A2B60436A3360047E2D
:109F70004FF0000804F00704286888B105234FF665
:109F8000FF7240F2037102F0A6F8042808D80FFA15
:109F900080F9214640462D6802F0B0F845F82900C6
:109FA000306880B105234FF6FF7240F2037102F072
:109FB00092F8042807D804B2FF214046356802F021
:109FC0009DF845F824003846BDE8F88300F11A03EF
:109FD0000B60C3691360836A2B60C36A336090F8B7
:109FE0002480047EAEE7B3F5C15F07D043F60604D4
:109FF000A3420CD040F60204A34208D100F11203A0
:10A000000B604369136000232B603360DBE700F1D2
:10A010001A030B60C369F5E79412005010B50146AE
:10A02000447E80680388002286B0B3F5C15FCDE925
:10A030000222CDE9042242802ED01ED840F6020230
:10A04000934229D000234B7605AB009303AA04ABBF
:10A0500002A9FFF755FF78B3029B1A884FF6FF73EA
:10A060009A4229D105990398FFF72CFE154B1B68DE
:10A070000BB10398984706B010BDA3F56053063B9B
:10A08000012BDFD8437E62F382034376038B8CB1CE
:10A0900062F309130383D5E7437C6FF382034374B0
:10A0A000038A1CB16FF309130382CBE72D2262F3FD
:10A0B0000913F9E72D22EBE705990398FFF735FE21
:10A0C000D4E700BF14A5002008B50E4B19420DD0EF
:10A0D000012004F02FFF012809D10B4B0B4A5A60D5
:10A0E0000B4B00221A600B4A43F81C2C08BDFCF7EE
:10A0F000D3FE3221BDE80840B1FBF0F10648FFF77E
:10A1000098BE00BF0400002088A3002021B20000F8
:10A110001C10044060A4002064A0002008B54FF08B
:10A12000FF3001F08DFF830706D5BDE808400348E6
:10A130004FF40061FDF7DCB908BD00BF7CA400202E
:10A14000042838B504461AD10E48FCF79AFEB0B17F
:10A15000FCF7A2FE05460B48FCF789FE6843B0F504
:10A16000967F0CD20748FCF77DFE052002F0E2FE48
:10A17000054B0648012221465A73FDF7B9F9002024
:10A1800038BD00BF64A0002088A300207CA400206C
:10A19000F7B51D46FD232E688DF80730324604467C
:10A1A000FFF7F6FC10B101238DF807309DF807305A
:10A1B000FD2B10D1E3681B7B03F00F03022B0AD1A8
:10A1C0004EB1376831463A462046FFF7E1FCB8B158
:10A1D00002238DF807309DF80730FD2B04D1E36B87
:10A1E00013B104238DF807309DF80730012B5FB2BF
:10A1F00008D12146284602F04FF8384603B0F0BD9A
:10A200003E46DDE7022F06D0042FF6D12146284630
:10A2100002F02CF8F1E73268002AF7D021462846F0
:10A2200002F00CF8E9E738B50C460546FCF7B4FE39
:10A23000236800241BB9FCF7EBFE204638BD1A69E1
:10A24000954208BF1C461B68F4E700002DE9F74F54
:10A250009946224B1C6807460D469046002C36D086
:10A26000AC42236837D1DFF874A02E4600240AF1EF
:10A27000080B314636680B699F4223D108460022FD
:10A280004FF080530191FFF785FD0199B9F1000F5F
:10A290000FD000224FF080730846FFF77BFD104B74
:10A2A0002A691A6293F82420019942F0010283F886
:10A2B00024205046019102F005F80199584601F01A
:10A2C000D5FF0134B8F1000F01D0002ED1D12046C6
:10A2D00003B0BDE8F08F1C46C0E700BF68A30020B4
:10A2E000F89F00200E4BF0B54FF0580C00241E468E
:10A2F000B3F930708F421D4609D11F69B84206D1AB
:10A300005AB10CFB046797F83370174205D101343A
:10A31000082C03F15803EBD100252846F0BD00BFFF
:10A32000A8A000202DE9F843D0F8A86004460D4607
:10A330009146984606B1B047D4E9282302EA0906B7
:10A3400003EA080756EA07031BD080222946204665
:10A35000FFF7C8FFC4E92C6750B1D0E9082323EA0E
:10A36000070322EA0602C0E90823D4F8A830836074
:10A370000023C4F8A83004F15000BDE8F843FCF70E
:10A380005EBFBDE8F88370B55023144640F2FF323B
:10A3900005460E4601F09FFEFF280CD0A2022B2E90
:10A3A00018BF42F40A7203B20CBF42F02B0242F013
:10A3B000030245F8232070BD70B5002386B0CDE9B7
:10A3C0000233CDE9043305AB0E4600931546C1F3C5
:10A3D000150404AB03AA02A9FFF792FD002E23DBAC
:10A3E000029BD0B1049880B1059A72B11C802246BC
:10A3F00040F22B21FFF7C7FF05990398FFF795FC63
:10A4000015232B80049B6B600CE019884FF6FF72BC
:10A41000914202D1032006B070BDA4B21C8010236B
:10A420002B806C808320F6E70028F3D0049B8BB14F
:10A43000059878B1029B4FF6FF721A802B212246B5
:10A44000FFF7A1FF05990398FFF73CFC15232B802C
:10A45000059BD8E7039822462B21FFF794FFFF289E
:10A46000D8D0029B4FF6FF721A8014232B806C60A9
:10A47000D8E70000F8B504460F461546FCF78CFDFA
:10A480000D4B1B68A342064612D10C4B1B78022BC6
:10A49000DCB20FD1384601F0DBFD05B12860C3B254
:10A4A000012B08BF81243046FCF7B2FD2046F8BDE1
:10A4B0000324F8E70124F6E798A3002088A30020EE
:10A4C00038B5154B1B685A68D2E90134D568D8B144
:10A4D00004B9EDB1114A00211160114942F81C1C68
:10A4E0000BB101F0F7FD04B9A5B10C4B1A68002AB5
:10A4F000FCD000221A6004B1A04705B1A847BDE80E
:10A500003840084801F0A4BD002BECD09847EAE79A
:10A51000002BE6D138BD00BF98A300201C100440DA
:10A5200051000706010007068B002DE9F0410546A2
:10A5300079D50020FFF7C4FF3C4C3D4A3D4E3E49D3
:10A54000002340F60A0833601160A4F8008063809D
:10A55000227B63F3030222736360637B012262F355
:10A56000030328466373FFF759FDAF6841463B4636
:10A5700098465B6833B11A888A4203D0A2F6030278
:10A58000012AF5D898F80D30C8F804406FF303039A
:10A5900088F80D30294B1B6833B1DB681B88A3F6A4
:10A5A00003039BB2012B15D92B8F9BB1B5F8443017
:10A5B00023F4706305F1380123F00F0343F4807333
:10A5C0006160A5F84430637B002262F303036A876D
:10A5D000EA6363733368002BFCD0194C00233360AB
:10A5E000184B6360637B7BB102F024FE0028FBD034
:10A5F00002F038FE002333600D4B39461F60012006
:10A60000BDE8F041FFF728BB012004F093FC0128CE
:10A61000F0D098F80D30012262F3030388F80D3072
:10A62000094B6360E6E7BDE8F08100BF60A400204D
:10A63000001004401C10044001010E0468A3002017
:10A6400088A3002021B20000C9A000002DE9F84F26
:10A650002DED028B05469DF830700C461E46924645
:10A660004FF000080ABB4FF00059FCF795FC621C44
:10A6700008EE100A27D1474A11691346C1B109698A
:10A680008D4215D1D2F810B0BBF1000F7FD09BF8EE
:10A6900033301B061ED4042418EE100AFCF7B8FC55
:10A6A000BDEC028B2046BDE8F88F4FF08049DCE717
:10A6B0005A6912B11269954202D0D3F800B0E3E7AB
:10A6C000D3F814B0E0E7002221462846FFF70AFE3F
:10A6D0008346D9E72F4C23695B4529D1206942463F
:10A6E0004B46FFF757FB60694B464246FFF752FB6C
:10A6F00029482A4BBAF1000F08BF184601F0A8FC00
:10A7000047B3206900224FF08073FFF743FB00221C
:10A710004FF080736069FFF73DFB214BDBF81020A1
:10A720001A6293F8242042F0010283F8242011E0F9
:10A7300063695B4517D160694B464246FFF72AFBC8
:10A740001848194BBAF1000F08BF184601F080FCF9
:10A75000002FDCD12EB121683B4601222846FFF7AD
:10A7600075FD832498E73B46324659462846FFF755
:10A770006DFD00288FD00D4B1A78012AF1D01B787F
:10A78000042BEED00A490B48FCF7B2FEE9E703249C
:10A7900082E700BF68A30020010002040100010459
:10A7A000F89F0020010002240100012488A300205A
:10A7B000020000407CA4002010B50446FCF7ECFB2E
:10A7C00004490A7842EA04030B70BDE81040FCF724
:10A7D0001FBC00BFF1A300202DE9F843244CDFF893
:10A7E0009C90244FDFF8988000252646A07A012807
:10A7F0001FD194F90930113300FA03F3DA43C9F891
:10A8000000203A6813433B6094F909309840C0B285
:10A81000FFF7D2FF98F80030022B1AD104F1100094
:10A8200001F016FCC0B2012813D1A06940B902237F
:10A83000A3720135032D04F12004D7D1BDE8F883BC
:10A8400098F80030022B04D101F002FCC0B20128BC
:10A85000EDD094F9091096F86120074811238B4038
:10A860001343DBB2002186F86130FCF741FEE0E7DC
:10A87000F8A300200C100440B8A4002008100440E5
:10A8800088A3002038B50546FCF786FB084B1A78EC
:10A89000044622EA050018701B781B0703D40548FC
:10A8A0000821FCF725FE2046BDE83840FCF7B0BB88
:10A8B000F1A300207CA40020054B9A8BDB8B12B205
:10A8C0001BB29A4202D10820FFF7DCBF704700BFDD
:10A8D00068A300202DE9F0414D4DAC68002C00F03C
:10A8E0009580E36809229BB1013A12F0FF020FD074
:10A8F0001988A1F6030189B201296DD8226903F1F3
:10A900001801383253F8040B42F8040B8B42F9D18A
:10A9100000230022D4E90A01C4E90A23A368D3B1C1
:10A92000002601F0E24756EA070357D020F00F0255
:10A9300021F0E24352EA030105D0D4F80880B4F9CB
:10A9400030102069C047D4F80880B4F9301020696D
:10A9500032463B46C047FCF71FFBEB8B0133C3F38A
:10A960000B03EB83002384F833304FF6FD7323860B
:10A970000646284801F04EFC3046FCF749FBEA8BBE
:10A98000AB8B12B21BB29A4240D1234BD3E9006584
:10A99000224B1B682BB393F8FC30002B0CBF052017
:10A9A0000720FFF70FFA06B396F8FC30DBB93468DE
:10A9B000002386F8FC30E5B195F8FC30BBB9296876
:10A9C000002385F8FC308C4238BF0C469CB92046E9
:10A9D000BDE8F041FFF770BF5B6884E706460F46AD
:10A9E000B1E70520DDE70024E2E73446E3E7002194
:10A9F000E6E72946E7E7631C08D0FCF74DFAB4FB0D
:10AA0000F0F1BDE8F0410648FFF713BABDE8F08168
:10AA100068A3002070A30020F89F002098A30020C6
:10AA200020A00020F8B50446FCF7B6FAA37A054644
:10AA3000002B33D01C4994F909200968012303FA3B
:10AA400002F0CE07C0B20DD518490968090609D52C
:10AA5000174E113231689340DA4321EA0303336021
:10AA6000144B1A60002300260027C4E90033C4E910
:10AA70000467114A94F90910A3722372A361012398
:10AA80008B4092F860100B4382F8603092F862308D
:10AA900013B1013B82F86230FFF7F4FE2846BDE8AF
:10AAA000F840FCF7B5BA00BF402108400000044060
:10AAB0000C10044008100440F8A300202DE9F043D6
:10AAC0002D4C94F8613085B0002B3ED0002594F8D1
:10AAD00061302B41DB0748D594F86160FCF75CFAE4
:10AAE00094F861301122AA4023EA020384F861300D
:10AAF000FCF78EFA04EB4512F6B2937A680123B3A1
:10AB0000102303FA05F592F909101C4B54F8008044
:10AB100057680B449B003540D3F8009008D1137A56
:10AB2000022B05D116692B4606F08052134316D12D
:10AB300020440391FFF776FF039985B1002300932A
:10AB400000224FF000734046B84794F8613083B15B
:10AB50000B48002105B0BDE8F043FCF7C9BCCDF8B7
:10AB6000009000224FF00063EDE70135032DAED1D8
:10AB7000EBE705B0BDE8F083F8A30020250C011039
:10AB8000B8A4002010B5FCF707FA134A117802297F
:10AB9000034602D01278042A06D1104A18461468D7
:10ABA000FCF736FA204610BDFCF732FA0C4B0D4C80
:10ABB0001B681B6B984710F50030A0FB042341F184
:10ABC000000104FB01330849086900210446891883
:10ABD00043EB0404E6E700BF88A3002004300440F0
:10ABE0008C01001000093D0060A40020294B70B5C5
:10ABF00005461868002930D1002830D002B1106015
:10AC0000C668337B03F00F03022B3FD1026949B3BF
:10AC1000938DD468466B1C44FFF7B4FF04F57A7239
:10AC2000301AB2EB900F4FEA90032DD2B0F1404FA3
:10AC30002AD21B1B012B38BF01232B60FCF72CF9F8
:10AC40002B68B3FBF0F02860012070BDC3681B7B4C
:10AC500003F00F03022BD1D000680028F6D10020AA
:10AC60002860F2E731880C4B548B93F86230A1F6E0
:10AC7000030189B2012994BF5269126903EB83036E
:10AC800003EB83031344C5E70023D6E700232B60BF
:10AC9000DAE700BF68A30020F8A300202DE9F04305
:10ACA000644D85B02E68002302930393002E36D0A6
:10ACB0006B690BB92B69D3B12C69CCB12B691A69BB
:10ACC00033699A4240F0B48096F8334014F010048F
:10ACD0000ED06B69002B40F0AB802B69DB685B8882
:10ACE000002BFAD02B69DB685B88012BF5D001249F
:10ACF00084F0010802AA414603A8FFF777FF002865
:10AD000000F08C80002C40F088800399002900F02E
:10AD100085804948FFF78DF805B0BDE8F083022132
:10AD20004648FCF7E5FBF7E700287ED0039F002F9D
:10AD30007BD1029B28696969CDE90083404BA3F16F
:10AD40000802C84701280CD0022815D128692B69B0
:10AD5000B3F930100123009300693A46FFF776FCFF
:10AD6000DAE7029B002B18BF1E463A46B6F93010B0
:10AD7000009030693B46F1E7002CCDD02046314BA6
:10AD800032691B689A4202D04FF48061C8E748B12B
:10AD9000039B3BB12B692BB96B691BB90820FFF7EB
:10ADA00071FDB9E70820FFF707FD96F83330214819
:10ADB000DB0626D501F02EFA6861D6E90623224982
:10ADC000F468D0430860486802434A601F4AD94388
:10ADD000116051680B43536031460820FEF73CFF79
:10ADE000204601F035F92388B3F5C15F04D00CD8B3
:10ADF00040F6020293420DD121460120FEF72CFFBE
:10AE000008E001F007FA2861D7E7A3F56053063B95
:10AE1000012BF1D94FF0804182E720460C4BD3F84B
:10AE20000490B9F1000F7FF47FAF002CA7D173E736
:10AE300000245DE768A3002064A000207CA400201B
:10AE400070A3002098A300201010044008100440B4
:10AE5000441900202DE9F04F384B85B04FF4804065
:10AE600000930433019301F0EBF8A8B1344B354C57
:10AE70001B682068002163F31501334B80681B7841
:10AE8000C3F3800363F3DF7102AAFFF795FA236827
:10AE900001209968FEF7E0FE0027DFF8BC90DFF89C
:10AEA000BCA0E8463D4658F8044B236873B32368BA
:10AEB000986901F0C5F84FF0000B0646324620684D
:10AEC0005B46FEF767FF16F00A0F2ED02268D9F80E
:10AED0000010926922F4804222F0020221EA02026A
:10AEE000C9F800202168DAF80020C96922EA0102C5
:10AEF000CAF8002021681020FEF7AEFE2168134832
:10AF000001F0B4F945F00205C4F800B05FB11DB11D
:10AF10000F482946FCF7ECFAFFF75EFCFFF7BEFE90
:10AF200005B0BDE8F08F0127BDE7002EEED0094A3D
:10AF30002368936145F48045E8E700BF78A30020CB
:10AF40009803002198A300208503002170A300200E
:10AF50007CA4002068A30020141004400C100440BE
:10AF600038B5114D4FF0FF3001F06AF86A680F4BA9
:10AF70009A4204460DD10E490E480022FCF754F8BF
:10AF800002232B70FEF750FE18B9FFF725FCFFF7E0
:10AF900085FE094B1C4206D0BDE8384007484FF0FB
:10AFA0000051FCF7A5BA38BD88A3002021B20000EB
:10AFB00055AE0000B8A30020020000407CA4002091
:10AFC0002DE9F04F002485B0046006462246214654
:10AFD00003A8FFF70BFEDFF8B0A0DFF8B0808346D0
:10AFE0004FF0FF35204627464FF019099AF80A20FE
:10AFF00052B39AF80820022A41D0D8F80010224B08
:10B000004A8B096993F86200DAF814400A4419FB84
:10B0100000220192FFF7B6FD019A201A02F57A711B
:10B02000B1EB900F4FEA90041ED2B0F1404F1BD20B
:10B03000A41A012C38BF0124FBF72EFFB4FBF0F457
:10B04000A54228BF254601200137032F0AF1200A17
:10B05000CCD1BBF1000F0BD078B1039B9D4228BF30
:10B060001D463560012005E00024E5E70025F4E7F2
:10B070000028F6D105B0BDE8F08F039DF1E7BBF1E4
:10B08000000FF3D15D46ECE7F8A3002098A3002061
:10B0900013B5154B1A78022A04D11920FBF7AFFF1C
:10B0A00002B010BD1A78012AFAD01B78042BF7D011
:10B0B000FBF772FF044601A8FFF782FF78B1019900
:10B0C0000A4829B1FEF7B5FE2046FBF7A1FFE7E7E6
:10B0D000FBF7C8FE06480421FCF70AFAF4E7034828
:10B0E000FBF7C0FEF0E700BF88A3002064A00020AB
:10B0F0007CA4002037B511F002020C4611D0FFF7F6
:10B10000E9FB384B9B683BB1374844F0020103B080
:10B11000BDE83040FCF7ECB903B0BDE83040FFF7C4
:10B12000B7BF61075BD5314B019201210420197033
:10B1300001F000FF2E4B2F4D1B681B6B98472E4BC9
:10B140001860284B1B687BB11C692B685BB19C4263
:10B1500009D0A36A5B0704D5636A019A04212046DB
:10B160009847012363762C602B68244C5B681A781F
:10B17000234B02201A6001F0DDFE102001F0F2FEE8
:10B18000012222701F4A927812B90D2001F0EAFEC6
:10B190002B685B689A680AB9DB682BB11A4B0022EE
:10B1A0001A601A4A43F81C2C194B07221A60194AD4
:10B1B00000211368184B116018681960136843F078
:10B1C000402343F0020313601A20144B6360FBF723
:10B1D000F5FE192003B0BDE83040FBF7EFBE03B029
:10B1E00030BD00BF68A300207CA4002008A500207B
:10B1F0008C01001098A3002078A4002088A30020D0
:10B20000D0210840F42601001C100440510007061C
:10B2100000000460141004401810044029A5000028
:10B220002DE9F04311F4804785B005460C4634D033
:10B23000FBF7B2FE8D4A9569034655B3D5E90A89F5
:10B2400008F00A0609F0E04756EA070221D1D5E9DD
:10B250000A89D5E90A2323EA090722EA0806C5E98B
:10B260000A67FBF7D5FEAB684BB158EA090306D075
:10B27000AE682869298E42464B4609B2B04724F48D
:10B2800080441CB17A482146FCF732F905B0BDE88C
:10B29000F0831846FBF7BCFEF1E78A0057D5754AE4
:10B2A000754E136843F08003136033781BB104209C
:10B2B00001F0C6FD3770FBF76FFE0646042003F071
:10B2C00039FE6E4B1A68824238D12A7E002A35D068
:10B2D0006B4A126892B3654B1B6963B3DA681188D5
:10B2E00040F60302914205D0DB681A8840F6040359
:10B2F0009A4220D105F11400FEF7C0FC3046FBF75E
:10B3000087FEFEF791FC60B14FF000732E6A0022B9
:10B310006FF480712846B047544B1B68A3B1FFF708
:10B32000B7FEEE6900224FF0806300212846B04747
:10B3300024F00054A5E705F11000DDE740F6C41243
:10B34000C5E904221860D9E744F00204E9E711F0E6
:10B35000020208D0FFF7BEFA444B9B68002B91D144
:10B3600024F002048DE711F4806600F09B800192C6
:10B37000FBF712FE0546FEF7B1FD002871D03B4BEE
:10B380001F68002F6DD03F4B019A3F493F48404E08
:10B390004FF0040883F80080FBF746FE2846FBF7D1
:10B3A00037FE3C483C4DFBF75DFD3C4B1B681B6B7F
:10B3B0009847314B306001214046197001F0BAFDC9
:10B3C00038692860836A5B0703D5436A019A41465E
:10B3D00098470120FFF774F8286801234376FEF7A9
:10B3E0001DFE2B68996840F60A0C0A461046526802
:10B3F00032B11588654503D0A5F60305012DF5D8B2
:10B40000427B4FF0010C6CF303024273FA6812881E
:10B41000A2F6030292B20025624545600BD8356062
:10B420001F4B00221A60012043F81C1CFEF714FC7D
:10B4300024F4806425E71A8F002AF1D0B3F8442061
:10B440005D8722F4706222F00F0242F48072DD63A5
:10B45000A3F8442038334360437B65F3030343730D
:10B46000DEE72846FBF7D4FDE2E700BF68A3002033
:10B470007CA40020CC21084008A500200CA50020B9
:10B4800078A4002088A300201DA10000B8A30020FC
:10B4900074A4002020A0002098A300208C0100109C
:10B4A0001C10044011F4006734D07F4D2B781BB181
:10B4B000042001F0C5FC2E70FEF7B6FB40B17B4BBB
:10B4C00018680022056A4FF000736FF48071A84776
:10B4D000774D2B685BB1774B1B681B6B98472A68CD
:10B4E000724B801A1B68000BD86000232B607249D6
:10B4F00072480022FBF798FD714B02211970714BC5
:10B500009B6813B17048FBF7F3FFFFF7C1FD24F40C
:10B510000064B6E60E0740F1BE80FBF73DFD06462F
:10B52000FEF7DCFC002800F0B280684B1A781507A3
:10B5300000F1AD801B78180600F1A98003A8FFF781
:10B540003FFD18B1039B002B00F0A180604D95F8E2
:10B550006130002B40F09B804FF00108AB7A43B183
:10B5600095F9090085F80A8008FA00F0C0B2FFF7E3
:10B5700089F90137032F05F12005EFD1504D5548CA
:10B580002F70FBF76FFC3046FBF742FD524B4B48E8
:10B590001A6800221A6053F8081C43F8082C4F4917
:10B5A000FBF742FD434B1B681B6B98474C4BAA684B
:10B5B0001B68C01A030B6FEA1030824298BF9B18B9
:10B5C0002A7B88BF4FF0FF33AB6022B1454A126837
:10B5D000B3EBC22F24D9444B1B68D9071CD5434B6E
:10B5E0001B681A0618D5424B40F609021A80002241
:10B5F0005A80597B012060F303015973197B62F370
:10B60000030119733B495A600A603B4A13605A8828
:10B6100002F44062002AFAD001232B730023AB60AE
:10B6200000F02CFD354B002119600220FEF714FBC1
:10B63000022001F005FC102001F01CFC304B1B78AF
:10B6400023B91A4B18685030FBF7F9FD2D4B9B7846
:10B6500013B90D2001F00EFC6B7B23B100230520F4
:10B660006B7301F0EDFB284B6B6000232B70154BC7
:10B67000D88B9B8B00B21BB2984214BF02200720CC
:10B68000FEF7A0FBFFF704FD24F00804F9E53046BF
:10B69000FBF7BEFCF6E74B007FF5F3ADFFF7F8FCD8
:10B6A00024F08044EDE500BF08A5002098A3002009
:10B6B00074A400208C01001055AE0000B8A3002037
:10B6C00088A3002068A300207CA40020F1A3002010
:10B6D000F8A3002020A000201410044061AF000057
:10B6E00078A400209CA300204021084000000440D2
:10B6F00060A400201C1004400010044000000460FE
:10B70000F0A30020F4260100F5B00000054B5A68B4
:10B71000054B9A4201D1FFF7BBBC04480421FBF75B
:10B72000E7BE00BF88A3002021B200007CA4002057
:10B7300000234FF0FF32C0E90223C0E90533036064
:10B7400003710374838370472DE9F04F2DED028B55
:10B7500087B080460393129BDDF84CB004938A4671
:10B760001646FBF719FC874F08EE100A386840456B
:10B7700008BF7868B8B1B830FBF783FB98B197F889
:10B780002430C7F8208043F0040387F824306FF09A
:10B79000020718EE100AFBF73BFC384607B0BDEC79
:10B7A000028BBDE8F08F784800254FF0580C814699
:10B7B0000CFB050404F1330394F833E01EF0800F12
:10B7C00040F09E8071480593FBF74CFB7048039B4B
:10B7D000B0F81CC0C4F80CA00CF1010CCCF30B0C9D
:10B7E000A0F81CC0A360049BB0F81CC0A4F830C033
:10B7F00023F0C04C059BC4F810804FF0000E83F876
:10B8000000E0002200232CF4805C0BF0200BC4E944
:10B810000823C4E906CBF36884F832E0236496F881
:10B8200010E03268626384F844E0B2683179E26320
:10B830007269A264B26984F83810E264327F84F8D5
:10B840005020727F84F851200646BEF1000F5ED072
:10B8500071B99AF80C3003F00F03022B08D158226B
:10B8600002FB0592012382F83830DAF8083053637E
:10B8700009235246DAF804A0BAF1000F03D0013BC5
:10B8800013F0FF03F5D1138803F47C43B3F5305F65
:10B890004FF0580303FB059311BF4CF0020293F8DD
:10B8A000332042F0100283F8332008BF4CF0080226
:10B8B000C3E9062B3B6A434507D197F82430DA07E2
:10B8C00044BF23F0010387F82430324BD3F800A0A3
:10B8D000BAF1000F21D16FF00200C31CDBB2012BC3
:10B8E00034D8B38BC7F82080013BC3F30B03B38379
:10B8F00097F8243043F0040387F8243007B248E770
:10B900000135082D7FF454AF6FF0010741E7002B9C
:10B910009ED0012384F844309AE71F4B3169726945
:10B9200000932046083BD047C31CD4D0582202FBCA
:10B930000592B38BB2F930201BB29A421FBFB38B72
:10B9400003F1FF33C3F30B03B383C6E7582303FBB1
:10B95000059595F83330B5F9307043F0800385F8DC
:10B960003330002388F8FC303368A34206D0EB68FC
:10B970001B7B03F00F03022B7FF40BAFFFF788FB59
:10B9800007E700BFF89F0020A8A0002020A000200B
:10B9900068A300204419002070A300202DE9F3477C
:10B9A0000029054691469A4601914ADBFBF7F6FCD1
:10B9B0000199804680222846FEF794FC044618B17F
:10B9C00090F833301B0607D44046FBF7A1FD022058
:10B9D000002102B0BDE8F087416A006A49F00A061A
:10B9E0004AF0E04706EA000207EA0103134311D0D8
:10B9F0004046FBF78DFDD4E9082306EA020007EA7A
:10BA0000030122EA000223EA0103C5E92C01C4E98B
:10BA10000823DEE7A2680C4B9A421CBFA268C5F857
:10BA2000A820404618BFA360C5E92867FBF770FD52
:10BA30004FF0FF3105F15000FBF7DFFBD5E92C019A
:10BA4000C7E700200146C4E725A30000F8B53F4E34
:10BA500033780446002B78D03D4DAA8BEB8B12B285
:10BA60001BB29A4213D02946FEF7DDFB38B92B6989
:10BA7000002B65D01B699C4262D1286938B1B0F9AE
:10BA800030100A224FF0E0432046FFF787FFFBF714
:10BA900083FA304B1A68A2424FF000020CBF1A60C2
:10BAA0005A603378013BDBB2337005462A4E04F10D
:10BAB0005007002B32D1294B34601B78022B0DD15B
:10BAC0000820FEF7DFFE2846FBF7A2FA4FF0FF3111
:10BAD0003846FBF792FBFBF75FFA05462048FBF779
:10BAE00041FC2048FBF74AFA1F48FBF73BFC1F4884
:10BAF000FBF744FA1E48FBF749F91E48FBF746F9E5
:10BB00001D4B1B680BB11D4898471D4801F074FB85
:10BB10001C4B9B7813B10D2001F0ACF93368A342A4
:10BB200008BF0023284608BF3360FBF771FA384688
:10BB3000FBF761FB04F1B800BDE8F840FBF726B95C
:10BB400011492046FEF76FFB98E7F8BDF0A30020EF
:10BB500068A30020F89F002098A3002088A300205D
:10BB60007CA40020B8A30020B8A40020D4A3002007
:10BB700064A0002020A0002010A50020A0A3002089
:10BB8000F4A40020F426010070A30020F8B50646B6
:10BB9000FBF702FA1A4D1B4F4FF0FF33044606F134
:10BBA000B800BB60FBF75EF9E98BAA8B09B212B251
:10BBB00091420FD13B78022B0CD0134B93F82430D9
:10BBC00043B12046FBF724FA0720FEF7FBF8FBF70A
:10BBD000E3F90446EA8BAB8B12B21BB29A420AD14C
:10BBE0000A48FBF73FF90820FEF74CFE2046BDE867
:10BBF000F840FBF70DBA012386F8FC30F6E700BFEA
:10BC000068A3002088A30020F89F002020A0002027
:10BC100007B5C2F380030093C2F3400302F00102B0
:10BC2000FEF714FD03B05DF804FB000030B5044DD1
:10BC300004460FCD0FC495E80F0084E80F0030BD17
:10BC4000742C01002DE9F0431D468FB00023CDE98F
:10BC50000233CDE90433894B0446D3F800800F4604
:10BC6000164603F0ABFE1C2810D1338843F60702BA
:10BC700093422CD196F82430022B33D93369804A71
:10BC800023F0644393422DD00024EDE003F096FEB0
:10BC90001B28EAD0002FF7D0002EF5D03A780123E8
:10BCA000934013EA080FEFD00021304600F044FA29
:10BCB000744B1B68C4E90176BBB9734FFBF76CF991
:10BCC0003E78012E814622D9FBF7A2F9DCE740F647
:10BCD0000202934203D1F37B022B03D9D4E7B3F5DD
:10BCE000C15FF8D0002FD9D1CEE705AB009303AAEE
:10BCF00004AB02A93046FEF703F9039850234FF630
:10BD0000FF720B2100F0E7F9FF28D6D1BCE7002E27
:10BD100067D100F0CFFF5D4ADFF8E881136843F098
:10BD2000020313605A4B5B4A1A6006A8FBF799FAA4
:10BD300098F8013058495948089306AAFBF79AFA2F
:10BD40005749584806AAFBF795FA06A8FBF74EF99B
:10BD500098F80030544A0793192106AB5348FBF773
:10BD6000CBF8534A534806AB1A21FBF7C5F85249A2
:10BD7000524833463246FBF751F833465049514852
:10BD80003246FBF74BF8504B1B6813F4402F05D09D
:10BD90004E4A4F483346042101F040F898F80230EB
:10BDA00013B10D2001F0DEF84A4800F027FA4A48A6
:10BDB00000F024FA494A4A4B072082F86000494AB9
:10BDC00000211160484A19701160484A9981052084
:10BDD0001060474A996011700420464A5A60FDF786
:10BDE0003BFF3B785A1C3A70434A484642F823408E
:10BDF000FBF70EF91DB906A8FFF718FF06AD2B6873
:10BE000023604FF4FA73E360AB69A3622B8A638308
:10BE1000EB6923636B68012262764BB3C4E9043398
:10BE200000232376EA683549AB68002A08BF0A4632
:10BE300022626A69002B08BF0B46002A08BF0A4627
:10BE4000E36162620021C82204F1380005F05CF869
:10BE5000002104F15000FBF791F9002328491A460C
:10BE600004F1B800FAF7DAFF20460FB0BDE8F0831E
:10BE700040F6C413C4E904332276D3E7D421084042
:10BE80000F00000114A50020F0A3002000200940AD
:10BE9000CC210840110000E0B99E00007CA40020E5
:10BEA000BDAA0000B8A4002061AF0000B8A3002024
:10BEB0004D9E0000D4A300200DB7000064A0002018
:10BEC000B9A8000020A00020B44F005041A10000FC
:10BED000F4A4002070A3002068A30020F8A3002091
:10BEE00088A3002078A4002074A400209CA3002034
:10BEF000F1A30020F5B00000F89F0020799C00001D
:10BF00002D9E0000F42601000022FEF7B3BA37B5DB
:10BF100005466A468068FEF74FFA8328044604D136
:10BF2000002269462846FEF7A5FA204603B030BD38
:10BF300030B587B005AB0093002504AB03AA806839
:10BF400002A9CDE90255CDE90455FDF7D9FF029BC1
:10BF50001B884FF6FF72934204461AD128B90F4B43
:10BF6000002443EAC47007B030BD049B7BB1059D3B
:10BF70006DB1502340F2FF322B21284600F0ABF880
:10BF8000FF28ECD000B255F820309B0AE9E7039D6A
:10BF9000EFE7C3F315032C46E3E700BFFFFF3F00C5
:10BFA00070B50E4DCE0FC1F3150190F900407F2CF6
:10BFB0000AD08278437843EA0223C27802F03F0233
:10BFC00043EA0243AB4201D1204670BD0279B6EB91
:10BFD000D21F01D19942F7D00530E6E7FFFF3F00BD
:10BFE00011F1800FF0B54FF000031DD1D0F8010022
:10BFF000F0BD013610F902C0BCF17F0F00EB020565
:10C000000ED0AF786C7844EA0724EF7807F03F074A
:10C0100044EA0744744503D08C4502F10502E8DD8B
:10C020003EB155F8040CE3E7DFF810E01A461E466F
:10C03000E0E76FEA93506FEA8050D9E7FFFF3F00D7
:10C04000024A13681840C34313607047101004403D
:10C05000074A11680029FCD1064B196010601A6864
:10C06000002AFCD000221A60034B1868704700BFFA
:10C07000001004401C10044004100440114A1249EE
:10C08000136823F4087323F0020343F40873136066
:10C090000E4B03221A600E4A41F230030B6050200F
:10C0A0000123136008604FF4CA60136008604FF406
:10C0B0008650136008601360A2F5FA52183A1360B4
:10C0C000704700BF0000046060600440546004409A
:10C0D00058600440704770B506460025E8B28342B8
:10C0E00004D956F82540B4F1FF3F01D1FF2004E008
:10C0F00014408C4205F10105F0D170BD1E2896BF99
:10C100000C4B002033F81000FF2908D120F4806088
:10C1100040F0C00040F2037343EA0040704711B999
:10C1200040F03000F6E7CB074CBF40F0100040F085
:10C130002000EFE7942C010000207047024A1368AA
:10C140001840C34313607047081004401B4B002283
:10C150001A7001221A75022283F84B20032283F8F9
:10C160003D203F3304221A700522DA760622DA7364
:10C17000072283F84C20082283F85620092283F8EE
:10C180002B200A2203F8332C0B2203F8212C0C223B
:10C1900083F858200D2283F857200E2203F8182C1C
:10C1A0000F225A72102203F8392C112283F86420CE
:10C1B00012225A75024A1A67704700BFD503002140
:10C1C0006942002110B5094C23783BB90849094858
:10C1D0004FF4016204F070FE01232370064B00222D
:10C1E0001A60BDE81040FFF7B1BF00BF18A50020DE
:10C1F000D42C01004C400021E004002110B504467D
:10C20000FAF7CAFE0023C4E90033BDE81040FAF78C
:10C21000FFBE00BF38B50446FAF7BEFE256825B15B
:10C220002B6823602BB100225A60FAF7F1FE2846F2
:10C2300038BD6360FAF7ECFE284638BD70B5144689
:10C240000D460646FAF7A8FE63686B6063682C60CB
:10C250002BB11D606560BDE87040FAF7D9BE35604E
:10C260006560BDE87040FAF7D3BE00BF38B505463B
:10C270000C46FAF791FE6B686360002222602BB1D6
:10C280001C606C60BDE83840FAF7C2BE2C606C6080
:10C29000BDE83840FAF7BCBE38B505460C46FAF79B
:10C2A0007BFE2B682360002262602BB15C602C60F7
:10C2B000BDE83840FAF7ACBE6C602C60BDE8384091
:10C2C000FAF7A6BE38B50C460546FAF765FED4E97E
:10C2D00000323BB15A6062683AB11360BDE8384041
:10C2E000FAF796BE6A60002AF7D12B60BDE83840A5
:10C2F000FAF78EBE044B10B404460FCB84E80F004F
:10C300005DF8044B704700BFE43401000023036074
:10C3100043608360C3607047024B03EBC00002F0D0
:10C32000CBBB00BFB42601000223C0E90112037099
:10C33000002070470423C0E90112037000207047F9
:10C34000FF2800D1704770B50B4E044625B200F0AF
:10C3500015F83368204653F8251000F01BF8736871
:10C3600053F8252012B1002243F82520B36800229B
:10C3700043F8252070BD00BFBC260100FF2808D06F
:10C3800000F1805000F501308000837803F0FB035A
:10C3900083707047FF2835D02DE9F84300F18053B2
:10C3A00003F501339C0011F0020823680CBF01273C
:10C3B000002713F0FF0F0646894621F0FF0511D034
:10C3C0002560B8F1000F06D106F1804303F508336C
:10C3D00009F0010119700D4B43EA860300201F602C
:10C3E000BDE8F883FAF7D8FDC5F30722C5F3074384
:10C3F0002D0E6270A370E570FAF70AFEB8F1000F17
:10C40000E9D1E1E74FF0FF30704700BF001A444226
:10C41000FF2836D02DE9F84300F1805303F50133AE
:10C420009F0011F002083B68DBB20CBF012600261A
:10C4300093420446894621F0FF0512D02A433A6010
:10C44000B8F1000F06D104F1804303F5083309F079
:10C45000010119700C4840EA840400202660BDE800
:10C46000F883FAF799FDC5F30722C5F307432D0EAC
:10C470007A70BB70FD70FAF7CBFDB8F1000FE9D10F
:10C48000E1E74FF0FF307047001A4442FF2805D023
:10C4900000F1804000F50830C9B20170704700BF5C
:10C4A00038B50A4B1D786DB1094C013DEBB204F172
:10C4B0000C020C2515FB032554F80C3B1B6998470F
:10C4C000AC42F9D1034B01221A7038BDDC260100C1
:10C4D000D026010019A50020436800221A70704779
:10C4E0006FF00100704700BF054B82681B68D2E9FE
:10C4F000000203F00F039B02C1E9012308607047AB
:10C500003024034008B5054B1868FAF776FE00287A
:10C5100014BF6FF00200002008BD00BF24A500205A
:10C52000014B1868FAF78BBE24A50020104B114A66
:10C530001B6803F00F0310B59B020F4C59420120FA
:10C5400023601160FAF736FE0446FAF725FD0B4B1F
:10C550001A6842B1FAF75CFD24B12046BDE81040EC
:10C56000FAF740BE10BD1C60BDE81040FAF750BDA0
:10C57000302403401CA5002020A5002024A5002075
:10C580002DE9F04187681D467B680C462944994295
:10C5900015D8DFF830804FF0FF31D8F8000016468C
:10C5A000FAF72BFE39682A462144304604F084FC11
:10C5B000D8F80000FAF743FE0020BDE8F0816FF0E4
:10C5C0000300FAE724A500202DE9F843394B1B6846
:10C5D000164631EA03025FD1426891425FD28C195C
:10C5E000A24256D336EA030353D1334C076823687B
:10C5F00032489B680F449847314A136810F0FF098E
:10C6000043F03003136028D1002E39D0DFF8B48016
:10C6100004E0D8F80030F61A1F442ED0FAF7BCFC1C
:10C620000546384603F042FA04462846FAF7F0FC7D
:10C63000002CEED04FF0FF34B9F1000F32D01E4B7A
:10C640001E481B6801215B6898471D4A136823F048
:10C65000300313602046BDE8F883236817485B6801
:10C66000002105469847236828469B68984700287C
:10C67000F9D1002ECAD10024E1E7B9F1000FFAD1B7
:10C680000F4A1368002423F0300313602046BDE8EE
:10C69000F8836FF00504DDE76FF00404DAE76FF06C
:10C6A0000304D7E7064A136823F0300313604FF002
:10C6B000FF34CFE71CA50020D80100100040034044
:10C6C0000440034020A5002070B50B4E82B0044604
:10C6D0000D46306801924FF0FF31FAF78EFD019A56
:10C6E000A0682946FFF770FF04463068FAF7A7FDF7
:10C6F000204602B070BD00BF24A500202DE9F04FF8
:10C70000044685B0806802909846406801910B46C7
:10C710004344834200F2C480634B4FF0FF311868FA
:10C720009146FAF76AFD0E9BDA075ED55F4B1968F2
:10C7300038EA010301EA080202D05D4B1B681A4483
:10C74000019BA0681940FFF73FFF0446002844D131
:10C75000029B1E68019B1E44564D57482B689B68E0
:10C760009847564A136843F03003136010F0FF03F4
:10C7700003935DD02B6850485B68002104469847BE
:10C780002B6820469B6898470028F9D1B8F1000F24
:10C7900076D04F46C24602E0BAEB040A6DD054464A
:10C7A000082C28BF0824FAF7F7FB314683462246B7
:10C7B000384603F089F90546584627442644FAF7D7
:10C7C00027FC002DE8D0039B002B60D13B4A136867
:10C7D00023F0300313604FF0FF34334B1868FAF73F
:10C7E0002EFD204605B0BDE8F08F13F0020F029B2E
:10C7F000AFD01868019B18440646B8F1000FABD0C3
:10C8000009F1FF3303EB080401E09C42A4D013F8C4
:10C81000012FA3EB0901095C8A43F6D0224B18686B
:10C82000FAF70DFD6FF00604204605B0BDE8F08F65
:10C83000B8F1000FADD1214A136823F03003136023
:10C840000E9B13F00404C8D0029B019A1B681A4483
:10C850009246B8F1000F21D009F1FF32904401E077
:10C8600042451BD00132A2EB0903117813F80A30BC
:10C870009942F5D04FF0FF34AFE7039B002BDAD09D
:10C880000C4B0D481B6801215B689847D3E7094BA7
:10C8900009481B6801215B68984797E700249CE7DB
:10C8A0006FF003049DE700BF24A500201CA5002015
:10C8B00020A50020D80100100040034004400340A0
:10C8C0002DE9F0412C4E32680446002A34D02B4B1F
:10C8D0001B78A3422CD92A4D04EB440305EB8303B8
:10C8E000D3E9018710464FF0FF31FAF786FC98F83C
:10C8F0000030D3B9234B39681B685A1E114214D13A
:10C900007A68934211D8204B1B6832EA03030CD19A
:10C91000012304EB4404306888F8003005EB8404FC
:10C92000FAF78DFC2046BDE8F0813068FAF787FC05
:10C9300000242046BDE8F081144B12481B68124ABF
:10C9400003F00F039B025942036001201160FAF7C4
:10C9500031FC0546FAF720FB33684BB1FAF758FB78
:10C9600015B12846FAF73EFC3268002AAFD1DFE75E
:10C970003560FAF74DFBF7E724A50020DC2601001F
:10C98000D026010020A500201CA500203024034053
:10C99000704700BF002070470020704770B502F05C
:10C9A00025FBFAF7F9FA054602F0FAFA0028FBD05F
:10C9B000184CFAF7F1FA94F84631013BDBB284F8EF
:10C9C00046311BB9A36823F00803A360FAF720FBE4
:10C9D0002846002384F83831FAF71AFB0E4B022060
:10C9E0009E68B047246805466CB1A368DB064FF02B
:10C9F00000014FF0100003D5D4E90332984710B975
:10CA00002468002CF1D125B133460320BDE87040E5
:10CA1000184770BD4C190020E02601000128F8B528
:10CA2000044636D008B10020F8BD02F081FA404B30
:10CA30001B6813F4402FC3F3814509D13D4B1C699A
:10CA400034B13D48FAF70EFA02F0BEFA2846A04784
:10CA50003A4D95F83831002BE5D0394A39491368F9
:10CA6000802023F0800313600860FAF795FA95F8A8
:10CA70004631013BDBB285F846311BB9AB6823F088
:10CA80000803AB60FAF7C4FA002385F838310020B8
:10CA9000F8BD02F04FFA0128C5D0284D95F838317D
:10CAA000002BC0D1224E336813F4402F2CD1214BE0
:10CAB0001F69002F35D002F077FA502002F0F2FF04
:10CAC0002046B84705F19400FAF76EF9336885F807
:10CAD000384113F4402F09D0AB689B0606D4194B9C
:10CAE000174A8021196013680B431360FAF754FA50
:10CAF000AA6895F8463142F008020133AA6085F829
:10CB00004631FAF785FA8EE702F06EFA336885F857
:10CB1000384113F4402FDFD1064B1B69002BE5D1C0
:10CB2000DAE702F061FA336885F83841D4E700BFEC
:10CB3000B44F0050E0260100E01900204C190020FD
:10CB40009022084098220840F8B5434A434B1468A5
:10CB50001A6822EA04011440670619601CD5404B8C
:10CB60001B68C3F38153022B55D0042002F0E2F975
:10CB7000831E012B59D901286AD03A4D2D685DB129
:10CB8000AB689E064FF000014FF02000F6D5D5E9C6
:10CB9000033298470028F1D0220602D4324B1C60A1
:10CBA000F8BDFAF7F9F9064602F0FAF90028FBD0C9
:10CBB0002C4DFAF7F1F995F84631013BDBB285F8D7
:10CBC00046311BB3FAF724FA3046002385F8383192
:10CBD000FAF71EFA254B02209F68B8472D680646D3
:10CBE0006DB1AB68DB064FF000014FF0100003D5CC
:10CBF000D5E90332984710B92D68002DF1D1002EE8
:10CC0000CCD00320B847184B1C60F8BDAB6823F0AC
:10CC10000803AB60D6E7164B186802F001FA04204F
:10CC200002F088F9831E012BA5D80E4D02F088F979
:10CC3000FAF7B2F995F84531013BDBB285F8453199
:10CC40001BB9AB6823F00403AB60FAF7E1F995E791
:10CC500002F076F991E700BF942208409022084044
:10CC6000B44F00504C19002098220840E0260100E3
:10CC7000C01A0020014B9868704700BF4C19002073
:10CC8000022905D0012814BF00204FF47A707047A4
:10CC9000012840F2EE2018BF00207047044B93F8A3
:10CCA00041211AB1D3F86C3103B11847704700BF66
:10CCB0004C190020F0B54A4C94F8423185B013B1BC
:10CCC000002005B0F0BD012384F8423102F0A2F942
:10CCD000444B454E1A68357B716884F8700112F434
:10CCE000402FC2F3814784F84151C4F86C1114D12C
:10CCF000336993B13D4B1D68FAF7CEF8C5F3066171
:10CD0000642505FB01F53B46B5FBF0F2384904F11B
:10CD10009400FAF783F802F0FBF8002501A8F9F770
:10CD20002FFF34493448029501AB2A468DF8045050
:10CD30000395FAF773F801A8F9F722FF2F49304855
:10CD4000029501AB08228DF804500395FAF766F8B6
:10CD50002C4A2D482B463221FAF7CEF82B4B2C4A81
:10CD60001D602C482B462C21FAF7C6F81D4B727B10
:10CD70001B68C3F381530AB1032B29D09A1E012AE1
:10CD800000D94BBB214A136843F040031360FAF704
:10CD900003F9A26894F8453142F004020133A2601D
:10CDA00084F84531FAF734F91B4B1B685B0787D4CD
:10CDB000FAF7F2F8A26894F8433142F00102013325
:10CDC000A26084F84331FAF723F9002005B0F0BDE2
:10CDD000012384F83931D5E702F0B2F8E4E700BF67
:10CDE0004C190020B44F0050E0260100AC4F005019
:10CDF0009DC9000091C90000581900207DD700008E
:10CE00009C19002049CB0000241A002090220840E1
:10CE100051D30000401A0020B04F005050B14AB129
:10CE200008B5C0E90212036101460448FFF71EFA83
:10CE3000002008BD6FF00200704700BF4C190020B1
:10CE400010B50446FAF7A8F8094A111991F84331C8
:10CE5000013BDBB281F8433133B99368012101FA18
:10CE600004F423EA04039360FAF7D2F8002010BD1B
:10CE70004C190020F8B50446FAF78EF828490A192B
:10CE8000054692F84A31013BDBB282F84A31CBB910
:10CE9000244A12F9240002EB84060028768812F84E
:10CEA000244014DB620631D41F4B1B6830469B695B
:10CEB0009847304602F02CFF0228FAD104F03F00D8
:10CEC00014281CD92846FAF7A3F80020F8BD164FFD
:10CED0003B6830461B6A98473B6830469B6A9847D8
:10CEE0003B6830461B6B9847104B114A0121196073
:10CEF00013689907FCD504F03F001428E2D8FFF727
:10CF0000B9FF2846FAF784F80020F8BD58361846CD
:10CF100051F82630984704F03F001428D2D8EEE7A5
:10CF20004C1900201C350100B801001028200860B1
:10CF30002820084070B50446FAF72EF8084A16195A
:10CF4000916896F84331012505FA04F421432B44F6
:10CF5000916086F84331FAF75BF8002070BD00BF9E
:10CF60004C1900202DE9F0412C4F0446FAF714F833
:10CF70003A19054692F84A31591C82F84A11CBB940
:10CF8000274E16F8248008F03F00142832D906EB0B
:10CF9000840418F0800F648812D118F0400F32D149
:10CFA000204B1B6820465B699847204602F0FAFE3A
:10CFB0000128FAD12846FAF72BF80020BDE8F081C5
:10CFC000184E33682046DB699847336820465B6A11
:10CFD000984733682046DB6A9847134B134A012170
:10CFE000196013689B07FCD52846FAF711F8002052
:10CFF000BDE8F08106EB8404FFF7B4FF18F0800F62
:10D000006488CAD0DCE75834012057F824309847A8
:10D010002846F9F7FDFF0020BDE8F0814C190020FB
:10D020001C350100B80100102820086028200840A5
:10D0300001282DE9F84340F0CC80674DD5F83461E4
:10D04000012E40F0C3800223C5F83431FAF75CF8B2
:10D050002C687CB1A368DF074FF000014FF001009E
:10D0600005D5D4E903329847002840F0948024681D
:10D07000002CEFD195F85A7195F85931003F18BF3F
:10D0800001270BB147F0020795F85831002B77D1F3
:10D09000012001F04FFF012803D095F83831002B13
:10D0A00071D00020FFF7BAFCAB68D9076FD4DFF866
:10D0B0004481DFF82891D8F8003048469B689847AB
:10D0C00004280446F7D0002001F098FF012C05D178
:10D0D000D8F8003041485B682146984701F020FFAE
:10D0E0003F4B1B6838465B69984795F85431002BD5
:10D0F00060D195F85331002B57D13A4B3A4A012170
:10D100001960002103231160C5F83431384602F05C
:10D1100049FE0128FAD1354B2C681B6874B1A3680D
:10D120005A074FF000014FF0040004D5D4E9033250
:10D130009847002843D12468002CF0D100272C4ABE
:10D140002A4B012111608E421B683BD002F0A2FCE9
:10D150002C686CB1A3681B074FF000014FF008006A
:10D1600003D5D4E903329847A8B92468002CF1D13B
:10D170000123C5F83431F9F7C9FF3846BDE8F88313
:10D1800047F0040784E71E46AB68D9078FD5012016
:10D1900001F034FFA4E701234FF0FF37C5F8343125
:10D1A000F9F7B4FF3846BDE8F8834FF4816001F029
:10D1B0002BFFA2E74FF4806001F026FF99E74FF0C4
:10D1C000FF37BCE73046FFF729FCBFE76FF00407E5
:10D1D000D3E76FF00107D0E74C190020004003406F
:10D1E000B8010010282008600C2008402C200940BD
:10D1F0000C400940D801001010B582B00190F9F739
:10D20000CBFE019904460448FFF75CF8204602B0C3
:10D21000BDE81040F9F7FCBE4C190020022807D0E9
:10D22000032804D108B500F009FA002008BDFEE784
:10D2300000F054B838B5F9F7AFFE094B93F8383120
:10D2400004462BB920460125F9F7E2FE284638BDF1
:10D2500001F094FE05462046F9F7DAFE284638BD6F
:10D260004C19002070B5F9F797FE1A4C054601F0ED
:10D2700097FE002384F83831F9F78EFE94F8463192
:10D28000013BDBB284F846311BB9A36823F00803E5
:10D29000A360F9F7BDFE2846F9F7BAFE0E4B02204F
:10D2A0009E68B047246805466CB1A368DB064FF062
:10D2B00000014FF0100003D5D4E90332984710B9AC
:10D2C0002468002CF1D125B133460320BDE870401D
:10D2D000184770BD4C190020E026010070B5164DAE
:10D2E00095F8393113B9154B9C7BDCB1F9F754FE35
:10D2F00095F83B41C4B9012685F83B61F9F788FEF2
:10D300000220FFF717FE0D20FFF72CFE0C4B1B68C9
:10D310007BB90C480C490D4A85F83A41402303601B
:10D320000B601660204670BD0024F9F771FE2046A0
:10D3300070BD3446204670BD4C190020E026010027
:10D3400004800C4038500C403C500C4020800C4075
:10D350002DE9F047AC4CAD4A94F83A310025156000
:10D360003BB1012B00F0FC80022B00F0A680032BC8
:10D3700013D0D4F83C31A64DDFF8B4A2DFF8B49254
:10D38000A44EDFF8B482A44F062B00F23B81DFE805
:10D3900003F06D605553483A1C00A04BD4F810219F
:10D3A0001B68A3F5C063002A83EAE371A1EBE37174
:10D3B000B8BF52429142C4F82C3100F3F4800023EC
:10D3C00084F830310623C4F83C31924B9049002256
:10D3D0001A600A601A689207FCD48D4B1D6815F01C
:10D3E0000205FBD1894A8E4B156001221A600D207F
:10D3F000FFF740FD0220FFF723FDC4F83C5184F8FD
:10D400003B51BDE8F0870323002084F83A3101F056
:10D410005FFD7F4B83480122BDE8F0471A60F9F7B2
:10D42000C3BC05220023C4F83C212B602B6899075C
:10D43000FCD4D4F83C31A7E70223E5E7032200231C
:10D44000C4F83C212B602B689807FCD4D4F83C31FD
:10D450009AE70125022084F83A5101F039FD6C4B1E
:10D4600070481D60BDE8F047F9F79EBC42F62A23DC
:10D470000F22CAF80020C9F8003001F00BFD01238B
:10D48000336033689A07FCD594F839210123C8F832
:10D49000003072B10022C4F83C313A60624A032184
:10D4A000002311602B602B689B07FCD4D4F83C311F
:10D4B0006AE70323C4F83C31F0E7584B1D6801F0DC
:10D4C00081FCC4F8140101F085FCC4F8180101F0D6
:10D4D00089FCA5F5C062C4F82801C4F81021002A0F
:10D4E0003FF46DAF94F83031002B7AD0D4F820316E
:10D4F000D4F82C21D4F81401002AB8BF6FF0010130
:10D5000002EB4202A8BF0221521848BF033203EBCC
:10D51000A203002BC4E9470331DD1E2B0ADDD4F83A
:10D520002421002A4FD1332BA8BF3323153B0322DC
:10D53000C4E9483201F05EFC012001F083FCD4F81C
:10D54000200101F06BFCA5F2FF55D4F8240101F095
:10D550008DFC022D7FF636AF0423C4F83C310AE778
:10D5600094F8400101F0ECFB304B84F840519B7B78
:10D57000002B3FF427AF0223C4F83C31FBE6D4F87C
:10D580002421032A34D06FF009020128B8BF0120FA
:10D590009342B8BF134601380B330322C4E9470353
:10D5A000C4F82421C6E7D4F8140101F023FCD4F810
:10D5B000180101F033FCD4F8280101F057FC0123D5
:10D5C00084F83031FEE6292BA8BF29233E28A8BFC6
:10D5D0003E200B3B01300022C4E94703C4F824215C
:10D5E000A8E7D4F81831C4F82401C4F82C2181E745
:10D5F0006FF013029342B8BF134615330022C4E9FB
:10D60000483297E7FEE700BF4C1900203C500C4021
:10D6100058600C4054600C4084600C4008400C4042
:10D6200004800C409C19002000400C40E0260100C2
:10D630000C400C4010400C401C400C402DE9F047C1
:10D64000434C444DDFF828A1DFF82891424EDFF823
:10D650002881424FD4F83C31062B77D8DFE803F01D
:10D6600051443B39302204003B4B3A4900221A60B6
:10D670000A601A689207FCD4364B1D6815F0020543
:10D68000FBD1374A374B156001221A600D20FFF796
:10D69000F1FB0220FFF7D4FBC4F83C5184F83B5166
:10D6A000BDE8F0870323002084F83A3101F010FC34
:10D6B000284B2D480122BDE8F0471A60F9F774BBEA
:10D6C00005220023C4F83C212B602B689907FCD469
:10D6D000C0E70223E7E703220023C4F83C212B60C4
:10D6E0002B689807FCD4B5E70125022084F83A514D
:10D6F00001F0EEFB174B1C481D60BDE8F047F9F741
:10D7000053BB42F62A230F22CAF80020C9F8003082
:10D7100001F0C0FB0123336033689A07FCD594F80D
:10D7200039210123C8F8003062B10022C4F83C312D
:10D730003A600E4A0321002311602B602B689B077F
:10D74000FCD487E70323C4F83C31F2E7FEE700BFCF
:10D750004C19002058600C4054600C4084600C4010
:10D760003C500C4004800C409C19002000400C40B0
:10D770000C400C4010400C401C400C4030B40C4A93
:10D7800013689B07FCD50B4B0B4CD3F83C310B4873
:10D79000012B0B4B0CBF202201221A60094B0025E4
:10D7A000082201211D602260026030BC19607047B0
:10D7B00058600C404C19002038500C403C500C4034
:10D7C00018400C4000400C4030B4044D04460FCDCE
:10D7D0000FC42B68236030BC704700BF7035010058
:10D7E000024B03EBC00001F049BE00BF002701005F
:10D7F00030B4054D04460FCD0FC40FCD0FC42B68B8
:10D80000236030BC704700BF84350100F8B507685D
:10D810000446F9F7C1FB7E7A054626B12846BDE8E5
:10D82000F840F9F7F5BB01237B72204600F08CFF2E
:10D83000606800F09FFF204600F060FD2046314602
:10D8400000F0A4FF2846BDE8F840F9F7E1BB00BFAF
:10D850002DE9F04F046885B08146884615469A4602
:10D8600013B10023CAF80030F9F796FBE379834639
:10D87000002B00F0CA8094F86460002E40F0C08055
:10D88000002D00F0B880484600F0FEFC012384F82B
:10D8900064304846C4E91A852567A667A663A67260
:10D8A0002673FFF7B3FF484600F028FD04F14C074C
:10D8B00001E0002B5FD003A9384601F065FE236F1D
:10D8C000039983420646054638BF1D46A06F38BF00
:10D8D0002E463246404403F0EFFA3146384601F016
:10D8E00039FE236FA26F9B1B3244002D2367A26772
:10D8F000DFDC2579022D41D0002B52D05846F9F7B4
:10D9000087FB2379002B44D1216F002943D00E9946
:10D9100004F17C00F9F771FC002869D1F9F73CFBB0
:10D920000546484600F0B0FC002348462367A3663E
:10D9300084F8643000F0E2FC227BA37A002A2846B7
:10D9400014BF6FF00C050025002B18BF6FF00D05FC
:10D95000F9F75EFBF9F720FB2379012B05D0BAF12B
:10D96000000F02D0A36FCAF80030F9F751FB284628
:10D9700005B0BDE8F08F2579022D12D10023236771
:10D9800084F86430A3665846F9F742FB2379002BEC
:10D99000BAD00025DEE704F17C000D46F9F72DFC36
:10D9A000D8E70023012DA76E84F86430A366A5D1C3
:10D9B00025745846F9F72CFBE67BAEB9227C9AB168
:10D9C000A846F9F7E9FA267484F80F80F9F720FBE6
:10D9D000A36CA26F0096D4F8CC5039464846A847AD
:10D9E000237CE673002BECD1F9F7D6FA834685E762
:10D9F0000123237392E7F9F70BFB6FF00905B6E7F4
:10DA0000F9F706FB6FF00805B1E7F9F701FB6FF0D6
:10DA10000E05ACE72DE9F047914684B007460E4667
:10DA20009A46154600244FF0FF3807E0CDF80080F5
:10DA3000FFF70EFF039B1C44ED1A30B92A1B311966
:10DA400003AB3846002DF1D12846BAF1000F01D0C2
:10DA5000CAF80040B9F1000F08BF6FF0090004B028
:10DA6000BDE8F08710B50468646814F0FF1F82B049
:10DA700003D1FFF7CFFF02B010BD4FF0FF34009489
:10DA8000FFF7E6FE02B010BD2DE9F04F83B0D0E9FC
:10DA9000004A064688461546019313B11A460023EC
:10DAA0001360002D00F09480F9F776FAE37983464D
:10DAB000002B00F09D8094F8E83003F0FF01002B6C
:10DAC00040F08980012304F58079C4F8FC10E163FB
:10DAD0006173E17284F8E830C4E93B85C4F8F4501E
:10DAE0004846F9F78AFB504600F04AFE5846F9F7D7
:10DAF0008FFAF9F769FA10B96279002A33D0636CAA
:10DB0000DB0619D4F9F748FA0546304600F04AFB1F
:10DB10002846F9F77DFA6379BBB1019A12B1D4F8BE
:10DB2000FC301360E37A002B5AD1637B002B5CD16D
:10DB3000002003B0BDE8F08F256C002DE2D0A36C6F
:10DB4000002210213046A847DCE70C994846F9F737
:10DB500054FB08B101236373304600F051FC0023ED
:10DB600084F8E830D9E7D6E9004A636CD90629D4AD
:10DB7000D4F8FC2042442946504600F01BFED4F85D
:10DB8000FC202D1A0244C4F8FC20F3D1504600F0CA
:10DB90002FFE0028FAD0504600F0FEFA636C9A0679
:10DBA00009D4019A002084F8E800002AC0D0D4F8F3
:10DBB000FC301360BDE7256CA36C304600222021A9
:10DBC000A847EEE7A36C276C10213046B847CFE793
:10DBD0006FF00900ADE7F9F71BFA6FF00800A8E74E
:10DBE0000023E3726FF00D00A3E76FF00C00A0E7D5
:10DBF000F9F70EFA6FF00E009BE700BF2DE9F04F2A
:10DC000015462DED028BD0E9004283B008EE102AB4
:10DC100082468846994613B10023C9F80030002D8A
:10DC200078D0F9F7B9F9E3790646002B7AD094F861
:10DC3000E82002F0FF03002A6FD1012218EE100A3B
:10DC4000C4F8FC30E3636373E37284F8E820C4E94A
:10DC50003B85C4F8F45000F093FD3046F9F7D8F94D
:10DC600004F1D00702E0D4F8F4305BB3F9F794F98B
:10DC700001A90646384601F0DDFCD4F8F430D4F8AA
:10DC8000FC108342054638BF1D46834638BFAB466D
:10DC90005A464144019803F00FF95946384601F0BD
:10DCA000ABFCD4F8F410D4F8FC30A1EB0B0103EB7F
:10DCB0000B023046C4F8F410C4F8FC20F9F7A8F9B8
:10DCC000002DD0DCF9F768F9D4F8FC30054693B99B
:10DCD0006FF00F06B9F1000F01D0C9F80030002332
:10DCE000284684F8E830F9F793F9304603B0BDECE4
:10DCF000028BBDE8F08F18EE100A00F041FD50468F
:10DD000000F050FAD4F8FC30002B14BF00266FF05E
:10DD10000F06DFE76FF00906E7E7F9F779F96FF02B
:10DD20000806E2E7F9F774F96FF00E06DDE700BFC9
:10DD300010B404686479022C03D05DF8044BFFF73B
:10DD4000A3BE5DF8044BFFF759BF00BF10B582B00A
:10DD50004FF0FF340094FFF7EBFF02B010BD00BF9F
:10DD6000704700BF042801D000207047F0B5D2E909
:10DD7000005483B06846F9F787F895F83420404995
:10DD800095F835303F4F895C95F836003E4E3F4A56
:10DD9000FB5C375C10682A6B466820680B433B438A
:10DDA0000199B04723683A483A4940F2F2725A64FE
:10DDB00094F8552094F85430895CC35C22680B4376
:10DDC0005363E369012B1DD02268136B23F40043D6
:10DDD0001363E369012B1ED02268136B23F4804385
:10DDE00013632268D36A43F01003D3622268136B73
:10DDF00043F001031363E36B0BB1A36BA3B90020E2
:10DE000003B0F0BDA36AFF2BDED02268136B43F48E
:10DE100000431363DDE7E36AFF2BDDD02268136B59
:10DE200043F480431363DCE727681B4EF9F7B4F82B
:10DE3000BB6C23F00103BB64F9F7EAF8D5F858315D
:10DE4000E26B5B681968CA621968C1F80425E16B66
:10DE500032681868536891FAA1F1B1FA81F102228F
:10DE60009847D5F85821A16B336852685B681068F1
:10DE700091FAA1F1B1FA81F102229847BFE700BF00
:10DE8000A8350100BC350100AC350100D0010010FF
:10DE9000C0350100B4350100D40100102DE9F04374
:10DEA000B04B1B78834285B040F20D81AE4F0B78AA
:10DEB00057F8304007EBC002012BD2F804800D4622
:10DEC000174600F0FC806B78012B03D1AB68002B68
:10DED00000F04581F9F760F8E679002E40F0FC800B
:10DEE0000123E371F9F794F8A660E6816674266071
:10DEF0002B7823716B7863712B7DA371D5E90112A7
:10DF0000EB68C4F8CC102969C4F85021AA692263CF
:10DF1000C4E910316A7F84F835202A7F84F83420E0
:10DF2000AA7F84F836202A6AA2644FF0FF32A666E0
:10DF3000C4F8F4602667C4E93B26C4E90E66E666C9
:10DF40006667C4F8F86084F8646084F8E860C4F830
:10DF50005861002B00F0BC8098F84000FFF702F8F1
:10DF6000D8E9031204F14C0001F0EAFAD8E90512ED
:10DF700004F1D00001F0E4FA7C4BD8F800001B68F3
:10DF8000DB6898477D6846F202016A6C95F82400C8
:10DF9000FEF73EFAAA6C95F820007549FEF738FAAC
:10DFA000EB69012B00F09F8001F0FEFBC4F85801E3
:10DFB00001A87D686F4EF8F767FF6F4894F834103A
:10DFC0006E4A94F83530415CD35C94F83600674A69
:10DFD00016F800C0126828685668226B0B4343EAA3
:10DFE0000C030299B0472B686548664940F2F2720B
:10DFF0005A6495F8552095F85430895CC35C2A68BA
:10E000000B435363EB69012B45D02A68136B23F450
:10E0100000431363EB69012B48D02A68136B23F488
:10E02000804313632A68D36A43F01003D3622A68DB
:10E03000136B43F001031363EB6B13B1AB6B002B5A
:10E040005FD1514A3B46042104F5AE70FEF7E6FE6F
:10E0500001A8F8F7CBFF019798F808004B4AD8F8C9
:10E060000410029001AB04F11400F8F745FF002101
:10E0700004F17C00F9F782F8002104F58070F9F7CB
:10E080007DF8D8E90C21D8F800300B605360384691
:10E0900005B0BDE8F083AB6AFF2BB6D02A68136BDE
:10E0A00043F400431363EB69012BB6D1EB6AFF2BFA
:10E0B000B3D02A68136B43F480431363B2E74B6811
:10E0C000002B7FF400AF0027384605B0BDE8F08391
:10E0D0002F4AC4E910233FE7F8F79AFF0027384694
:10E0E00005B0BDE8F083EA6C214995F82800FEF7F9
:10E0F0008FF92A6D95F82C0046F20201FEF788F997
:10E1000052E7D5F80090234EF8F746FFD9F848308B
:10E1100023F00103C9F84830F8F77AFFD4F85831F2
:10E12000EA6B5B681968CA621968C1F80425E96B73
:10E1300032681868536891FAA1F1B1FA81F10222AC
:10E140009847D4F85821A96B336852685B68106807
:10E1500091FAA1F1B1FA81F10222984771E71F46C5
:10E1600095E700BF1027010008270100D00100102B
:10E1700002600020AC350100A8350100BC3501006B
:10E18000C0350100B435010065DD00008DE40000FC
:10E1900061DD0000D40100100268136B23F480736A
:10E1A00013637047F0B50468D4F8F83083B0002BDF
:10E1B0004ED163794668022B054654D0D4F8EC3032
:10E1C000D4F8FC20D4F8F400C4F8F8001344019308
:10E1D00000283DD03268936B23F400639363636C33
:10E1E000DB0608D5276C37B12846A36C0022102126
:10E1F000B847D4F8F800B0F5806F2BD8013843F653
:10E20000F07202EA00170199336BD4F858210844E0
:10E2100018601C49996051689A680968B06B3A4364
:10E220009A6088623668F8F7B7FEB36C43F0020371
:10E23000B364F8F7EDFE237A53B92D680220FEF798
:10E2400079FED5F8EC3013F0704F16D0012323720D
:10E2500003B0F0BD4FF48063C4F8F83043F6F077B4
:10E2600040F2FF30CFE701A904F1D00001F08CF9B2
:10E27000C4F8F8000028EBD0ACE70420FEF75AFE03
:10E28000E4E700BF018000C0F8B50468636F03B91C
:10E29000F8BDD4F8583145685E68EA6B3368DA62D5
:10E2A0002F68F8F779FEBB6C23F00103BB64F8F725
:10E2B000AFFED4F85821EB6B51680F4A0868C0F8DC
:10E2C000043593FAA3F1136830689B69B1FA81F1C0
:10E2D0009847656FE37C291A4BB9236FA26F5B1BCC
:10E2E00018440A442067A26700236367F8BD04F15D
:10E2F0004C0001F081F9F7E7D40100102DE9F0435B
:10E300000468637A83B013B903B0BDE8F083D4F82E
:10E3100058314668D3F80480776B0546FFF7B4FFA1
:10E32000636F002B3DD1A36E13B1236F002B38D147
:10E3300004F14C09484601A901F07CF9012360670A
:10E34000E3740028E0D00023B0F5806FA3734CD8AD
:10E35000013843F6F07202EA0015019BD4F8581117
:10E36000264AD8F800401844F36B7860BA60BA685F
:10E37000486893FAA3F1B1FA81F101238B402A4353
:10E38000BA60A3610368F26B9A623468F8F704FE1E
:10E39000A36C43F00103A364F8F73AFE03B0BDE8B1
:10E3A000F08304F14C09484601F0ECF8236F9842E1
:10E3B000C0D22379022BBDD0A36E002BA4D0284657
:10E3C000FFF762FF4846256F01F0DCF8281A606706
:10E3D0004846A56ED4F8789001F0D4F84844054436
:10E3E0000023606F0195E374ABE74FF480636367CC
:10E3F00043F6F07540F2FF30AFE700BF0180000C3C
:10E40000F8B50468D4F8F8500DB92846F8BDD4F82A
:10E41000583145685E68AA6B3368DA622F68F8F78E
:10E42000BBFDBB6C23F00203BB64F8F7F1FDD4F82D
:10E430005821AB6B5168144A0868C0F8043593FA48
:10E44000A3F1136830689B69B1FA81F19847637949
:10E45000D4F8F860022B0546A6EB00010FD0D4F8E3
:10E46000F430D4F8FC209B1B03440A44C4F8F43075
:10E47000C4F8FC200023C4F8F8302846F8BD04F1A5
:10E48000D00001F067F8F5E7D40100102DE9F04F56
:10E49000D0E900673B68D3F84080C3F8448018F4A3
:10E4A000F06F87B005461AD018F4806F3B6840F0D3
:10E4B000F4805C68716C04F00F0404EA0103B3FAA1
:10E4C00083F24FF00041D140194040F0A380B4FAEC
:10E4D00084F24FF00043D34023405B42B363D6F84D
:10E4E0005831FA6B5B681B68D3F80415114203F2CC
:10E4F00004532CD118F04002039256D02846D5E997
:10E50000004AFFF7C1FEE37C002B00F08E80D5F8B7
:10E5100004A0DAF800209369D90621D4D4E91413B1
:10E52000B1EB03091CD0296801F14C0B02E0B9F1F1
:10E53000000F15D011685846C9B201F039F8DAF861
:10E5400000209169C90609F1FF3909D4EFE728468F
:10E55000D5E9004AFFF798FE18F040030393D2D1A3
:10E5600094F86430C3B12379022B15D0A279012A23
:10E5700000F0CA80226F7AB90020012BA16E84F8C6
:10E5800064002067A06640F0C480A36CA26F009076
:10E59000D4F8CC402846A0472846FFF7AFFED6F86F
:10E5A00058315B681B6803F204531A68BB6B1A424C
:10E5B00003D0D6F8F830002B58D118F4006F26D0CD
:10E5C000396801F118031A6812F00802FBD10B6BCD
:10E5D000307A23F480730B6390B1736C32729B06B4
:10E5E00005D5346C1CB1B36C20212846A0472C689B
:10E5F0000220FEF725FCD4F8EC3013F0704F7BD0EE
:10E600003A68936B23F40063936373793BB307B069
:10E61000BDE8F08FD6F84090B9F1000F3FF457AF46
:10E62000B36C32682846C84751E7DAF800108B69A6
:10E63000DB0695D4236F73B1A36FA26E0968D15422
:10E64000DAF80010A26F8869236F0132013BC0061F
:10E65000A2672367EFD5E37C002B81D057E706F54F
:10E66000807007B0BDE8F04FF8F7E9BDD5E9009A32
:10E670002846FFF7C5FE2846FFF794FD99F80530B8
:10E68000012B4BD0D9F8F830002B96D1DAF80020C6
:10E69000936B43F4006393638FE79869326D746DF5
:10E6A000C00603F11801A2EB040418D4BCB106F1B2
:10E6B0004C0900E09CB119684846C9B200F078FFE7
:10E6C0003B689A69D20604F1FF3403F11801F1D5D1
:10E6D00005E01A68D2B28DF817209DF817200A6855
:10E6E000D006F6D53268B17B0132326000297FF462
:10E6F000E0AE0122B273DCE60420FEF7A1FB4FF08E
:10E70000FF33C4F8EC307BE7039A002A7FF434AF80
:10E7100030E704F17C00F8F792FD3DE7D9F8F4000A
:10E720000028AFD199F8E830002BABD089F8E80089
:10E73000D9F84830D9F8FC20D9F8EC100090D9F875
:10E7400050412846A0479DE7D0E90023116C59B1FC
:10E75000526C120708D51A684FF480615164196829
:10E760008A6B42F480628A631A68936B43F04003B9
:10E77000936370470268136B43F40073136370472D
:10E780000268136B43F480731363704738B5034614
:10E790000C4602201D68FEF7CDFB24B1D5F8EC3005
:10E7A00013F0704F00D038BDBDE838400420FEF7AC
:10E7B000C1BB00BF2DE9F0410F46A1B1DFF82C80AD
:10E7C0000646551E002402E00134A74208D0D8F8BE
:10E7D000003015F8011F9B69306898470028F3D175
:10E7E0002046BDE8F0810C46FAE700BFD0010010DA
:10E7F0000368986980F00800C0F3C000704700BF4C
:10E800002DE9F84FD0E90048237B022B40F0CF8060
:10E8100094F82330D4E9049A05460E4617464BB1C6
:10E82000A1686748F8F7E9FC002840F0C38001239D
:10E8300084F826304FF0000B2A466249624884F87B
:10E8400021702660C4F81CB0F8F7EEFB98F80010B1
:10E850002720F8F7F5FB51464846062201F010F84C
:10E8600000285CD1594A136823F00203136094F81E
:10E870002030042B4DD0564B564A1B684FF00209EE
:10E88000C2F800905B6806209847804690B1524BD2
:10E890004021802219601A6094F82630002B50D154
:10E8A0004C4A00214FF0FF331160E361E7693846BD
:10E8B000BDE8F88F4846FEF73DFB07F0FB03022B4F
:10E8C00003D0042F18BF4FF00408444FDFF8009125
:10E8D00043494448F368D9F80020C7F8008000276E
:10E8E0000B6007600121D2F8108084F82410D6E96B
:10E8F00001021946C0472E6896F82030042B29D013
:10E90000022BD4D138484FF0FF31F8F776FCF76985
:10E91000CDE7364B1B6827205B699847ABE794F837
:10E92000263033B94FF0FF33E361E7693846BDE87D
:10E93000F88F2348F8F783FC84F826B084F825B0D4
:10E94000F0E71F48F8F77BFC002384F8263084F8B2
:10E950002530A5E7D9F8003025489B699847B8428B
:10E96000BCBF4FF0FF33F36196F82130F7692D6893
:10E97000033B0022012B86F82420174B88BF86F822
:10E980002520144A40208021002618601960166056
:10E9900095F826302BB90220FEF752FA3846BDE82A
:10E9A000F88F0748F8F74BFC85F82660F3E76FF01F
:10E9B00006077CE7002384F825306FF0010776E72F
:10E9C00074D10020F5E9000058D1002084470240AE
:10E9D000FC01001000470240044402405045024040
:10E9E000544502405845024008D10020B0010010B3
:10E9F000010000802DE9F04104680546F8F7CCFAE3
:10EA000094F82130033B0022012B84F8242088BF96
:10EA100084F82520F8F7FCFA1B4B1C491B681C489E
:10EA20001C4A2E68002BBCBF4FF0FF33E3611A4B2A
:10EA3000086040211960002780211960176096F84E
:10EA4000263083B90220FEF7FBF994F82030022B20
:10EA500015D06668E16994F8213022682846B446EA
:10EA6000BDE8F04160470D48F8F7E9FB86F82670ED
:10EA70000220FEF7E5F994F82030022BE9D1BDE839
:10EA8000F0410748F8F7DBBB904702408847024057
:10EA900001000080004702400444024074D100207D
:10EAA00008D1002008B500F045FE024B01221A7083
:10EAB00008BD00BF28A50020F8B5046805460E462D
:10EAC000F8F76AFA164B1A7803461AB394F82270CC
:10EAD00007BB012384F82230F8F79AFA114B002E75
:10EAE00008BF1E460A20337884F8203072686260BE
:10EAF000022B08BFB768A7600023012284F82430E6
:10EB000084F8232084F8253084F82630FEF72AFA8A
:10EB10002846F8BD1846F8F77BFA0020F8BD00BF7C
:10EB200028A50020E4340100036800220A2083F8AD
:10EB30002220FEF79FB900BFF8B5CB680468DBB1AF
:10EB40001B0719D10D460646F8F726FA94F825302A
:10EB500083B9012784F82570F8F75AFA2B680FCB90
:10EB60000C3484E80F003A4629463046BDE8F840A8
:10EB7000FFF746BEF8F74CFA4FF0FF30F8BD00BF84
:10EB800008B500F049FE024B01221A7008BD00BF13
:10EB900029A5002008B500F03FFE024B01221A70A3
:10EBA00008BD00BF2AA5002008B500F035FE024BC5
:10EBB00001221A7008BD00BF2BA50020104B70B5B4
:10EBC0001C681C60D4B10F4E0125B4FA84F0C0F16A
:10EBD0001F00736853F8202005FA00F324EA0304A9
:10EBE000830003F1804303F501232AB11B6813F46A
:10EBF000802FC0B200D09047002CE6D170BD00BF7E
:10EC0000E0200240BC2601002DE9F04FA7B0F8F744
:10EC1000C3F9414B1D78002D72D14FF0010883F8E4
:10EC200000803E4FF8F7F4F9FEF744F80820FEF7AD
:10EC300099F903A8F8F7DAF9F968394A049103ABAE
:10EC400038481021F8F758F9374A384B92F800A0A5
:10EC50001E78B245544658D80DF118090FFA8AF3B8
:10EC6000AB46019309EB8A0504E0A64204F10103D7
:10EC700016D01C463B6853F8241021F0FF0345F8DA
:10EC8000043B8B07F1D408FA04F301F00101E0B270
:10EC90004BEA030BFDF7FAFBA64204F10103E8D1AE
:10ECA0002349244BC1F800B01B68C3F38153012BE7
:10ECB00017D0019B01360AF18050A6EB0A0200F53D
:10ECC000013009EB83019200800002F0F5F81A4A46
:10ECD000136823F47C5343F40053136027B0BDE85A
:10ECE000F08F164B1B681B0E14BF0423002326AAAB
:10ECF000134453F8801C41F0070143F8801CD8E707
:10ED0000F8F786F927B0BDE8F08F0FFA8AF3AB4623
:10ED10000DF118090193C3E748A50020BC260100A6
:10ED2000BDEB00002CA50020CC260100CD26010063
:10ED3000D0200240B44F005000300940A84F00508E
:10ED4000194A1A4B12681B6870B503F440234BF242
:10ED5000F52404FB02F4B3F5802F05464FEA142492
:10ED60000DD02DB9124B1B6823F07F431C4464085F
:10ED7000104B1B6820465B6CBDE8704018470E4B7B
:10ED80001B689B03EDD40D4B1B681B68984700F074
:10ED90009FFF0B4B1B68DB6898472311C01000FBDB
:10EDA00003F004EBE034DCE708400C40B44F0050C3
:10EDB00010200940F00100108C130050EC010010ED
:10EDC000E0010010024B1868C0F30720704700BF35
:10EDD00030A00C40024B1868C0F38440704700BF5D
:10EDE00004A00C40024B1868C0F38120704700BF9C
:10EDF00020A00C4010B5074B82B01B6880B2009079
:10EE00005C68054808234FF47F423021A04702B0D8
:10EE100010BD00BFA401001000A00C4010B5074BAE
:10EE200082B01B6880B200905C68054812234FF4E2
:10EE3000F8020421A04702B010BD00BFA4010010D9
:10EE400000A00C4010B5074B82B01B6880B2009048
:10EE50005C68054811234FF400320421A04702B03A
:10EE600010BD00BFA401001000A00C4010B5074B5E
:10EE700082B01B6880B200905C6805480A234FF49A
:10EE800040622021A04702B010BD00BFA4010010C5
:10EE900000A00C4030B50C4C0C48236883B0022213
:10EEA00000925D684FF4C07207230021A8472368D1
:10EEB0000648DC684FF4C07207230021A44603B063
:10EEC000BDE83040604700BFA401001000A00C4026
:10EED00030F0020100D0704730B50B4C85B00346CE
:10EEE00022680A4803919BB200935568042370225C
:10EEF000A84723680548DC68039970231A46A4468E
:10EF000005B0BDE830406047A401001000A00C40EF
:10EF1000024B4FF000421A60704700BF00A10C4046
:10EF2000024A136843F00303136070472422084029
:10EF300000F05EBE014B1B681B681847E001001023
:10EF400030B50C4C0C48236883B0032200925D68F6
:10EF50004FF040521C230021A84723680648012295
:10EF600000925C684FF4007209230021A04703B0AF
:10EF700030BD00BFA401001000A00C40064B0748A4
:10EF80001A6810B50023D4683C210122A04700383C
:10EF900018BF012010BD00BFA401001000A00C404C
:10EFA00008B500F0D9FD08BD054B1B68002B054BCB
:10EFB000B4BF4FF440524FF480521A60704700BF04
:10EFC000AC4F0050A8A00C40054B1B68002B054B14
:10EFD000B4BF4FF441524FF482521A60704700BFE1
:10EFE000AC4F005028A10C4000F0A4BD024B4022C1
:10EFF0001A6000F09FBD00BFA8A00C404FF0FF3288
:10F00000002100F0D5BF00BF014B1B68DB6A184729
:10F01000B8010010014B1B681B681847E80100107D
:10F02000074B1B68C3F38153022B00D07047054B7D
:10F03000054903448B42F9D8044B1B685B6C1847A5
:10F04000B44F00505C8F82FFB71E0500F001001026
:10F05000014B1B685B681847E801001008B500F019
:10F0600069FB024B01221A7008BD00BF49A50020B0
:10F070002DE9F0437B4F85B0F7F78EFF3B780646CE
:10F0800033B1794B794C1B680325DB0725607FD4AE
:10F09000DFF8EC81D8F80040002C6ED0D4E90923C9
:10F0A0009A4280F09D80DFF8D49111E0D4E90905FF
:10F0B0002D1A082DE36928BF08252A46184401F0B7
:10F0C000FBFED4E9092315449D42656280F08880E7
:10F0D00002A9484600F0D4FA013002A9E6D1D4E9E9
:10F0E00009239A427CD23B7803F0FF05002B49D1DB
:10F0F000D8F80030002B7ED09A68D2E90032072081
:10F10000117893F83090D3F81480019101233B706B
:10F11000FDF728FF0220FDF70DFF01993120F7F7D9
:10F120008FFF524B03221A60514A1368B9F1040F42
:10F1300014BF43F0030323F0030313604D4B1B681C
:10F1400000221B681046414698474B4B01221A602B
:10F150003046F7F75DFF6DB1A0680468A26900232F
:10F16000E3620AB10223137094F83030022B6ED0A0
:10F17000012B2FD005B0BDE8F0833B7803F0FF05ED
:10F18000002B38D03046F7F743FF05B0BDE8F083D9
:10F19000DFF8E080D8F8003002205B6898470290E2
:10F1A000D8F8003001205B68984702A9034633482D
:10F1B000039300F093FA304B4FF00008C3F800803F
:10F1C00002202560FDF73CFE0720FDF753FE87F87F
:10F1D00000805DE7002A3FD0E36800219847C9E737
:10F1E00027482146FDF76EF83B78002284F832204C
:10F1F0004BBB01257CE7214800F068FA80460028D7
:10F20000A6D14FF00109072087F80090FDF7AAFE6C
:10F210000220FDF78FFE4FF0FF313120F7F710FF8E
:10F22000124B134A134903201860136808681549E4
:10F2300043F00303136003684246404698470E4B71
:10F24000C3F8009084E73046F7F7E2FE84E704F164
:10F250003400F7F7F4FF8DE711462569A36AE269E8
:10F26000A84787E7B4A5002008800240108002402C
:10F270000C800240CC010010A802504268A500207A
:10F28000ACA5002080A903002DE9F04104684FF0EF
:10F29000FF33E3620546F7F77FFE94F83030042B26
:10F2A000064629D0444B62699A4203D0434B1B68FF
:10F2B000002B69D094F83230002B76D194F830309E
:10F2C0003E48042B214645D0FCF7D0FF012384F8AB
:10F2D00032303046F7F79CFE0020FFF7C9FE2C685D
:10F2E00094F83000042820D0022850D0013818BFEC
:10F2F0004FF0FF30BDE8F081DFF8D48098F800309F
:10F300005BB32F4B2F4A2C4903201860136823F05E
:10F3100003031360636994F830208B423ED0274B7F
:10F320001B68F3B1042AC5D11BE0D4E909329A4223
:10F330000DD9254D012000F0B5FB2B689B07F9D0B6
:10F340000020FFF795FED4E909239A42F2D3E06A40
:10F35000BDE8F081FCF7A0FFB8E7174B62699A425D
:10F360001ED098F80030002BA4D01849144B03226B
:10F3700000270F6002201A60FDF762FD0720FDF7ED
:10F3800079FD88F8007095E7DFF84480E9E7216AA5
:10F3900004F13400F7F731FFE06AD9E7042A89D194
:10F3A000064B1B68002BDCD184E73046F7F730FEB4
:10F3B0004FF0FF309EE700BF80A90300ACA50020FE
:10F3C000108002400C80024008800240A802504297
:10F3D000B4A50020F8B51E4EF7F7DEFD35780446DB
:10F3E00025B12046BDE8F840F7F712BE2B46194A72
:10F3F00019483121F7F780FD0422184918480823DD
:10F4000000F032F9174B012707201F70FDF7AAFD06
:10F410000220FDF78FFD4FF0FF313120F7F710FE8E
:10F42000114B124A124903201860136808681149E9
:10F4300043F00303136003682A46284698470E4B9F
:10F4400020461F603770BDE8F840F7F7E1BD00BF08
:10F45000A8A5002071F000004CA5002088A5002080
:10F4600068A50020B4A50020108002400C80024056
:10F47000CC01001080A90300A8025042F8B5D0E9E1
:10F48000005704460E46F7F787FD95F831200346EE
:10F49000002A2ED11949097859B3012385F8322061
:10F4A00085F83130F7F7B4FD154B002E08BF1E4626
:10F4B000D6E901203378012B16D085F83030BB68AF
:10F4C000F6681049104F2E62A3F58076BE4288BFC1
:10F4D0000B46C5E90320AC606B6105F134000021E7
:10F4E000F7F74CFE2046F8BD002AE6D10028E4D10B
:10F4F000F9E71846F7F78CFD0020F8BDA8A5002015
:10F500007035010080A9030000FFFF00036899B176
:10F510004A688AB130B40C78042C09D18C683CB1AB
:10F520000025C3E90954C3E9061230BCFFF7ACBE9D
:10F530006FF0020030BC70476FF00200704700BFF0
:10F5400010B40023541E80E81E00C0E904335DF8A7
:10F55000044B704770B505460C46F7F71DFDAB68C8
:10F560002A696E689C4228BF1C4622441B1BB2FBC2
:10F57000F6F106FB1122AB602A61F7F749FD204640
:10F5800070BD00BF8068704770B504460D46F7F740
:10F5900003FDD4E900232169A6685C1A0A44B44239
:10F5A00028BF34462A60F7F733FD204670BD00BF00
:10F5B00070B504460D46F7F7EFFCD4E90163B3429A
:10F5C00014D0E36821680133B3FBF6F206FB123274
:10F5D0008D54A3686169E2600133994238BF1946CE
:10F5E000A3606161F7F714FDA06870BDF7F710FD27
:10F5F0004FF0FF3070BD00BFF8B504460F46F7F777
:10F60000CBFCD4E90163F51ABD426169E26828BF09
:10F610003D462B4499422A4438BF1946A360B2FBA9
:10F62000F6F306FB13226161E260F7F7F1FC28466E
:10F63000F8BD00BF70B505460E46F7F7ADFCD5E93D
:10F640000013EA68AC68551CB5FBF3F203FB1252D9
:10F650001C1B11449A1A944228BF14463160F7F7D4
:10F66000D7FC204670BD00BF30B40024551EC0E951
:10F670000444C5608460426030BC016083617047AF
:10F6800070B504460E46F7F787FCA368C3B1A269BC
:10F6900023682169054601FB0231304601F00CFC6C
:10F6A000D4E9010223690133013AB3FBF0F100FB15
:10F6B000113323612846A260F7F7AAFCA06870BD49
:10F6C000F7F7A6FC4FF0FF3070BD00BFD0E9010294
:10F6D000101AB0FA80F04009704700BFF8B5044630
:10F6E0000F46F7F759FCD4E901138B421BD0E368AE
:10F6F000A269013306462068B3FBF1F501FB15351D
:10F7000005FB0200394601F0D7FBA3686269E5609A
:10F7100001339A4238BF1A463046A3606261F7F758
:10F7200077FCA068F8BDF7F773FC4FF0FF30F8BD29
:10F73000FEE700BFF0B5144E85B0F7F72DFC357825
:10F74000044625B12046F7F763FC05B0F0BD01A8DB
:10F75000F7F74CFC4FF0FF370C4A0D488DF80C5072
:10F7600001AB27210297F7F7C7FB01210948F7F7FB
:10F7700005FD29460848F7F701FD012320463370AF
:10F78000F7F746FC05B0F0BDB5A5002031F7000045
:10F7900058D1002074D1002008D1002043681B6894
:10F7A0000122DA64704700BFF0B5174DD5E9006754
:10F7B00085B03879FDF7D6FBF7F7EEFB33780446D2
:10F7C0002BB12046F7F724FC0F4805B0F0BD01A887
:10F7D000F7F70CFCBB79029379790C4A019501ABE0
:10F7E000301DF7F789FB3A68094901234FF0FF30D4
:10F7F0003370D0623A6891603A6820465360F7F7F8
:10F8000007FC014805B0F0BD142701009DF700007A
:10F8100000180020FEE700BFF0B5144E85B0F7F7E2
:10F82000BBFB3578044625B12046F7F7F1FB05B060
:10F83000F0BD01A8F7F7DAFB4FF0FF370C4A0D488F
:10F840008DF80C5001AB13210297F7F755FB0121FE
:10F850000948F7F793FC29460848F7F78FFC01237E
:10F8600020463370F7F7D4FB05B0F0BDB6A50020F5
:10F8700015F8000014D20020C4D1002030D200209E
:10F880002DE9F0410D46103910294FF0000488B0E1
:10F8900098BF3D4B0294CDE90044CDE90344CDE946
:10F8A0000544079498BF53F82140384B38491B68EA
:10F8B0004FF0010808FA02F60E605B690746272040
:10F8C0009847344B3449354AC3F8008003230B6012
:10F8D000A2F53E72C2F8F8824B6013689C42304B2E
:10F8E00018BF1460182D1E6034D075B16FB12D4B48
:10F8F0002D4A0321196013689B07FCD12B492C4A20
:10F900002C4B0120086017601D60274D2A4C0120F8
:10F9100000F0C8F82B682342F9D02D681B4F214A0C
:10F920003B682C4014601B6A272098473B682720BF
:10F930001B69984715F0404F08D1154B1B6833429F
:10F940000CBF0120002008B0BDE8F081012008B004
:10F95000BDE8F08138687968BA68FB68114D6C467B
:10F960000FC438697969104A032303C42B601368F4
:10F970009907FCD10D4A0E490E4B01201060202240
:10F98000C1F800D01A60C0E7C8350100B00100100E
:10F99000044402408047024084470240004702403E
:10F9A000004402408847024090470240000048421D
:10F9B000044002400C400240030000C01C4B1B6886
:10F9C0004BF64132C3F30F3393422BD1194B1A68D4
:10F9D000C2F30333092BC2F3406006D00F2B0FD0C4
:10F9E000082B08D04FF0FF307047002814BF4FF0AD
:10F9F000FF300920704700280CBF0C200A207047F8
:10FA0000130207D4C2F3006238B1002A14BF1120D8
:10FA10000F2070470D3040B27047002A14BF1020ED
:10FA20000B207047034B4FF0FF301B68704700BF3F
:10FA30001813005094120050124A13684BF64131CB
:10FA4000C3F30F338B4214D10F4B12681B68190696
:10FA50000C4909684BF64130C1F30F3154BFDBB29A
:10FA6000002381424FEA127203D1022A02D0032AF4
:10FA700005D0FEE70B335BB2132BFADD704715336D
:10FA80005BB2F9E718130050A0100050EFF310809C
:10FA900072B67047EFF3108062B67047EFF31180D3
:10FAA000704700BF0138FDD1704700BF08B5044B57
:10FAB0001B685B699847034B00221A6008BD00BFB2
:10FAC000A80100108404604208B5044B1B689B69C0
:10FAD0009847034B00221A6008BD00BFA801001020
:10FAE00084046042FEE700BF0B4B70B41A680B4EF3
:10FAF000B2420CD01C680434A41B331F06F1D40599
:10FB0000E25843F8042FAB42FAD1034B1E6046F88B
:10FB1000201070BC704700BF08ED00E0000000201E
:10FB2000024B034A43F82020704700BF000000202A
:10FB3000E5FA000008B5054B1B6801215B68084623
:10FB40009847034A034B12689A6008BDE001001011
:10FB500030200940C8A5002038B51D4B1B68012086
:10FB60001B689847012827D01A4B1B4C1B6820465E
:10FB7000DD68012200233C21A84700B938BD238855
:10FB8000DB071BD5154B9B6B9847154B4FF08072CD
:10FB90001A60144A144B9468186814491368D060AA
:10FBA000001B01FB00F1A3EB9303B3EB114F4FEAF2
:10FBB000114094BF10601360012038BD084A074B04
:10FBC0004FF0012111609B6B22889847E1E700BF4D
:10FBD000E0010010A401001000A00C40480000103B
:10FBE00004A40C40C8A500203020094040420F006A
:10FBF00010B5144C236801205B68002198472368E6
:10FC000001201B68984758B10F4B1A88D20711D4AE
:10FC10000E490F4A4FF001200860926B1B889047F5
:10FC20000C4B0D4A1B680D4C12681B6862609847AC
:10FC3000206110BD064B9B6B9847044B4FF08072C0
:10FC40001A60EDE7E001001000A00C4004A40C4095
:10FC500048000010EC01001030200940C8A5002029
:10FC6000144B1B68D90607D4134A144B1168144A65
:10FC700003EA9123934200D07047124B1B689A030A
:10FC800003D5114B114A1360704743F30723243304
:10FC900083F306031911DB43C1F1030003F00F03E3
:10FCA0000F214FF6FF72014142FA03F343EA014389
:10FCB000E8E700BFB04F005050130050F1FF0F00B5
:10FCC000F0010700B44F00501F00070018A00C40BF
:10FCD0000E4BF0B4D3E902761B38D3E9004100FBA8
:10FCE00000F202FB00F582FB0723C5FB0623C0FBE5
:10FCF0000123100940EA037002194FEA231141EB76
:10FD0000E473100C40EA0340F0BC7047B8A5002033
:10FD1000224A234B1B68116810F001020ED18107A3
:10FD20001CD5410703F0020230D4131E18BF012373
:10FD3000002B0CBF022201221046704710B401F0C4
:10FD4000040103F00104214304D184070BD44007CC
:10FD500019D4022210465DF8044B7047400716D4B0
:10FD6000022210467047410703F002020AD4131E14
:10FD700018BF0123002B0CBF0222012210465DF8A0
:10FD8000044B704742B9C3F38003F3E712B9C3F3DE
:10FD90008003CDE70122E4E70122DBE7942108405C
:10FDA00040210840124A134B12681B68C10705D551
:10FDB00003F0040302F001010B4311D0810709D4C1
:10FDC000430705D512F0040F14BF0120022070472D
:10FDD00001207047410702F0020303D5002BF1D147
:10FDE00002207047002B14BF01200220704700BF83
:10FDF000402108409421084038B5274B1B68054630
:10FE0000980707D4254B264A1B68C3F3074343F0E2
:10FE1000F00313702348244A2449254B4FF0012452
:10FE2000046009881B6814681B682046984704F022
:10FE30004073B3F1807F04D11E4A137843F002036C
:10FE400013701B4B1B6828465B6821469847FFF7D9
:10FE500007FF194B194A1B68C3F305311170D90507
:10FE60004ABFA2F58922164AA2F2F252402111702D
:10FE70000F4A14491268C3F34223DB0043F4605372
:10FE80000B80204693689847022000F04BF90E4BF8
:10FE900001221A6038BD00BFB04F0050AC4F005077
:10FEA0005662084004A40C40B44F005000A00C401F
:10FEB000F0010010096208400C1400500EB00C4014
:10FEC0002C6208406AB00C4094046042284B10B584
:10FED0001C68631C08BF0024FFF7AEFD254B264AB3
:10FEE0001B68002111609B6C9847244B1B6823B151
:10FEF000234B20461B68FFF77FFF224B2249234AF2
:10FF0000002018600B6823F07F6323F4702343F014
:10FF10009C7343F480330B601368C3F30133012BEC
:10FF200006D111681A4B0B4043F400311160136085
:10FF3000184B194A1B68012414601B6A1420984747
:10FF4000164A17481368174943F4E0231360046006
:10FF50000B68C3F38153022B04D1064B12481B6874
:10FF60005B6C9847114A1368002BFCD110BD00BF91
:10FF70001C130050F00100108404604280012843EB
:10FF8000800520438C210840482003402800094078
:10FF9000EFFFFCFCB00100101C00244300200940CE
:10FFA00000002443B44F0050BD3786000C00684267
:10FFB000484B1B682DE9F0419C0705460E46174645
:10FFC0007ED4454B1B68980256D5444C444923685F
:10FFD000444A002008609B691268272098474248DD
:10FFE00042490368226823F0807323F4803303605E
:10FFF0000B6823F480730B60136B4FF48060984799
:020000021000EC
:1000000023684FF481601B6B98472368384C1B6B47
:100010004FF4C0609847374937482E4A0123236080
:1000200006600B601368990706D47A1C334B06BF31
:100030004FF040421A601F602A4B314A1B68136818
:100040009B07FCD50720FFF763FE0228FAD16DB9A4
:100050002C4C23682C489B6898470428F9D0012829
:1000600032D02A4A136823F0030313601B4B1B682A
:10007000BDE8F0419B6B1847254A12681B171268B0
:1000800003F101089047234B234A1C682349C0F120
:100090003E03DB10072BA8BF07234345C4F303240B
:1000A000ACBFE31AA4EB0803012BB8BF01230F2B4D
:1000B000A8BF0F2363F00F03DBB213700B7884E744
:1000C0000E4B174A1A6080E723680F485B680321CC
:1000D0009847C6E710000940B44F0050B80100101F
:1000E0000C4009402C2009403C2008408420084056
:1000F000282008600C2008408C2108401C00094082
:1001000028200840D8010010004003402422084065
:10011000EC0100100C1300505A6208400D620840B8
:10012000FD00004070B40B490B4C0C4D0C4E226886
:100130000B689342FCD1824209D0AB5C2A5C9A42A4
:1001400033448CBF5B7813F8013C2360EFE770BC4D
:10015000704700BF04600C4000600C400C3601008A
:100160001036010010B5036803625A1E11468B4217
:1001700002D904892144FAE7416202210177002172
:100180000163A1F58031C0E90A33C0E90D13934240
:1001900002D901890A44FAE7C0E90F23C0E9113303
:1001A00010BD10B5002301601144C0E90333C0E95C
:1001B000053341600281FFF7D5FF10BDC0E903128E
:1001C0007047C0E905127047012B08B509D0022B12
:1001D0000ED09BB9114442688A420FD80389C91ACC
:1001E000FAE7891A02688A4208D903891944FAE7AA
:1001F000034B044A04489C2100F01AFE084608BD3F
:10020000143601001A36010081360100012B08B5B1
:100210000DD0022B14D0CBB98A4202D3521A90B21D
:1002200008BD43680068591A121A0A44F7E78A425F
:1002300001D88A1AF3E7436800689A1A091AF4E7A2
:10024000034B044A0448C72100F0F2FD0022E6E710
:1002500014360100CB3601008136010010B514467A
:1002600012120A700122FFF7AFFF047010BD10B523
:10027000134601220C78FFF7A7FF007824022044E0
:1002800080B210BD73B5037FC26A01930E46816AC6
:1002900000910446FFF7BAFF01280099054613D9DB
:1002A000019B20461A46FFF7E2FF023DC5F30D050C
:1002B00035432843019B009982B22046FFF7CEFFC9
:1002C000E36AA36202B070BDE162FBE72DE9F3418E
:1002D0001F46037F022B04460D46164621D0826A34
:1002E0004968914221D1C26A01930091FFF78EFFC4
:1002F0002D68019B009980462A462046FFF786FF1D
:100300003844404511DC3744BE4210D016F8013B5A
:100310002B702946237F01222046FFF755FF054613
:10032000F2E70D2002B0BDE8F0810720FAE70020D7
:10033000F8E7037F022BF7B504460D461CD0826A0E
:100340004968914218D1C76A00933A460191FFF774
:100350005DFF2D68009B019906462A462046FFF75F
:1003600055FF864208D9009B3A462946204603B0ED
:10037000BDE8F040FFF74ABF002003B0F0BD037FA7
:10038000022B73B504460D4616D0826A4968914225
:1003900014D1C26A01930091FFF738FF2D68019BC9
:1003A000009906462A462046FFF730FF864205D9C7
:1003B000E562002002B070BD0D20FBE70720F9E7E1
:1003C00038B5037F022B044612D00021FFF75AFFF5
:1003D000227FA06A04EB8203196A21631862E56830
:1003E00015B120692346A84702232377002038BD92
:1003F0000D20FCE7006B7047C26B436A9A4205D13F
:10040000836B006A1B1A584258417047002070479E
:1004100090F8353033B9C36B426A9B1A18BF012379
:1004200080F8343070472DE9F84390F8348000EBC1
:1004300088060446376A656C2564BD4222D0424670
:1004400029462046FFF713FF030402D5B36B9D42F4
:1004500018D1C0F30D00821C434629462046FFF701
:10046000B3FE434681466064022229462046FFF7D8
:10047000ABFE8145A064DED0012384F83530002036
:10048000BDE8F883032384F835301720F8E708B572
:100490000146FFF7B1FF68B90846FFF7B9FF91F8C9
:1004A00034300E3351F82330C1E91033BDE8084031
:1004B000FFF7B9BF172008BD90F8350003281ABF11
:1004C000B0FA80F040090120704790F83520012AE9
:1004D00038B504460ED1816C90F834300D78FFF7B2
:1004E00073FE636CA064984202D12046FFF79BFF25
:1004F000284638BD0025FBE7D0E90E23416A994222
:100500000CD1017F012909D00168531E994202D9FB
:1005100002891344FAE74362C3637047016A914258
:100520000AD1027F42B141680133994202D802895F
:100530009B1AFAE7036283637047037F022B06D09E
:10054000083350F82330C0E90A3302230377FFF75A
:10055000D3BF0000F8B5047F022C05460E4605D136
:100560000E4B0F4A0F48E62100F062FC2346C76A93
:10057000B4FA84F46409012239460834FFF724FEF2
:1005800055F82430834203D03E70E8620020F8BD65
:100590002846FFF7D2FF0320F9E700BF39370100F3
:1005A0005537010081360100D0E90A239A4270B51F
:1005B00005461BD1037F0833002150F82360B24267
:1005C0000CBF4FF400460026FFF7C4FF044658B99D
:1005D00001462846FFF7BEFF044628B92B7FA96ACB
:1005E00032462846FFF73AFE204670BD0024FBE75E
:1005F00038B5037F022B04460D4607D0FFF7D4FF22
:1006000018B9E36A2B60A36A6B6038BD0D20FCE764
:1006100013B5037F0191022B044609D0FFF7C4FFF5
:1006200038B90199204602B0BDE81040FFF792BFEB
:100630000D2002B010BDF8B5037F022B07460D4612
:10064000164610D0FFF7B0FF044650B92E44B5420D
:1006500007D015F8011B3846FFF77CFF0028F6D0BD
:1006600004462046F8BD0D24FBE738B50D46044688
:10067000FFF763FF0DB1012D00D12577237F0833EC
:1006800054F82330C4E90A3338BD00002DE9F0479F
:100690000446FFF7B1FE002841D12046FFF7B8FE1F
:1006A00094F834A004EB8A080B26D8F83870D8F8F0
:1006B00020903D46A9451CD0524629462046FFF7CA
:1006C000D6FD030401D5BD4213D1C0F30D00821C39
:1006D000294653462046FFF777FD013E16F0FF06F8
:1006E0000546E7D1104B114A114840F2453100F060
:1006F0009FFBC8F838502046FFF7FEFE65690026CC
:100700004FF6FF7384F83560E38655B1A06994F81D
:10071000342023463946A8473046BDE8F0871720E5
:10072000FBE72846F9E700BF88370100A43701003E
:10073000813601000022C0E90022C0E90222704790
:10074000838803810022C2808272838170470029DE
:1007500008BF002210B501608280FFF7F1FF838897
:10076000838110BDC388028910B55C1C94429FBF71
:100770000268D35C0B70C3889BBF0133C380062023
:10078000002010BD13B50C460DF10701FFF7EAFF7D
:1007900018B99DF8073013B9207002B010BD012BB5
:1007A0000CBF23700620F8E713B50C460DF10701C6
:1007B000FFF7D8FF10B99DF80730237002B010BDC5
:1007C000C288038930B5941C9C420BD80468A318D6
:1007D0005D78A35C43EA05230B80C3880233C380A2
:1007E000002030BD0620FCE7F0B5C4880389251D34
:1007F0009D420FD806683219345D93785778D278C5
:100800001B0443EA0723234343EA02630B60C580CA
:100810000020F0BD0620FCE7B0F806C00389F0B563
:100820000CF108049C421DD8D0F800E00EEB0C053A
:10083000AA786E782B79120442EA06221EF80C6020
:100840003243EE7842EA06626E7943EA0623AE79D5
:1008500043EA0643EE7943EA0663C1E90023C48014
:100860000020F0BD0620FCE737B5C38804460D46DE
:1008700001890068C91A184401AA00F095F90028F6
:10088000C1BFE388C018019BE080D2BF06200020D2
:100890002B6003B030BD10B5C488038922449A424E
:1008A000DDBF03681B190B600620DCBFC28000207F
:1008B00010BD10B40389C4881B1B9BB213805DF864
:1008C000044B1A46FFF7E7BF73B50E460DF106015C
:1008D00005461446FFF774FF48B9BDF806203146B7
:1008E0002846FFF7D8FF10B9BDF80630238002B0C4
:1008F00070BDC38883810389C381837AC3727047C3
:10090000838982889A4281BFC380C3890381C37A65
:1009100086BF837200200D20704738B504460D460F
:100920000068C9B2FFF774FE28B92068290ABDE83B
:100930003840FFF76DBE38BD38B504460D46006837
:10094000C9B2FFF765FE88B92068C5F30721FFF734
:100950005FFE58B92068C5F30741FFF759FE28B973
:100960002068290EBDE83840FFF752BE38BD70B58B
:10097000D1B20446006816461D46FFF749FE38BB53
:100980002068C6F30721FFF743FE08BB2068C6F3C3
:100990000741FFF73DFED8B92068310EFFF738FE5A
:1009A000B0B92068E9B2FFF733FE88B92068C5F313
:1009B0000721FFF72DFE58B92068C5F30741FFF75F
:1009C00027FE28B92068290EBDE87040FFF720BE39
:1009D00070BD13B50A4604460621684600F011F9B9
:1009E000694682B22068FFF726FE02B010BD70B5DE
:1009F00004460D4611F00F0118BF002300680EBF1A
:100A000084F82410012184F824301646FFF72DFEC7
:100A100020682946FFF7FCFD28B931462046BDE88D
:100A20007040FFF7D6BF70BD37B50D46114604467E
:100A30000192FFF772FF38B9019A2068294603B086
:100A4000BDE83040FFF7F7BD03B030BD13B5044635
:100A500008460191EFF7CAFC4FF6FF72824228BFA9
:100A600002460199206892B2FFF7E5FD014628B9D8
:100A7000206802B0BDE81040FFF7CABD02B010BD4B
:100A800010B590F824100329044616D800EBC101D4
:100A900004310068FFF7ACFD70B901462068FFF72C
:100AA000B7FD48B901462068FFF7B2FD20B994F8B8
:100AB0002430013384F8243010BD0D20FCE773B5D9
:100AC00090F82410044611B90D2002B070BD013910
:100AD000C9B20825042680F8241015FB01610144E1
:100AE0000068FFF726FC0128EED994F8241002389C
:100AF00015FB0161ADF80400022320680DEB06022E
:100B00002144FFF7E3FBE0E710B5044694F82430F6
:100B10002BB12046FFF7D3FF0028F7D010BD206887
:100B2000BDE81040FFF74CBC10B500F128010446A9
:100B30000068FFF75DFD18B994F8243084F825307B
:100B400010BD38B504461D46FFF751FF48B9204691
:100B5000FFF7EAFF28B929462046BDE83840FFF7ED
:100B600038BF38BD10B500F1280104460068FFF712
:100B700006FC18B994F8253084F8243010BD38B537
:100B800004460D46FFF7EEFF50B901462046FFF739
:100B900020FF28B929462046BDE83840FFF719BF95
:100BA00038BD0068FFF7DEBA0023F0B505461846E9
:100BB0008842C0EBC0070DD005280BD02E5C06F094
:100BC0007F04BC402343340600F10100F0D402B19D
:100BD0001360F0BD4FF0FF30FBE77F280BD9B0F575
:100BE000804F0AD3B0F5001F09D3B0F1805F34BF46
:100BF0000420052070470120704702207047032021
:100C0000704738B504461046FFF7E7FF81420CDA1B
:100C100038BD63F07F036354D20901318D42D3B2F2
:100C2000F7D103F07F036355F2E70021451EF5E796
:100C3000838843B103685A1C026019708388013BA2
:100C4000838000207047032070470022016082806B
:100C5000704708B54FF6FF7383807E210068FFF769
:100C6000E7FF08BD7E2938B505460C4600680AD85E
:100C70007C2903D801F0FD03112B06D18388012BB9
:100C800013D8032038BDF829F7E72146FFF7D0FF36
:100C90000028F7D1AA88094B5440E4B2002033F869
:100CA000143083EA1223AB80ECE77D21FFF7C0FF0D
:100CB000286884F02001FFF7BBFFEBE7D83701007D
:100CC000F7B50368044693E80300A6886D4685E8F7
:100CD0000300F1438FB22046C9B2FFF7C3FF0346BA
:100CE00058B9390A2046FFF7BDFF034628B92068E6
:100CF0007E21FFF79DFF034628B122680098A9884E
:100D000010609180A680184603B0F0BD0022C0E9B3
:100D10000122C0E9032202707047C0E90112C360DA
:100D2000704700002DE9F843384F04460D468E18F1
:100D30004FF00208AE4266D0237815F8011B012B54
:100D40000BD0022B3ED0002BF4D17E29F2D101230F
:100D500023704FF6FF732361ECE77D2917D07E29BE
:100D600018D06068B0F80490B9F1000F44D0B4F81E
:100D700010C081EA0C02D2B237F8123083EA1C2389
:100D80002382FFF755FF638A01336382D2E784F839
:100D90000080CFE7638A002BDBD0012B10D9228A99
:100DA0004FF2B8039A420BD163681A68023A1A608C
:100DB0009A8802329A800021D4E902309847C8E725
:100DC0000621F9E76068B0F80490B9F1000F13D07C
:100DD000B4F810C081F0200181EA0C02D2B237F8D9
:100DE000123083EA1C232382FFF722FF638A013338
:100DF0006382012323709DE7A368E068032198477D
:100E000084F8009096E7BDE8F88300BFD83701006A
:100E10000368DB0706D4437803B1FFDE0123437088
:100E20001846704700207047012303607047000098
:100E30001FB514461A46094B1B680546D8684CB1C5
:100E4000074B0091CDE9013406492B4600F014F818
:100E500000F0B6FC044B1C46F3E700BFC41A0020A8
:100E6000D8390100E539010091210100014B1868D2
:100E7000704700BFC41A00200EB403B5014603AB8F
:100E8000054853F8042B0068019300F06FF802B096
:100E90005DF804EB03B07047C41A002030B5013987
:100EA0000024A24201D1002005E0035D01340D5D64
:100EB000AB42F6D0581B30BD0A44914200F1FF33DB
:100EC00000D1704710B511F8014B03F8014F914262
:100ED000F9D110BD884210B501EB020402D9844259
:100EE000234607D8431EA14208D011F8012B03F86E
:100EF000012FF8E7024401468A4200D110BD13F8E1
:100F0000014D02F8014DF7E702440346934200D138
:100F1000704703F8011BF9E79368013B002B10B4FD
:100F2000936008DA9469A34201DB0A2903D15DF8D2
:100F3000044B00F085BB1368581C106019700846FC
:100F40005DF8044B7047F8B506460F461446D518B1
:100F5000AC4201D1002007E014F8011B3A463046AC
:100F6000FFF7DAFF431CF3D1F8BD00002DE9F04F85
:100F70000D469DB014469846064618B183690BB9D4
:100F800000F040FD894B9D421BD175686B6ED907FF
:100F900005D4AB899A0502D4A86D00F0D1FDAB89C8
:100FA0001B0701D52B69EBB92946304600F09AFBA7
:100FB000C0B16B6EDC070ED54FF0FF301DB0BDE841
:100FC000F08F7B4B9D4201D1B568DFE7794B9D42A5
:100FD00008BFF568DAE7AB899805EDD4A86D00F095
:100FE000B0FDE9E70023099320238DF82930CDF8DF
:100FF0000C803023DFF8C0818DF82A304FF00109D2
:1010000023469A4613F8012B0AB1252AF9D1BAEBE7
:10101000040B0BD05B46224629463046FFF793FF70
:10102000013000F0AA80099A5A4409929AF80030D7
:10103000002B00F0A28000234FF0FF32CDE9052302
:101040000AF1010A049307938DF853301A9354461A
:10105000052214F8011B5848EFF7D2F9049AD8B9C1
:10106000D10644BF20238DF85330130744BF2B23F0
:101070008DF853309AF800302A2B15D0079A544631
:1010800000204FF00A0C214611F8013B303B092BA0
:101090004ED9B0B1079214E0A0EB080309FA03F3AC
:1010A00013430493A246D2E7039B191D1B680391C7
:1010B000002BBBBF5B4242F0020207930793B8BF0D
:1010C000049223782E2B0CD163782A2B35D1039BE5
:1010D0001A1D1B680392002BB8BF4FF0FF33023478
:1010E0000593DFF8E4A0217803225046EFF788F952
:1010F00040B14023A0EB0A0003FA00F0049B034335
:101100000134049314F8011B2C488DF82810062292
:10111000EFF776F900283FD0294B1BBB039B073321
:1011200023F0070308330393099B3B44099367E7C4
:101130000CFB02320C460120A5E700230134059385
:1011400019464FF00A0C204610F8012B303A092AB4
:1011500003D9002BC5D00591C3E70CFB0121044640
:101160000123F0E703AB00932A46164B04A930464F
:10117000AFF300800746781CD6D16B6ED90705D433
:10118000AB899A0502D4A86D00F0DBFCAB895B0645
:101190003FF512AF099811E703AB00932A46094BBC
:1011A00004A9304600F080F8E4E700BF6C3A010083
:1011B0008C3A01004C3A0100183A0100223A010031
:1011C00000000000470F01001E3A01002DE9F04722
:1011D000164699468A680B69DDF820809342B8BFAD
:1011E0001346336091F8432007460C460AB1013399
:1011F00033602368990642BF336802333360256841
:1012000015F0060506D104F1190AE36832689B1A45
:10121000AB4226DC94F84320131E226818BF01233A
:1012200092062BD404F1430249463846C0470130A8
:101230001ED02368E568326803F00603042B08BF5C
:10124000AD1AA36822690CBF25EAE5750025934213
:10125000C4BF9B1AED1800261A34B5421AD10020DB
:1012600008E00123524649463846C047013003D1C1
:101270004FF0FF30BDE8F0870135C6E7E1185A1C92
:10128000302081F84300224494F8451082F843103E
:101290000233C7E70123224649463846C04701309A
:1012A000E6D00136D9E700002DE9FF470C4691460C
:1012B000277E0C99782F80469A4604F1430207D87E
:1012C000622F0AD8002F00F0D880582F00F0A3809A
:1012D00004F1420684F842703AE0A7F16303152B4B
:1012E000F6D801A050F823F0411301005513010076
:1012F000D1120100D1120100D1120100D11201005E
:1013000055130100D1120100D1120100D1120100C8
:10131000D112010061140100851301004314010082
:10132000D1120100D112010083140100D112010079
:1013300085130100D1120100D11201004B140100EC
:101340000B681A1D1B680A6004F1420684F84230DB
:101350000123A3E0256808682E0600F104030AD5DE
:1013600005680B60002D03DA2D236D4284F84330AD
:101370005E480A2319E015F0400F05680B6018BF9E
:101380002DB2EFE70B682568181D0860280601D507
:101390001D6802E06906FBD51D8854486F2F0CBFFD
:1013A00008230A23002184F843106668A660002EF3
:1013B000A2BF216821F0040121600DB9002E4DD09B
:1013C0001646B5FBF3F103FB1157C75D06F8017D27
:1013D0002F46BB420D46F4D9082B0BD12368DF07FB
:1013E00008D5236961689942DEBF302306F8013CC5
:1013F00006F1FF36921B2261CDF800A04B4603AAEE
:1014000021464046FFF7E2FE01304CD14FF0FF305D
:1014100004B0BDE8F087354884F8457023680E684D
:101420001F0656F8045B0E6014D5D90744BF43F07D
:10143000200323601DB9236823F0200323601023B9
:10144000B0E7236843F0200323607823284884F81A
:101450004530E3E75E0648BFADB2E6E71646BBE7B8
:101460000B68266860691D1D0D6035061B6801D577
:10147000186002E07106FBD5188000232361164630
:10148000BAE70B681A1D0A601E68626800213046C0
:10149000EEF7B6FF08B1801B60606368236100232C
:1014A00084F84330A8E72369324649464046D0478E
:1014B0000130ABD023689B0713D4E068039B9842AC
:1014C000B8BF1846A4E70123324649464046D047F4
:1014D00001309BD00135E36803995B1AAB42F2DC23
:1014E000EBE7002504F11906F5E700BF293A0100F2
:1014F0003A3A010038B50C460968054609B1FFF7CC
:10150000F9FF21462846BDE83840F6F751B90000FA
:101510002C4B1B68834270B5044651D0436A43B1DB
:10152000DB68002B4AD1636A196811B12046F6F7CF
:101530003FF9616911B12046F6F73AF9616A11B1D4
:101540002046F6F735F9A16B11B12046F6F730F9D0
:10155000E16B11B12046F6F72BF9216C11B1204651
:10156000F6F726F9E16D11B12046F6F721F9A16DE4
:1015700011B12046F6F71CF9616B11B12046F6F760
:1015800017F9A369E3B1A36A20469847A16CB9B1E2
:101590002046BDE87040FFF7ADBF495941B9043559
:1015A000636A802DD968F8D12046F6F701F9BAE7C9
:1015B0000E682046F6F7FCF83146EFE70025EFE726
:1015C00070BD00BFC41A00200CB430B5174B0C1E00
:1015D0001D689DB008DA8B232B604FF0FF301DB0E3
:1015E000BDE8304002B070474FF40273ADF81430DC
:1015F00014BF04F1FF332346049307934FF6FF73A0
:1016000002900690ADF81630209A21AB02A9284628
:10161000019300F057FB431CBCBF8B232B60002CB5
:10162000DDD0029B00221A70D9E700BFC41A002047
:10163000034611F8012B03F8012B002AF9D170475A
:10164000F8B50E461446054618B183690BB900F08B
:10165000D9F9214B9C422BD16C68A369A360A38963
:101660001A072FD523696BB323692068C01A6369F1
:10167000F6B28342374604DC2146284600F02EF9B4
:1016800030BBA368013BA36023685A1C22601E7014
:1016900063690130834204D0A389DB0706D50A2E93
:1016A00004D12146284600F019F988B93846F8BD1A
:1016B0000A4B9C4201D1AC68CFE7094B9C4208BF62
:1016C000EC68CAE72146284600F00CF80028CBD089
:1016D0004FF0FF37EAE700BF6C3A01008C3A010097
:1016E0004C3A0100324B70B51D6806460C4625B1D8
:1016F000AB6913B9284600F085F92E4B9C420FD1F7
:101700006C68A389B4F90C2019072CD4DD0611D418
:101710000923336042F04003A3814FF0FF303EE0E5
:10172000254B9C4201D1AC68EBE7244B9C4208BF9F
:10173000EC68E6E7580712D5616B41B104F1440348
:10174000994202D03046F6F733F800236363A38949
:1017500023F02403A3810023636023692360A3890A
:1017600043F00803A38123694BB9A38903F42073D1
:10177000B3F5007F03D02146304600F007FAA08978
:10178000B4F90C2010F001030AD00023A3606369B0
:101790005B42A361236943B910F08000BAD170BDE8
:1017A000810758BF6369A360F4E70020F7E700BF33
:1017B000C41A00206C3A01008C3A01004C3A010036
:1017C00008B5062000F0A6FB012000F0ABFC0000ED
:1017D0008A892DE9F041054610070C4658D44B681C
:1017E000002B05DC0B6C002B02DC0020BDE8F08137
:1017F000E66A002EF9D0002312F480522F682B6085
:1018000032D0606DA3895A0705D56368C01A636B2F
:101810000BB1236CC01A00230246E66A216A2846EF
:10182000B047431CA38906D129681D292CD82A4A10
:10183000CA40D60728D500226260D90422692260F6
:1018400004D5421C01D12B6803B96065616B2F6020
:101850000029CAD004F14403994202D02846F5F782
:10186000A7FF00206063C1E7216A01232846B04733
:10187000411CC7D12B68002BC4D01D2B01D0162BC7
:1018800001D12F60B1E7A38943F04003A381ADE705
:101890000F69002FA9D093070E6808BF4B690F602E
:1018A00018BF0023A6EB07088B60B8F1000F9CDD82
:1018B000216AA66A43463A462846B047002806DC15
:1018C000A38943F04003A3814FF0FF308EE7074424
:1018D000A8EB0008E9E700BF0100402038B50B691C
:1018E00005460C4613B90025284638BD18B1836952
:1018F0000BB900F087F8144B9C421BD16C68B4F90B
:101900000C30002BEFD0626ED00704D4990502D4BE
:10191000A06D00F015F928462146FFF759FF636EC8
:10192000DA070546E0D4A3899B05DDD4A06D00F05D
:1019300008F9D9E7054B9C4201D1AC68DFE7044BBD
:101940009C4208BFEC68DAE76C3A01008C3A01006F
:101950004C3A0100002310B50446C0E90033C0E949
:101960000433836081814366C28183611946082202
:101970005C30FFF7C9FA054B6362054BA362054B68
:10198000E362054B2462236310BD00BF4D1F0100BD
:101990006F1F0100A71F0100CB1F0100014900F0CC
:1019A000AFB800BFDD18010070B54A1E6825554369
:1019B0000E4605F17401F5F7F8FE044640B100212A
:1019C000C0E900160C30A06005F16802FFF79CFA30
:1019D000204670BD014800F0B3B800BF8CD2002093
:1019E000014800F0AEB800BF8CD20020014800F0E2
:1019F000A7B800BF87D20020014800F0A2B800BFFE
:101A000087D2002010B50446FFF7F0FFA3691BB191
:101A1000BDE81040FFF7F0BFC4E912332365134B54
:101A2000134A1B68A262A34204BF0123A36120469C
:101A300000F020F86060204600F01CF8A06020460E
:101A400000F018F80022E06004216068FFF782FFD0
:101A5000A06801220921FFF77DFFE0680222122120
:101A6000FFF778FF0123A361D2E700BF143A01001A
:101A70009D190100F8B50746FFF7ACFF1E4B1E6825
:101A8000B36913B93046FFF7BDFF4836D6E90134D4
:101A9000013B03D533680BB33668F7E7B4F90C5054
:101AA000D5B9164BE36004F15800656600F047F8BD
:101AB000FFF796FFC4E90155C4E904552560A56107
:101AC0000822294604F15C00FFF71EFAC4E90D550F
:101AD000C4E912552046F8BD6834D9E704213846D8
:101AE000FFF762FF044630600028D5D1FFF778FF8A
:101AF0000C233B60EEE700BF143A01000100FFFF3A
:101B00002DE9F8430646884600F148040027D4E949
:101B10000195B9F1010905D52468002CF7D13846A3
:101B2000BDE8F883AB89012B07D9B5F90E30013335
:101B300003D029463046C04707436835E9E7704778
:101B40007047704770B50E46B1F90E10002996B077
:101B500014461D4607DA00232B60B3891A0610D4F9
:101B60004FF480630EE06A4600F056FA0028F2DB7C
:101B7000019A02F47042A2F500535A425A412A6077
:101B8000EEE740230020236016B070BD8B8973B54B
:101B90009D0706460C4607D504F1470323602361E1
:101BA0000123636102B070BD01AB6A46FFF7CAFF53
:101BB000009905463046F5F7F8FD48B9B4F90C3000
:101BC0009A05EFD423F0030343F00203A381E3E774
:101BD0000D4BB362A389206043F08003A381009B77
:101BE0006361019B20615BB1B4F90E10304600F0D7
:101BF00025FA28B1A38923F0030343F00103A3814D
:101C0000A0890543A581CDE79D1901002DE9F04785
:101C10008E689E4282460C4690461F4638D88A8976
:101C200012F4906F32D025680969A5EB0109656946
:101C300005EB450505EBD57501334B446D109D4211
:101C400038BF1D46530531D52946F5F7AEFD06468A
:101C500050B90C23CAF80030A38943F04003A38194
:101C60004FF0FF30BDE8F08721694A46FFF724F9BD
:101C7000A38923F4906343F08003A3812661656107
:101C80004E44A5EB09052660A5603E46BE4200D93C
:101C90003E46324620684146FFF71CF9A368226899
:101CA0009B1B3244A36022600020DBE72A46F5F745
:101CB00082FD06460028E1D121695046F5F778FDFE
:101CC000C7E700002DE9F04F98468B891B069DB0B1
:101CD00007460D4614460ED50B6963B94021F5F74A
:101CE00064FD2860286120B90C233B604FF0FF3071
:101CF000D1E040236B610023099320238DF8293024
:101D0000CDF80C803023DFF8A8818DF82A304FF011
:101D1000010923469A4613F8012B0AB1252AF9D165
:101D2000BAEB040B0BD05B46224629463846FFF738
:101D30006DFF013000F0AA80099A5A4409929AF87E
:101D40000030002B00F0A28000234FF0FF32CDE9DD
:101D500005230AF1010A049307938DF853301A936F
:101D60005446052214F8011B5148EEF749FB049A2A
:101D7000D8B9D00644BF20238DF85330110744BF93
:101D80002B238DF853309AF800302A2B15D0079A60
:101D9000544600204FF00A0C214611F8013B303B1D
:101DA000092B4ED9B0B1079214E0A0EB080309FA51
:101DB00003F313430493A246D2E7039B191D1B6848
:101DC0000391002BBBBF5B4242F0020207930793D3
:101DD000B8BF049223782E2B0CD163782A2B35D1EF
:101DE000039B1A1D1B680392002BB8BF4FF0FF33F3
:101DF00002340593DFF8C8A0217803225046EEF79D
:101E0000FFFA40B14023A0EB0A0003FA00F0049B64
:101E100003430134049314F8011B26488DF828105D
:101E20000622EEF7EDFA002838D0234B1BBB039BAC
:101E3000073323F0070308330393099B33440993C3
:101E400067E70CFB02320C460120A5E700230134B2
:101E5000059319464FF00A0C204610F8012B303A32
:101E6000092A03D9002BC5D00591C3E70CFB01213A
:101E700004460123F0E703AB00932A460F4B04A965
:101E80003846AFF30080421C0646D6D1AB895B06CC
:101E90003FF52CAF09981DB0BDE8F08F03AB009360
:101EA0002A46064B04A93846FFF7FEF9EBE700BFC8
:101EB000183A0100223A0100000000000D1C010048
:101EC0001E3A01001F2938B504460D4604D91623D1
:101ED00003604FF0FF3038BD426C12B152F8213030
:101EE0004BB9204600F030F82A4601462046BDE8AE
:101EF000384000F017B8012B0AD0591C03D1162323
:101F000003600120E7E7002442F82540284698476F
:101F10000020E0E7024B01461868FFF7D3BF00BF7F
:101F2000C41A002038B5074D002304460846114660
:101F30002B6000F0D7F8431C02D12B6803B123605B
:101F400038BD00BF80D2002000F0BCB810B50C46F0
:101F5000B1F90E1000F094F80028ABBF636DA389AF
:101F60001B1823F48053ACBF6365A38110BD2DE91A
:101F7000F0411F468B89DB0505460C46164605D504
:101F8000B1F90E100223002200F068F8A389B4F919
:101F90000E1023F48053A38132463B462846BDE809
:101FA000F04100F017B810B50C46B1F90E1000F072
:101FB00055F8431CA38915BF606523F4805343F48F
:101FC0008053A38118BFA38110BDB1F90E1000F09A
:101FD00013B8000038B5074D0446084611460022E4
:101FE0002A601A4600F096F8431C02D12B6803B110
:101FF000236038BD80D2002038B5064D002304464A
:1020000008462B6000F04EF8431C02D12B6803B148
:10201000236038BD80D2002038B5074D0023044628
:10202000084611462B6000F045F8431C02D12B688E
:1020300003B1236038BD00BF80D2002038B5064D03
:102040000023044608462B6000F044F8431C02D1EC
:102050002B6803B1236038BD80D2002038B5074D0E
:1020600004460846114600222A601A4600F042F84B
:10207000431C02D12B6803B1236038BD80D20020FD
:1020800038B5074D04460846114600222A601A4614
:1020900000F038F8431C02D12B6803B1236038BD2F
:1020A00080D20020024B58221A604FF0FF30704758
:1020B00080D20020024B58221A604FF0FF30704748
:1020C00080D20020024B58221A604FF0FF30704738
:1020D00080D20020024B58221A600020704700BFB7
:1020E00080D20020024B58221A604FF0FF30704718
:1020F00080D20020024B58221A604FF0FF30704708
:1021000080D20020024B58221A604FF0FF307047F7
:1021100080D20020024B58221A604FF0FF307047E7
:0821200080D20020FEE700BFA1
:10212800696E7374616E6365002F686F6D652F72D9
:10213800756E6E65722F776F726B2F6F742D746961
:102148002F6F742D74692F6578616D706C65732FAE
:10215800617070732F7263702F6D61696E2E6300EA
:102168006170705F6D61696E004150500046726128
:102178006D696E67206572726F722025643A205B04
:10218800002025303258005D0A00020405060700C9
:1021980000000000351300000000000001000000EE
:1021A8003F1300000000000002000000BF13000001
:1021B80000000000030000005D13000000000000A4
:1021C8000400000065130000000000000500000086
:1021D8006D1300000000000006000000D513000089
:1021E8000000000007000000E513000000000000E8
:1021F80008000000F11300000000000009000000C2
:102208000B140000000000000C0000001314000074
:10221800000000000D000000DD13000000000000B9
:1022280020000000610F00000000000021000000F5
:10223800770F0000000000002200000013190000C2
:102248000000000023000000E51600000000000068
:1022580024000000311700000000000025000000E5
:10226800831700000000000026000000B7160000D9
:102278000000000027000000CD160000000000004C
:102288002900000029190000000000002A000000B1
:10229800D5170000000000002C00000059180000AD
:1022A800000000003000000057120000000000008D
:1022B8003100000021120000000000003200000080
:1022C80043120000000000003400000079100000F4
:1022D8000000000035000000AD1000000000000004
:1022E8003600000043100000000000003700000026
:1022F800C51000000000000038000000D10F0000E9
:1023080000000000B0000000651A00000000000096
:10231800B10000006D1A0000000000000208000073
:10232800B11D000000000000040800008511000035
:1023380000000000050800009B11000000000000DC
:102348000B120000891D00000000000003130000AC
:10235800A11D00000000000000400000A5180000BA
:102368000000000001400000A91800000000000063
:1023780002400000A7180000000000000340000011
:10238800051900000000000007000000ED13000020
:102398000000000020000000F51E00000000000002
:1023A800210000008D0F0000000000002400000044
:1023B8005F1700000000000025000000B1170000B2
:1023C800000000002A0000000318000000000000C0
:1023D8002B00000027180000000000002C0000005F
:1023E8008718000000000000300000008112000083
:1023F8000000000031000000291200000000000069
:10240800320000004D1200000000000034000000FF
:10241800911000000000000035000000291F000096
:1024280000000000360000005B1000000000000003
:1024380037000000D5100000000000003800000040
:10244800EF0F0000000000003B0000002510000016
:10245800000000003C000000471F000000000000D2
:102468003D0000001D1100000000000000080000F1
:10247800DD20000000000000010800006F210000BE
:102488000000000003080000BB210000000000005D
:1024980003130000CB1D000000000000041300001F
:1024A800F71D000000000000051300003B1E00009F
:1024B8000000000003400000C118000000000000F8
:1024C80008100000F91200000000000004130000CA
:1024D800B71E00000000000005130000D51E000014
:1024E80000000000081000001713000000000000A2
:1024F800041300007D1E000000000000051300000A
:102508009B1E000000000000000000007700000093
:102518000000000070000000000000000100000042
:1025280060000000000000000100000061000000E1
:10253800000000000100000063000000000000002F
:102548000100000041000000000000000100000040
:1025580043000000000000000100000048000000E7
:10256800000000000100000047000000000000001B
:10257800010000000D15000000000000010000002F
:102588005200000000000000010000005A00000096
:1025980000000000010000005B00000000000000D7
:1025A80001000000420000000000000001000000DF
:1025B80049000000000000000100000000000000C9
:1025C8000B00000001000000000000000E000000E9
:1025D800010000000000000068000000000000008A
:1025E800300000000000000000000000660000004D
:1025F80000000000010000002100000000000000B1
:10260800010000003600000000000000010000008A
:102618004400000000000000010000004500000028
:10262800000000000100000046000000000000005B
:10263800010000004B000000000000000100000045
:102648004C00000000000000000000002200000014
:102658000000000001000000000000006A00000007
:1026680000000000000000006900000000000000F9
:10267800000000006C0000000000000000000000E6
:102688006D000000000000000D19000000000000AF
:10269800010000003E1500000000000000000000DE
:1026A800710900000000000000000000BCCF0020FD
:1026B8001C2701003018002020CF002088D00020DF
:1026C800FFFFFFFF051E0000F43401001CCF0020AF
:1026D80020270100010000000000000051700000E8
:1026E8001DD200000101010000000000FF000100F0
:1026F8004124000007000000E4CF00202827010043
:1027080070CA002034270100010000009CCF00207F
:102718008C270100FF00000000400100004000007D
:10272800FF0000000000000080A903000010004026
:1027380015000000FF000000E42E0020200000002B
:10274800042F002020000000000000000C00000002
:102758000D000000FF000000FF000000201800200E
:10276800101800200400000002000000050000000E
:10277800100000000F00000011000000120000000F
:1027880000020000000002400929FF0000010407C0
:10279800040402020230203D3D20726574002F6857
:1027A8006F6D652F72756E6E65722F776F726B2FF6
:1027B8006F742D74692F6F742D74692F7372632F62
:1027C80073797374656D2E63002F74696F705F7011
:1027D800726F63657373006F745461736B6C6574A7
:1027E800735369676E616C50656E64696E670070DB
:1027F8006C6174666F726D416C61726D5369676E5E
:10280800616C00706C6174666F726D416C61726DA1
:102818004D6963726F5369676E616C00706C6174A7
:10282800666F726D556172745369676E616C007082
:102838006C6174666F726D526164696F5369676E1B
:10284800616C002F7561727472785F70726F636566
:10285800737300614672616D6520213D206E756C51
:102868006C707472202626206141636B4672616D1C
:102878006520213D206E756C6C70747200766F69EE
:1028880064206F744D61634672616D6547656E655E
:1028980072617465496D6D41636B28636F6E737403
:1028A800206F74526164696F4672616D652A2C20CD
:1028B800626F6F6C2C206F74526164696F4672612D
:1028C8006D652A29002F686F6D652F72756E6E65AC
:1028D800722F776F726B2F6F742D74692F6F742D31
:1028E80074692F6F70656E7468726561642F65789E
:1028F800616D706C65732F706C6174666F726D7347
:102908002F7574696C732F6D61635F6672616D6595
:102918002E637070006F744572726F72206F744D01
:1029280061634672616D6547656E65726174654580
:102938006E6841636B28636F6E7374206F745261A5
:1029480064696F4672616D652A2C20626F6F6C2C0A
:1029580020636F6E73742075696E74385F742A2CE7
:102968002075696E74385F742C206F7452616469C5
:102978006F4672616D652A29006144657374202170
:102988003D206E756C6C7074720075696E74385F7A
:1029980074206F744D61634672616D6547656E653D
:1029A8007261746543736C496554656D706C6174CC
:1029B800652875696E74385F742A290075696E74A4
:1029C800385F74206F744D61634672616D65476549
:1029D8006E6572617465456E6841636B50726F62B3
:1029E800696E6749652875696E74385F742A2C208A
:1029F800636F6E73742075696E74385F742A2C2047
:102A080075696E74385F742900000000022C00009C
:102A180000000000000000000000000000000000AE
:102A28000000000000000000000000000228000074
:102A3800000000000000000000000000000000008E
:102A48000000000002080000000000000000000074
:102A58000001010008001772C018002000000000E3
:102A68000000000000000000012800000000000035
:102A7800000000000001003000000000000000001D
:102A88000003FF18640000000000000000000000C0
:102A98007856341200000000BAAB000000000001B4
:102AA8000000000000000000032C000000000000EF
:102AB800000000000000000000000000012C0000E1
:102AC80000000000000000000001001E00000000DF
:102AD800000000006572726F72203D3D204F545F08
:102AE8004552524F525F4E4F4E45002F686F6D65ED
:102AF8002F72756E6E65722F776F726B2F6F742DD4
:102B080074692F6F742D74692F7372632F656E74D7
:102B1800726F70792E6300706C6174666F726D529B
:102B2800616E646F6D496E6974004F50454E54482C
:102B3800524541442F312E342E302D4B6F656E6B2C
:102B48006B2D323032362E362E392D70722D3939A2
:102B580066306337623B204343313358585F434301
:102B6800323658583B204A756E2031302032303288
:102B7800362030373A33303A3230000029450000E9
:102B88007D4500001B450000B12600000527000018
:102B9800A12600004145534543425F68616E646C5D
:102BA8006520213D203000002F686F6D652F7275FC
:102BB8006E6E65722F776F726B2F6F742D74692F1D
:102BC8006F742D74692F74686972645F70617274B0
:102BD800792F6D626564746C732F616C742F6165F5
:102BE800735F616C742E63007374617475734372E0
:102BF8007970746F203D3D20300000006D6265647F
:102C0800746C735F6165735F696E697400000000BE
:102C18006D626564746C735F6165735F7365746B13
:102C280065795F656E6300006D626564746C735FDF
:102C38006165735F63727970745F65636200536581
:102C48006D6170686F726550000000000000000040
:102C580000000000FFFFFFFF0000000049444C4552
:102C680000546D722053766300000000FFFFFFFFE1
:102C78000000000000000000000000003A013A01D6
:102C88000000000000000000000000000205000035
:102C98000201000001F1011101F100000000000033
:102CA8000111000001F10000000001110000000006
:102CB800000000000000000000000000000000000C
:102CC800000000000000000001110000E1440021A4
:102CD80099400021B54000211F410021E140002119
:102CE8005545002191450021514100215D410021B8
:102CF80069410021854100213B460021CD41002149
:102D0800E5410021FD410021394200216F460021A3
:102D1800DF460021EB470021DB0705D000F003F870
:102D28000249087070BD70B5014D2847E0040021C4
:102D38001D240200074C657900F009F861796940A3
:102D4800490703D50121044A8903116070BD70B594
:102D58000249084780030021081104402D5900004A
:102D680000F019F8E1B26C290BD0042801D006282C
:102D780007D110490978C90703D12178090700D478
:102D880002200D490A780C21114202D00B498022F9
:102D98000A6003B0F0BDF0B583B0094908470020C8
:102DA8000849884704480178402291430170064841
:102DB80000470000C80000213301002100E200E0C4
:102DC80041160300F7630000231B030070B500479A
:102DD80000F046FA00480047577F000000F046FA26
:102DE800004800471B8800000599880A802805D1FB
:102DF800134988788007800F00F050FA0048004790
:102E0800D96E00000FB40F48C188002902D01046BF
:102E180000F044FA079B9B0A084D832B08D1084C05
:102E280023899B0604D500F005F8002800D0423518
:102E38000FBC284770B50448004700001F0B02006C
:102E48006001002180030021EB090200094B1A7878
:102E58000824A243002800D022431A70004A1047D1
:102E6800838E000003490878000701D40248004710
:102E780070470000800300215F7E00000848094A6F
:102E880003689A420AD108480289084BD21A01D02D
:102E9800012A03D1406E064988470399054B184714
:102EA800A8020021BD0302006001002121180000D2
:102EB800F1350000BD060000044A28209047044868
:102EC800012141600348044A416010474F42000015
:102ED800005004400060044085420000F8B50149F4
:102EE800084700000D64000070B51F4D2878C4B273
:102EF8001E4880472878032834D1032C32D01C4838
:102F08008068400DC2071A48014660318030002AA7
:102F180003D01F240C57458802E01E240C5705884F
:102F2800002C1FD01348154A4169007941434810C5
:102F380011494969401810494039497F904740056F
:102F48004015694288420DDBA8420BDC0C4B99699D
:102F580088B20246090C624309045212801880B2F2
:102F68000843986170BD0000E40200217941000027
:102F7800280000218003002100030021CB810000EC
:102F88004040044010B5864C21464031087D012858
:102F980034D18448C07D4008C0072FD02046603017
:102FA80042795208D20729D04089800B012825D1BF
:102FB800087E4109C9070CD0A16F00070988C00F16
:102FC8004002090408436066A06F801C00F076FA8E
:102FD80013E0744820308069406800280ED0724A97
:102FE80000230178D356591A08D4C9000818417823
:102FF800C90703D0016861664068A0666B488047CE
:1030080010BDF8B5664C6A4926462036707B2546C1
:10301800403500902F79B800401880688047002814
:1030280028D16049C97D0909C90723D022466432DD
:10303800152F20D0297E00234F09FF0703D06D7D6F
:10304800002D00D00123009FA56FBB4312D0737BD6
:10305800002B0FD0237D5B060CD5D288920B012A5A
:1030680008D1C908C90705D0A988890B012901D148
:1030780000217173F8BDAB7EE97D012BE3D00023FD
:10308800E1E770B5464C2546606A803500281DD1B9
:103098005420005D0022002817D06420005D8008BD
:1030A800C00712D0A9688888800B01280DD13D4837
:1030B800C07D4008C00708D03A48203080690068C1
:1030C800002802D02962A86000E02A6239488047B7
:1030D800616A002903D1296A002900D0A96070BD5E
:1030E800F8B52F4C344920464030027D002A2FD0B5
:1030F800807E25468035032802D0042803D027E0A7
:103108000120E87524E06420005D8008C0071FD016
:10311800A8688088800B01281AD12248EA7DC07DE2
:10312800002A13D0C008C00712D026462036777B65
:1031380088470146394308D1217D090605D56988A4
:10314800890B012901D100217173F8BD8008EAE7D4
:103158008847F8BD124880300021C17517480047DC
:103168000F4940310871262814D006DC152813D0E1
:103178001B280BD01F2804D10AE03D280ED0472871
:103188000AD00B4980004018806870470C48704787
:103198000C4870470C4870470C4870470C487047FB
:1031A80060010021C8000021E00400215949020003
:1031B800005502008F3D020075300200152A0200FA
:1031C800D5440021614400210344002183430021A8
:1031D8000543002110B50C4988470C4A0621515E69
:1031E800002907D0022905D0092903D0102901D0C8
:1031F800112907D17721C943884201DD002801DD63
:103208007F20C04310BD0000A96500008003002195
:1032180010B51048C1881048052918D00F4C2168EE
:103228004A0852002260A26B52085200A263216031
:10323800FFF7CCFDA06B000708D401202060606078
:103248000020401C0C28FCDB1420206210BDFFF776
:10325800BDFD10BD800300213F5B000000600440FD
:10326800806B0C490007000F48717047094A0A49EA
:1032780018235079CB56497EC018814201DD084693
:1032880002E00F2800DD0F20D18909090901014357
:10329800D1817047E0020021880000210849C979DE
:1032A800CA08D20708D0C1400648C90701D0064954
:1032B80000E00649491CC1607047002070470000C3
:1032C800E8000021280000218801000050010000CA
:1032D80010B53348314C8047012807D02034217D70
:1032E800002903D101212F4A0905916010BD072843
:1032F80001D02D4A10472D4A4A60C87270470122F2
:103308002C4B02212A481847274810B5F830804727
:103318002948406A00280DD128490A200856002863
:1033280009DA401C07D008462038406A24498842F8
:1033380000D1804710BDFFF7E2FF10BD0021224BEE
:10334800204A0846184701202049400208602048C2
:10335800FB2201781140017013480C30004710B56A
:103368001C49884715492039012807D0020404D58B
:103378000020088518484862012010BD4A6A0A4B97
:103388000C339A4201D1154A05E00B494A6A144B9D
:103398009A42F2D1134A4A6210BD0000600100212E
:1033A80075A6020000110440A991020051460021AF
:1033B800060800009F0600000801002154010021B2
:1033C8006392020089460021B5B4020080E100E062
:1033D80080030021F79602007F460021C74600219E
:1033E80069950200BD46002110B501462B4B2C48BB
:1033F80000E020BF42699207FBD12948DA7A4030C1
:1034080000680B2A01D100F043F810BD2022521A9F
:103418009040244A00BA93694340214800E020BF05
:1034280042699207FBD488001F494018C3631C48AF
:1034380040300360704710B5194800E020BF42696A
:103448009207FBD4426B174B986950405A8AD407AD
:1034580001D00124604052085A822022511A884023
:103468000F4900BA4031086010BD10B50446FFF797
:1034780035FD0C49097C8909C80708D00B48E107C4
:1034880001D00B4900E00B4901620B49416210BDB4
:103498002022511A884000BA7047000060010021BC
:1034A8000020044028000021C0210440800300219E
:1034B800B74700218D47002169470021820881070D
:1034C8009200C90E0CCAC078CA40494220318B40CC
:1034D8001A431102090A0006084370470200000057
:1034E80000000000FFFFFFFF00000000D9C400003B
:1034F800E1C40000C9C60000E9C400002DC50000F1
:1035080005C50000C1C8000081C5000021C5000034
:10351800FDC600008E0000008E0001008E00020033
:103528008E0003008F0000018F0000028F0000034F
:103538008E0001048E0000058E0008048E00000431
:1035480089000006500000007F0001003F000400D1
:103558003F0002003F0001007F0002008E000204CD
:103568008E0001028E000101020000000000000030
:1035780000000000FFFFFFFF000000000000000047
:103588000000000000000000000000000000000033
:103598000100000000C2010003000000000000005C
:1035A8000020406000060286820000000008101813
:1035B80020000000000800000001020304000000D1
:1035C80001000000000000000000000000000000F2
:1035D80000000000000000000000000000000000E3
:1035E80002000000000000000000000000000000D1
:1035F80000000000000000000000000000000000C3
:1036080003000000010200030200010366616C73FD
:10361800650075696E74385F742A206F743A3A537E
:1036280070696E656C3A3A4275666665723A3A47F1
:103638006574557064617465644275665074722867
:1036480075696E74385F742A2C2075696E7431360A
:103658005F742C206F743A3A5370696E656C3A3A0D
:103668004275666665723A3A446972656374696F51
:103678006E2920636F6E7374002F686F6D652F72EB
:10368800756E6E65722F776F726B2F6F742D7469FC
:103698002F6F742D74692F6F70656E746872656111
:1036A800642F7372632F6C69622F7370696E656C17
:1036B8002F7370696E656C5F6275666665722E63DE
:1036C80070700075696E7431365F74206F743A3AA1
:1036D8005370696E656C3A3A4275666665723A3A35
:1036E80047657444697374616E636528636F6E73AC
:1036F800742075696E74385F742A2C20636F6E733A
:10370800742075696E74385F742A2C206F743A3A85
:103718005370696E656C3A3A4275666665723A3AF4
:10372800446972656374696F6E2920636F6E737480
:10373800006D5772697465446972656374696F6E68
:1037480020213D206B556E6B6E6F776E006F744550
:1037580072726F72206F743A3A5370696E656C3A80
:103768003A4275666665723A3A496E4672616D65A7
:10377800417070656E642875696E74385F742900CD
:103788006E756D5365676D656E7473203C3D206B77
:103798004D61785365676D656E7473006F7445721B
:1037A800726F72206F743A3A5370696E656C3A3A68
:1037B8004275666665723A3A4F75744672616D6510
:1037C80052656D6F76652829000000000000000032
:1037D8000000891112239B322446AD573665BF7409
:1037E800488CC19D5AAFD3BE6CCAE5DB7EE9F7F8B9
:1037F8008110080193331A22A5562C47B7753E64E9
:10380800C99C408DDBBF52AEEDDA64CBFFF976E898
:1038180002218B30100299132667AF763444BD55C8
:103828004AADC3BC588ED19F6EEBE7FA7CC8F5D978
:1038380083310A2091121803A7772E66B5543C45A8
:10384800CBBD42ACD99E508FEFFB66EAFDD874C958
:1038580004428D5316619F702004A9153227BB3688
:103868004CCEC5DF5EEDD7FC6888E1997AABF3BA38
:1038780085520C4397711E60A1142805B3373A2668
:10388800CDDE44CFDFFD56ECE9986089FBBB72AA18
:1038980006638F7214409D512225AB343006B91748
:1038A8004EEFC7FE5CCCD5DD6AA9E3B8788AF19BF8
:1038B80087730E6295501C41A3352A24B116380728
:1038C800CFFF46EEDDDC54CDEBB962A8F99A708BD8
:1038D800088481951AA793B62CC2A5D33EE1B7F008
:1038E8004008C919522BDB3A644EED5F766DFF7CB8
:1038F800899400859BB712A6ADD224C3BFF136E0E8
:10390800C1184809D33B5A2AE55E6C4FF77D7E6C97
:103918000AA583B4188691972EE3A7F23CC0B5D1C7
:103928004229CB38500AD91B666FEF7E744CFD5D77
:103938008BB502A499961087AFF326E2BDD034C1A7
:10394800C3394A28D11A580BE77F6E6EF55C7C4D57
:103958000CC685D71EE597F42880A1913AA3B3B287
:10396800444ACD5B5669DF78600CE91D722FFB3E37
:103978008DD604C79FF516E4A9902081BBB332A267
:10398800C55A4C4BD7795E68E11C680DF33F7A2E17
:103998000EE787F61CC495D52AA1A3B03882B19347
:1039A800466BCF7A5448DD59622DEB3C700EF91FF7
:1039B8008FF706E69DD414C5ABB122A0B992308327
:1039C800C77B4E6AD5585C49E33D6A2CF11E780FD7
:1039D8002C2066756E6374696F6E3A20006173738C
:1039E800657274696F6E2022257322206661696C86
:1039F80065643A2066696C6520222573222C206C48
:103A0800696E65202564257325730A00C81A00208D
:103A1800232D302B2000686C4C00656667454647AF
:103A28000030313233343536373839414243444532
:103A380046003031323334353637383961626364A1
:103A480065660000000000000000000000000000A3
:103A5800000000000000000000000000000000005E
:103A6800000000000000000000000000000000004E
:103A7800000000000000000000000000000000003E
:103A8800000000000000000000000000000000002E
:103A9800000000000000000000000000000000001E
:043AA800000000001A
:103AAC00000000000000000000000000000000000A
:103ABC000000000002600000000400200004002050
:103ACC000260000002600000026000000260000062
:103ADC00022000200104002002600020026000206F
:103AEC00010800200260000002600000026000007B
:103AFC000260000002600000026000000260000032
:103B0C0002600020000400200004002001040020BA
:103B1C000008002000080020000800200100FEFF23
:103B2C0000000000C5C10000000000000000000003
:103B3C0083880F00D388F300FFFFFFFFECC604005F
:103B4C0000EEC8060000F1CA060000F4CC0A000022
:103B5C00F6CF0A0000F7D00A0000FAD4100000FBE0
:103B6C00D6120000FD9318000000532800000156E7
:103B7C002800000259320000035D38000004634E37
:103B8C00000005177200007FFFFF3F002B000000B4
:103B9C0000000000000000000A000000000000000F
:103BAC0004000000080000000000000009000000F4
:103BBC00AAAAAAAA91A10000239C00000000000060
:103BCC0000000000000000000000000000000000E9
:103BDC0000000000000000000000000000000000D9
:103BEC0000000000000000000000000000000000C9
:103BFC0000000000000000000000000000000000B9
:103C0C0000000000000000000000000000000000A8
:103C1C000000000000000000000000000000000098
:103C2C000000000000000000000000000000000088
:103C3C000000000000000000000000000000000078
:103C4C000000000000000000000000000000000068
:103C5C000000000000000000000000000000000058
:103C6C000000000000000000000000000000000048
:103C7C000000000000000000000000000000000038
:103C8C000000000000000000000000000000000028
:103C9C000000000000000000000000000000000018
:103CAC000000000000000000000000000000000008
:103CBC0000000000000000000000000000000000F8
:103CCC0000000000000000000000000000000000E8
:103CDC0000000000000000000000000000000000D8
:103CEC0000000000000000000000000000000000C8
:103CFC0001000000000000000000000001000000B6
:103D0C0000000000000000000000000000000000A7
:103D1C0000000000000000000000000099C9000035
:103D2C001DCA000095C90000000000000000000042
:103D3C0000008000C81A0020000000006C3A01004E
:103D4C008C3A01004C3A0100000000000000000019
:103D5C000000000000000000000000000000000057
:103D6C000000000000000000000000000000000047
:103D7C000000000000000000000000000000000037
:103D8C000000000000000000000000000000000027
:083D9C0000000000000000001F
:083DA4006CC3FE7F010000006A
:020000025000AC
:107FA800000080011000C0FFFDFF5800FFC1B9F1BB
:107FB800FFFFFFFFFFFFFFFFFFFFFFFFFFFFFFFFC9
:107FC800FFFFFFFFFFFFFFFFFFFFFFFFFFFFFFFFB9
:107FD800C50FFEC5FFFFFFFF00FFFFFF00C5C5FF80
:107FE800000000FF00000000FFFFFFFFFFFFFFFF92
:087FF800FFFFFFFFFFFFFFFF89
:0400000300006AA9E6
:00000001FF
