:1000000088DA0020E5690000F5690000F769000062
:10001000FB690000F9690000FB690000FB69000052
:10002000FB690000FB690000FB69000041960000CD
:10003000FB690000FB69000091960000E197000059
:10004000FB690000FB690000FB690000FB69000020
:10005000FB690000FB690000FB690000FB69000010
:10006000FB690000FB690000FB690000FB69000000
:10007000FB690000FB690000FB690000FB690000F0
:10008000FB690000FB690000FB690000FB690000E0
:10009000FB690000FB690000FB690000FB690000D0
:1000A000FB690000FB690000FB690000FB690000C0
:1000B000FB690000FB690000FB690000FB690000B0
:1000C000FB690000FB690000FB690000FB690000A0
:0800D000FB690000FB69000060
:1000E00053B94AB9002908BF00281CBF4FF0FF319F
:1000F0004FF0FF3000F06EB9ADF1080C6DE904CEA1
:1001000000F006F8DDF804E0DDE9022304B07047F2
:100110002DE9F047089D04468C46002B40F0838073
:100120008A42174647D9B2FA82F242B1C2F12000A0
:1001300024FA00F09140974040EA010C94404FEAC5
:100140001748230CBCFBF8F61FFA87FE08FB16C104
:1001500043EA014306FB0EF1994209D9FB1806F167
:10016000FF3080F01981994240F21681023E3B44F3
:100170005B1AA4B2B3FBF8F008FB103344EA034463
:1001800000FB0EFEA64509D93C1900F1FF3380F0B3
:100190000581A64540F2028102383C4440EA06400F
:1001A000A4EB0E0400261DB1D4400023C5E9004392
:1001B0003146BDE8F08702B9FFDEB2FA82F2002ACA
:1001C00050D1CB1B4FEA174E1FFA87F80126B3FB1D
:1001D000FEFC210C0EFB1C3341EA034108FB0CF32F
:1001E0008B4207D979180CF1FF3002D28B4200F212
:1001F000E9808446C91AA3B2B1FBFEF00EFB1011D0
:1002000043EA014408FB00F8A04507D93C1900F176
:10021000FF3302D2A04500F2D9801846A4EB0804AF
:1002200040EA0C40BFE78B4209D9002D00F0B180B5
:100230000026C5E9000130463146BDE8F087B3FA33
:1002400083F6002E4AD18B4202D3824200F2B8805C
:10025000841A61EB030101208C46002DA8D0C5E96A
:10026000004CA5E7C2F1200320FA03F6974001FAFB
:1002700002F04FEA174ED9403043030CB1FBFEF6B3
:100280001FFA87F80EFB161143EA014306FB08F13B
:10029000994204FA02F409D9FB1806F1FF3C80F0F8
:1002A0008D80994240F28A80023E3B445B1A81B2C3
:1002B000B3FBFEF00EFB103341EA034100FB08F3F1
:1002C0008B4207D9791800F1FF3C73D28B4271D968
:1002D00002383944CB1A40EA064678E7C6F1200CCA
:1002E00003FA06F422FA0CF31C4320FA0CF701FA85
:1002F00006F34FEA144E21FA0CF11F433B0CB1FBFD
:10030000FEF91FFA84F80EFB191143EA014109FBBB
:1003100008FA8A4502FA06F200FA06F308D96118CB
:1003200009F1FF3048D28A4546D9A9F10209214492
:10033000A1EB0A01BFB2B1FBFEF00EFB101147EAC0
:10034000014700FB08F8B84507D9E71900F1FF316C
:100350002ED2B8452CD90238274440EA0940A7EBF1
:100360000807A0FB02894F45C64649461AD317D055
:100370005DB1B3EB0E0267EB010707FA0CFCF2402C
:100380004CEA0202F740C5E9002700263146BDE8E5
:10039000F0872E4628460BE70646E9E61846FDE6B6
:1003A0004345E5D2B8EB020E69EB04010138DFE703
:1003B0000846D2E760468DE78146B9E7664675E7AD
:1003C00030464AE7ACF1020C394413E702383C44AA
:1003D00024E700BF704700BF10F8012B11F8013B64
:1003E000012A28BF9A42F7D0D01A7047034613F863
:1003F000012B002AFBD1181A0138704700000000B9
:1004000001F0FF01102A2BDB10F0070F08D010F8C5
:10041000013B013A8B422DD010F0070F42B3F6D1C9
:10042000F0B441EA012141EA014122F007047FF0E2
:1004300000070023F0E80256083C85EA010586EA39
:10044000010685FA47F5A3FA87F586FA47F6A5FA75
:1004500087F68EB9EED1F0BC01F0FF0102F0070281
:1004600032B110F8013B013A83EA010313B1F8D12C
:100470000020704701387047002D06BF354603380D
:10048000073815F0010F07D1013015F4807F02BF46
:10049000013015F4C03F0130F0BC0138704700BF97
:1004A00070B505460E463146284603F08DFC04F033
:1004B000DBF8044628B90B4B0B4A0C485F2110F0BF
:1004C0004FFC00F01FF803F0ABFC18B1204604F01D
:1004D000CFF8E8E7204604F083F9204603F036FD24
:1004E000F1E700BF582001009820010061200100C1
:1004F00010B50C4603F0C6FD204610BD00F02DB926
:1005000000F022B910B5044603F07AFD20460249F6
:10051000BDE8104000F076B8F10400000021084664
:10052000FFF7BEBF1FB502F004F80EF005FB0BF09D
:100530004FFF0EF0BDFA0EF0C5FA0EF04BFA0EF0BA
:10054000CBFA0EF023FD094B0293094B01930223D2
:1005500000930849084800234FF4006208F078F837
:1005600000B9FEE708F0C0F8FEE700BFD8A50020FC
:1005700068AA0020A12001001D05000070B50446F6
:10058000154600F095F904F68213C4F87859C4F8BA
:100590007C3904F58C504FF4006304F58C55A4F8B5
:1005A000803904F67C110C35043010F0E6FA284648
:1005B00010F044FB04F58D520023138041F2A41285
:1005C000A118881DA0504FF400728A8041F2AC320D
:1005D000094EA35441F2B032A018A6504360074A16
:1005E0002346284610F031FB201D054922460FF016
:1005F0007DFD204670BD00BF2107000035080000CA
:100600003D06000010B5064C0A4601462046FFF79D
:10061000B5FF00F0D5F9844200D0FEE710BD00BF61
:10062000281B0020D0F87C2900F682139A4204D1BE
:1006300000F59D50103004F0F7B87047FFF7F2BF97
:100640002DE9F04100F58D570446051D013704F5ED
:100650008D5628460FF068FE337880B1022B4DD0BE
:10066000D4F87C5904F682102D1AA9B2002955D06D
:10067000D4F878399847ADB285424FD0FEE7012BC8
:1006800022D0022B3AD0002BE3D1204600F09EF975
:1006900008B102F083F8204600F0A2F90028DFD16B
:1006A00004F58C50043010F06CFA0028D8D128469C
:1006B0000FF085FE0123337028460FF095FE60B9D8
:1006C00028460FF09AFE387004F58C5039780430C3
:1006D00010F060FA0028EFD0C2E794F8988028461E
:1006E0000FF06CFFB8F1000F06D094F898301BB9EA
:1006F00041F2AC330122E2540223337004F58C50F2
:10070000043010F075FA0028AAD141F2AC33E21897
:10071000E35C3070002B9CD0107098E7BDE8F0814E
:1007200008B500F04DF9BDE80840FFF789BF00F6B5
:100730008213C0F87C394FF40063A0F8803900F5CB
:100740009D50103004F070B808B500F039F918B1B8
:10075000BDE80840FFF7EBBF08BD13B504460191A3
:1007600000F02EF948B1019A00F58C5021460C306A
:1007700002B0BDE8104010F06DBA02B010BD00002C
:10078000F0B50C46A1B015461E4600F033F92346DD
:10079000194A1A4F8021684610F0AEFE6846FFF7EE
:1007A00025FE69460246002001F0F8F80024A64222
:1007B000A0B20ED0292C0BD0A4EB840104EB440092
:1007C0002B5D3A468031684410F096FE0134EEE726
:1007D000204600EB4000C0F18001094A684410F057
:1007E0008BFE6846FFF702FE0DF10101421E00205C
:1007F00001F0D4F821B0F0BDA5200100B92001001E
:10080000BF20010041F2A412F8B583588718BE1D1D
:100810009B1B05469BB2144641B91A46314600F06F
:10082000E9FE4FF400732E51BB80F8BD3246FFF74E
:10083000A7FFF6E7FFF7E6BF0020704701B1FEE72C
:10084000006870471C282ED8DFE800F0300F111325
:100850002D1517192D2D2D2D1B1D1F212D2D2D274C
:100860002D2D2D25232D2D292B00012070470E2005
:1008700070470B2070470C207047092070470320F9
:1008800070470220704704207047112070471220E3
:1008900070471320704714207047162070471720A8
:1008A00070471820704700F580407047002070475F
:1008B000F8B50646044646F8041B4FF4006200F102
:1008C000D10130460FF005FC0025266504F15403E4
:1008D00004F17402C3E9005508339A42FAD1C4E91D
:1008E0001E55A4F8745004F180000FF0BBFE2F4A8F
:1008F00084F898500421C82384F8C8102C49C4F8FF
:100900009C50C4E928232B4B0968C4F8CC10002262
:10091000C4E92B354FF6FF77002304F51761C4E9CE
:100920002E23C4E93023A4F8A870C4F8B45084F886
:10093000D050A4F8D258A4F84C5984F84F59C4F8B0
:100940005059C4F85859C4F85C59C4F86059C4F8EF
:10095000645984F86859C4F86C59C1E900232368C4
:1009600003B9FEE7144B15491C60224630460FF0D0
:10097000C0FB7822002104F6D40010F05DFA772243
:10098000002104F1B80084F8545984F8565984F8C9
:10099000557984F84E5984F8D15801F033FC04F1AC
:1009A000AC0003F041FF2046F8BD00BF00F8FF0790
:1009B000EC360100790D0000E02E0020DF0D000074
:1009C000014B1868704700BFE02E002090F8C83037
:1009D000042B1ABF90F8980080F0010000207047A7
:1009E00090F8C830012B06BF90F8980080F0010005
:1009F00000207047D0F858390133C0F85839704793
:100A00002DE9F843994690F850390D1E04461646D4
:100A100008BF702513B10D20BDE8F88300F1B807B9
:100A20002946384601F06CFC0028F4D194F8D2280D
:100A300094F8D3389A420AD00B220021384601F0AC
:100A4000E1FB04F1AC0003F0EFFE0320E4E704F166
:100A500050082B4606228021404610F00AF848B97B
:100A6000206D1FFA89F231460FF07DFD10B9404626
:100A70000FF0E2FF0328CFD1DEE7000001380428A1
:100A80009ABF024B185C0020704700BFC2200100D3
:100A90002DE9F84311F00F0601F00F0709D1022AE2
:100AA00004D11A463146B83001F0ACFB3046BDE8FF
:100AB000F88390F8D35890F8D288A5EB08040E2C50
:100AC00006DD0E220021B83001F09CFB0326EDE785
:100AD000C1F3011C6146441894F8D148B4421CD0BB
:100AE00045451AD944460E2C02D90F3CE4B2FAE728
:100AF00004F58D7400EBC40494F804E01EF0400F7C
:100B000011D00EF0030949450DD1CEF38309B1454B
:100B100009D16FF3861E84F804E029460E2907D90F
:100B20000F39C9B2FAE708F101085FFA88F8D7E788
:100B300001F58D7100EBC1014CF0400402F003029D
:100B400044EA870444EA02248A8822F45F7222F08D
:100B5000030214438A688C8063F3170201358A60AC
:100B6000002680F8D358A1E713460222FFF790BF72
:100B700038B511F0300F00F1500408BFC0F89C20C8
:100B800015460023062220460FF073FF48B9294678
:100B900020460FF0B6FE20B92046BDE838400FF0E1
:100BA0004BBF38BD2DE9F74304460D466846114654
:100BB00091461E4600F026FFDDE900782FB918F0B7
:100BC000010F02D1E6B932461BE004F150064B4654
:100BD0000622294630460FF04CFFC8B94FEA680399
:100BE00018F0010F18BFE35804EB680018BFDF5975
:100BF000B84768B9304603B0BDE8F0430FF01CBFFA
:100C00000D222946204603B0BDE8F043FFF7B0BFF0
:100C100003B0BDE8F08370B50446002694F8D258BE
:100C200094F8D338AB423ED005F58D7504EBC50280
:100C30001379590616D404EBC5052B796FF3861387
:100C40002B7194F8D2380133DBB20F2B84F8D238F1
:100C5000E4D194F8D33884F8D2680E2B20D90F3B16
:100C6000DBB2FAE7C3F30100C3F38301537992685F
:100C700041EA001103F0030361F07F01022BC9B2C6
:100C8000C2F3170205D12046FFF772FF0028D2D029
:100C900070BDB3FA83F35B092046FFF783FFF5E7E6
:100CA00084F8D338BAE70020F2E700002DE9F74FC7
:100CB000D0E92E23134304464BD0B83001F0A0FAFC
:100CC0002C4F804600254FF0010AEBB2434540D23D
:100CD000D4E92E30C5F12001A5F12002EB4000FA45
:100CE00001F10B4320FA02F2134313F0010FC5F197
:100CF0002009A5F1200602D10C370135E5E73A6855
:100D00006ABBD7F804B0BBF1770F06D1206801F0B9
:100D100035FD082898BF00F1700B5A468021204607
:100D2000FFF726FFA8B9D4E92E120AFA06F62AFA26
:100D300009F90AFA05F321EA030346EA09060093D2
:100D400022EA06030193DDE90023C4E92E231343BD
:100D5000D2D1012384F8683903B0BDE8F08F94F84C
:100D60006839002BDFD0012380212046FFF71AFFCE
:100D7000D8E700BF40240100014B1868FFF796BF79
:100D8000E02E002090F8983010B5044633B1D0F82A
:100D9000CC308B4204BF002380F898302046FFF708
:100DA0003AFFD8B994F8D01099B101230C2220460B
:100DB000FFF7F8FE90B994F8C83084F8D000042BFF
:100DC00007D0201D0FF0AEFA0123C4F8CC0084F840
:100DD00098302046BDE81040FFF768BF10BDFFF710
:100DE000D1BFF8B500F1500504462846069EBDF86F
:100DF0001C700FF03EFE50B9206D3A4631460FF0A0
:100E0000B2FB20B92846BDE8F8400FF015BEF8BD8A
:100E10002DE9F04F042B87B004460D46174602D04B
:100E2000052B18D0FEE7114604A800F003FEDDE90B
:100E300004864FF0070906F0010BB8F1000F13D13B
:100E4000BBF1000F10D10D2229462046FFF78CFE82
:100E500007B0BDE8F08F114604A800F0F7FD4FF091
:100E60000809DDE90486E6E704F1800A50460FF040
:100E7000D8FC0DF10A0203A950460FF0B2FC50460F
:100E80000FF0D6FC002384F8503904EB6600731091
:100E9000BBF1000F02D0E35853F80880C04701238C
:100EA00084F85039064618B1FFF7CCFC0246CBE770
:100EB000BDF80A300193039B00934A463B462946FE
:100EC0002046FFF78EFF0028C2D03246BCE708B5A7
:100ED0000022FFF749FE08BD37B50223B0F888208D
:100EE0008DF80730B0F886309A42044622D1206847
:100EF00003F0C2FB94F8532922440023FF2182F817
:100F0000551982F84E3982F8543982F8563904F16D
:100F10005000C4F85839C4F85C39C4F86039C4F8D2
:100F200064390FF0D6FD702280212046FFF720FEA5
:100F300088B1FEE70DF1070180300FF0ABFB0546ED
:100F400000B1FEE79DF807302068022BCFD003F0F8
:100F500091FB024B1D60002003B030BDE02E00204D
:100F600010B50446006803F090FB0146206DBDE813
:100F700010400FF0E5BA10B50446006803F011FC0C
:100F80000146206DBDE810400FF0DABA37B50023F6
:100F9000054601A9803001930FF0FEFB0446A0B97D
:100FA0009DF80410286803F0FEFB044668B9286821
:100FB00003F06BFB48B195F853392B4493F84E3945
:100FC0001BB1286803F088FB0446204603B030BDFF
:100FD00010B50446006803F063FB002818BF022127
:100FE000206D08BF0021BDE810400FF0A9BA13B56D
:100FF000002304460DF1070180308DF807300FF013
:1010000049FB58B99DF8073023B1013B012B07D9A3
:10101000072003E00146206803F048FB02B010BD42
:101020000121F8E713B504460DF1070180300FF0F8
:1010300041FB20B99DF80710206803F0C5FB02B002
:1010400010BD10B5044654F8500B03F0AFFB014639
:101050002046BDE810400FF0F8BB13B504460DF173
:10106000060180300FF044FB20B9BDF8061020685F
:1010700003F09EFB02B010BD10B50446006803F0FB
:101080009AFB08220146206DBDE810400FF06BBAB4
:1010900013B50822044601A980300FF094FB18B95B
:1010A0000199206803F089FB02B010BD10B5044619
:1010B00054F8500B03F084FB01462046BDE8104075
:1010C0000FF0C3BB90F853390344006D93F84E19E9
:1010D0000FF036BA37B5002305460DF10701803011
:1010E0008DF807300FF0E6FA044688B9286803F057
:1010F000CCFA30B19DF80730286863B103F0ECFA00
:10110000044695F853099DF80730054485F84E3993
:10111000204603B030BD03F0D5FAF1E72DE9FF41D9
:1011200000F18007064602A938460FF00DFB20BBF0
:1011300001A938460FF0F0FAF8B90DF1030138466D
:101140000FF0A8FAC8B9306802F098FB0746884645
:10115000DDE90201884508BF874211D2C41B61EB5B
:101160000805002D08BFB4F1FF3F09D2019B9DF88F
:1011700003103068224602F099F804B0BDE8F0810F
:101180000720FAE710B50446006802F007FC0146A4
:10119000206DBDE810400FF0D3B910B504460068CB
:1011A00002F0FEFB0146206DBDE810400FF0C8B90B
:1011B000F8B505460E460024012707FA04F333422A
:1011C000E1B204D10134202CF7D1002004E0286DD5
:1011D0000FF0B6F90028F5D0F8BD0023F7B50546A5
:1011E0000C460B6000F180070126B5F88620B5F8A3
:1011F00088309A420FD00DF1070138460FF04AFAB5
:1012000050B99DF807301F2B08D8226806FA03F35F
:1012100013432360E9E7002003B0F0BD0720FBE79C
:10122000D0F8A010FFF7C4BF13B5002301A90446EE
:101230000193FFF7D2FF10B9019BC4F8A03002B0B0
:1012400010BDB0F8A41050300FF0FFBA00F1A401A7
:1012500080300FF04DBA10B50446006803F015FA5F
:10126000014640B194F85339234493F95539013379
:101270000CBF00210221206DBDE810400FF060B9C5
:1012800037B5002305460DF1070180308DF8073092
:101290000FF000FA044620BB9DF807300BB3022B79
:1012A00022D1286803F0F1F9D8B195F85309284400
:1012B00090F95539013319D1D5F8A030C3B15A1E70
:1012C0001A4015D15B08D1B2144602F10102F9D1DE
:1012D00080F85549074BB5F8A420286803F007FAB1
:1012E0000446204603B030BD0C24FAE70D24F8E78D
:1012F0000724F6E7651D000013B5044601A98030F8
:101300000FF04AFA28B90199012204F1B80000F05F
:10131000AFFF02B010BD13B5044601A980300FF035
:101320003BFA28B90246019904F1B80000F0A0FF89
:1013300002B010BDD0F89C1050300FF0E2BA10B5DA
:1013400000F15004042120460FF0DBFA28B92046B2
:101350000321BDE810400FF0D4BA10BD0321503076
:101360000FF0CFBA002150300FF0CBBA10B500F11A
:101370005004052120460FF0C4FAF8B90C2120468C
:101380000FF0BFFAD0B9182120460FF0BAFAA8B969
:10139000222120460FF0B5FA80B940F20121204603
:1013A0000FF0AFFA50B9402120460FF0AAFA28B941
:1013B00020464121BDE810400FF0A3BA10BD10B582
:1013C000044603F05BF9014604F15000BDE810400B
:1013D0000FF0D4BA006D01210FF0B2B8006D0021FA
:1013E0000FF0AEB8006D04210FF0AAB80C207047C2
:1013F00013B504466946006803F0E4F9206D08223D
:1014000069460FF0B0F802B010BD022150300FF065
:101410004EBB90F8C810006D0FF092B873B504463B
:101420000E4680300DF107010FF034F980BB9DF8B6
:101430000730022B23D002D9DA1E012A21D884F8E2
:10144000C830002384F8D0300C22012331462046D6
:10145000FFF7A8FB94F8C830042B054608D090B9D4
:10146000201D0EF05FFFC4F8CC00012384F89830F3
:1014700015B184F8D0600025284602B070BD012364
:10148000DDE70323DBE7074B1B68C4F8CC30ECE750
:10149000FFF7D8F9314602462046FFF769FB0546BB
:1014A000EAE700BFEC3601000C2A10B51C4603D059
:1014B000712A06D0002010BDFFF7B0FF2070012078
:1014C000F9E700F0DBFDF9E7F0B585B004460D461D
:1014D00002A81146002716468DF8077000F09EFA04
:1014E000DDE9023000F0010273B96AB90DF10703BA
:1014F000324629462046FFF7D7FFF8B90D22294684
:101500002046FFF731FB17E0411084F8507904EBD7
:1015100060000AB16258D358984701228DF807003D
:1015200084F8502918B1FFF78DF90246E7E73346F2
:1015300029462046FFF7ACFA8DF807009DF8070012
:1015400005B0F0BD73B5002304460D46803001A9F7
:10155000164601930FF020F9024640B1FFF772F9E9
:10156000294602462046FFF7FFFA024604E0032E12
:1015700015D004D8022E0CD0104602B070BD331F17
:10158000012BF9D8019A334629462046FFF740FC43
:10159000EBE7019B29462046FFF77AFAE5E7019A37
:1015A00029462046FFF790FFDFE737B504460D4692
:1015B000803001A90FF0F0F880B9019A012A0FD00C
:1015C00008D9931E032B10D9052229462046FFF780
:1015D000CBFA03E029462046FFF779FC03B030BD83
:1015E00029462046FFF778FCF8E729462046FFF712
:1015F000A9FFF3E730B5012385B080F850390446E0
:101600000025803001908DF80F500FF038F804233A
:10161000019884F8C83084F898500DF10F010FF04C
:1016200039F898B99DF90F309DF80F10AB420DDADB
:10163000D4F85C390133C4F85C39C1F3011384F880
:10164000533943B106222046FFF792FA002384F86B
:10165000503905B030BD2368002BF3D02046FFF78A
:10166000A4FF38B19DF80F10FFF7ECF802462046B2
:10167000FFF77AFA94F8D32894F8D2389A4202D035
:101680002046FFF7C8FA94F853299DF80F302244FA
:1016900003F00F0392F8D11831B199421EBFD4F86C
:1016A00060190131C4F860190F2B14BF01330123F5
:1016B00082F8D138CAE710B50446006801F042FF4D
:1016C000C1B2206DBDE810400EF03ABF10B504461F
:1016D000006801F00FFCC1B2206DBDE810400EF0B3
:1016E0002FBF000010B50446006803F05AF8014609
:1016F000B0B10A280CD84FF4FA60414301F55C21DF
:1017000001F5346104F15000BDE810400FF0ACB8B1
:10171000192807D8044841F2883303FB0101F1E797
:101720000249EFE70021EDE7B0DB2300CC3F0D00DD
:1017300013B504460DF10701006801F00FFD30B943
:101740009DF80710206D0EF0FBFE02B010BDFFF7F4
:1017500079F8014604F150000FF0A9F9F5E713B547
:10176000002304460DF1070180308DF807300EF09C
:10177000B3FF20B99DF90710206801F0F1FC02B019
:1017800010BD13B504460DF10701006801F07AFDA4
:1017900030B99DF80710206D0EF0D2FE02B010BDDA
:1017A000FFF750F8014604F150000FF080F9F5E71B
:1017B00013B5002304460DF1070180308DF8073082
:1017C0000EF08AFF20B99DF90710206801F052FD44
:1017D00002B010BD13B504460DF10701006804F016
:1017E0007DFD30B99DF80710206D0EF0A9FE02B006
:1017F00010BDFFF727F8014604F150000FF057F92C
:10180000F5E713B5002304460DF1070180308DF88C
:1018100007300EF061FF20B99DF90710206804F031
:101820005FFD02B010BD37B500F1800504460DF133
:10183000060128460EF02EFF60B90DF1070128467B
:101840000EF04AFF30B99DF907209DF80610206878
:1018500004F048FD03B030BD13B504460DF1060198
:1018600054F8500B04F042FD30B9BDF80610204684
:101870000EF0EBFF02B010BDFEF7E4FF014620467C
:101880000FF015F9F6E713B504460DF106018030A7
:101890000EF02EFF20B9BDF80610206804F024FDDC
:1018A00002B010BDFEE7FEE710B5044602F096FF59
:1018B000FFF7E4F80146206DBDE810400EF040BE91
:1018C000F7B5002300220546CDE9002300F0E8FE2D
:1018D0006946044605F180000EF036FF70B9DDE977
:1018E000006723460024A74208BF9E4208D3F21A8D
:1018F00067EB0403C5F87029C5F8743903B0F0BD6F
:101900000720FBE700F51763D3E9002350300EF002
:10191000C6BF10B50446006804F0CEFC0146204660
:10192000BDE81040FFF744BC10B50446006804F061
:10193000C7FC01462046BDE81040FFF739BC37B56B
:1019400000230C4680300DF1070115468DF8073055
:101950000EF0A0FED8B99DF80730DA0704D5C5B15E
:10196000227842F001022270990742BF227842F0A9
:10197000020222705A0742BF227842F0040222700B
:1019800013F0080307D0237843F00803237003B053
:1019900030BD0720FBE71846F9E700001346074A69
:1019A00010B4146834B10A46014620465DF8044B71
:1019B000FFF726B80D205DF8044B7047E02E00209D
:1019C000F0B5013A044600260C20B2420AD9951916
:1019D0006D0800FB05F7CF599F4201D26E1CF4E75A
:1019E0002A46F2E700FB06F288188A5893420BBF9A
:1019F000D0E901010023C4E90001C4E90033204615
:101A0000F0BD000010B50B46044603492A22FFF73B
:101A1000D7FF204610BD00BFC820010010B50B46FF
:101A2000044603491A22FFF7CBFF204610BD00BF32
:101A3000C022010010B50B46044603490322FFF7FC
:101A4000BFFF204610BD00BFF823010010B50B46B4
:101A5000044603490322FFF7B3FF204610BD00BF31
:101A60001C2401000B2150300EF04BBF04215030DC
:101A70000EF047BFF8B50646174600F150050C4674
:101A800049B142B98A88096828460EF065FF0028E6
:101A900075D00120F8BD002128460EF0D6FE0028A2
:101AA000F7D1002C6BD12146306DC9B20EF048FD44
:101AB0000028EED1306D80210EF042FD0028E8D1E3
:101AC000002C5FD0E37D13F0010F0CBF002110212B
:101AD0009B0701D541F0200128460EF0B6FE0028F4
:101AE000D7D128460EF064FF01460028D1D104B1B9
:101AF000A179306D0EF024FD01460028C9D104B152
:101B0000A17D306D0EF01CFD0028C2D1002C3BD011
:101B1000D4E9022328460EF0C2FE0028B9D1284697
:101B20000EF065FF0028B4D128460EF041FF0028D2
:101B3000AFD1394628460EF0E4FE0028A9D1284648
:101B40000EF055FF0028A4D128460EF031FF0146C3
:101B500000289ED104B1217D306D0EF0F1FC0028EB
:101B600097D1A4B1216928460EF07EFE002890D1BD
:101B700028460EF03CFF003818BF01208AE794F990
:101B8000151091E72146A7E700220023C2E721466E
:101B9000E9E70901F8B561F07F0100F1500704465B
:101BA00015461E460622712301F0F00138460EF05C
:101BB00060FF50B9324629462046FFF75BFF20B947
:101BC0003846BDE8F8400EF037BFF8BD37B5019292
:101BD000074A15680C4601462846FEF72DFE019B74
:101BE00001462246284603B0BDE83040FFF7D1BF8A
:101BF000E02E00202DE9F34704469DF828A0154665
:101C00001E4601B1FEE790F8541900293BD041F07F
:101C100080017BB31B6893F80090C9F3001995F815
:101C20001C80002304F1500784F8543906223846FA
:101C300008F001080EF01DFF28BB5046FEF702FE1B
:101C4000014638460EF05DFEE8B9206D49460EF0BB
:101C500077FCC0B9206D41460EF072FC98B9BAF11C
:101C6000000F09D02B681B781B070FD438460EF0E5
:101C7000E3FE08E09946D2E7524631462046FFF798
:101C8000F9FE0028EED002B0BDE8F087B8F1000FF1
:101C9000ECD00DF10301284603F010FB0028F2D12F
:101CA00001A9284603F0E1FA0028ECD19DF80310C1
:101CB000206D0EF045FC0028E5D1019938460EF064
:101CC000D3FD0028D2D0DEE7F7B51E46084B1F68CB
:101CD0000C46014638461546FEF7AEFD0096014615
:101CE0002B4622463846FFF785FF03B0F0BD00BF04
:101CF000E02E0020F8B50446164601B1FEE7FF23AA
:101D000090F9557980F85539FEF798FD04F15005A2
:101D100002F0E2FC39230622802128460EF0A9FEBB
:101D2000F0B9206DF9B20EF00BFCC8B9206DF1B21C
:101D30000EF006FCA0B928460EF07EFE80B9802188
:101D40003023062228460EF094FE014640B9206D4D
:101D50000EF0F6FB20B92846BDE8F8400EF06CBE48
:101D6000F8BD000013B5074B01911C6801462046E1
:101D7000FEF762FD019A0146204602B0BDE8104020
:101D8000FFF7B8BFE02E002010B5044654F8500B02
:101D900002F0AAFC01462046BDE810400EF0B1BD9D
:101DA00090F853390344006D93F856190EF0C8BBF0
:101DB00010B5044654F8500B02F0F1FC02460B46F5
:101DC0002046BDE810400EF06ABD10B590F85319DA
:101DD00001F656110446014480300EF06BFC48B900
:101DE00094F8533920682344BDE8104093F85619FD
:101DF00002F080BC10BD73B50446006802F0ACFC74
:101E00000546B8B904F18006B4F88830B4F88620E5
:101E10009B1A9BB2012B0DD90DF1060130460EF035
:101E200067FC30B9BDF80610206802F06FFC00288E
:101E3000EAD00546284602B070BD73B50446006876
:101E400002F096FC0546B0B904F18006B4F888307B
:101E5000B4F886209B1A9BB2072B0CD9082201A943
:101E600030460EF0B0FC28B90199206802F058FC09
:101E70000028EBD00546284602B070BD13B50446D5
:101E80000DF1060180300EF033FC20B9BDF80610CC
:101E9000206802F04DFC02B010BD13B508220446C4
:101EA00001A980300EF08FFC18B90199206802F06A
:101EB00049FC02B010BD13B504460DF10601803097
:101EC0000EF016FC20B9BDF80610206802F01EFCCA
:101ED00002B010BD13B500230446082201A98030CA
:101EE00001930EF070FC18B90199206802F018FCFB
:101EF00002B010BD13B500230DF107010446803078
:101F00008DF807300EF0D6FB014630B99DF807304A
:101F100020682BB902F0B6FB0146084602B010BD9E
:101F20000049F7E7CD1B000013B504460DF106018B
:101F300080300EF0DDFB20B9BDF80610206802F0FD
:101F4000A9FB02B010BD13B504460DF106018030A7
:101F50000EF0CEFB20B9BDF80610206802F09DFB04
:101F600002B010BDF0B500F1800585B00C460DF152
:101F70000A0203A928460EF03FFC0646002877D146
:101F8000BDF80A207F2A76D82646039956F8060B14
:101F9000A2800EF029FF314628460EF07BFB064654
:101FA000002865D1A379A37640F6047323837F23A9
:101FB000E376237F23F0170343F00403C4E904000E
:101FC000237704F1180128460EF064FB00284FD156
:101FD00004F1190128460EF05DFB002848D10DF1EF
:101FE000060128460EF066FB002841D1237F9DF8AC
:101FF000062062F38203237702A928460EF05AFBDB
:10200000B0BB237F9DF8082062F3000323770DF116
:10201000070128460EF04EFB50BB237F9DF807209A
:1020200062F3410323770DF1090128460EF042FBCC
:10203000F0B9237F9DF8092062F30413237704F19C
:10204000140128460EF068FB90B904F110012846EF
:102050000EF062FB60B904F11A0128460EF01AFB7B
:10206000074628B904F11B0128460EF035FB3E4611
:10207000304605B0F0BD0626FAE7000011F0300F3B
:1020800038B504460D4600D0FEE7006802F0FDFAC0
:10209000A0B1206802F023FB0146D0B12046FFF733
:1020A00061FF034658B90C49206802F01AFB034649
:1020B00028B905F00F0584F8545938BD0D2318468A
:1020C000FEF7C0FB294602462046BDE83840FEF731
:1020D0004FBD0323F3E700BFC91C000030B500F17A
:1020E000800487B0054602A920460EF0D3FA20B935
:1020F0009DF80830082B02D0072007B030BD0DF145
:10210000090120460EF0C6FA0028F6D10DF10A02A8
:1021100003A920460EF070FB0028EED1BDF80A306E
:10212000102BE9D10DF10A0204A920460EF064FB40
:102130000028E2D1BDF80A30102BDDD10DF10A02E2
:1021400005A920460EF058FB0028D6D1BDF80A306C
:10215000102BD1D1059B0193049B00939DF809207E
:10216000039B9DF80810286802F00EFBC5E737B501
:1021700000F180050446002301A928468DF80330AC
:102180000EF0CAFAA0B9B4F88620B4F888309A42A2
:1021900007D19DF80330206801995BB902F0F7FA86
:1021A00006E00DF1030128460EF084FA0028F0D075
:1021B00003B030BD02F0EFFAFAE737B500F1800561
:1021C000044600230DF1020128468DF800300EF080
:1021D0008FFA98B9082201A928460EF0F4FA68B9D6
:1021E000012269462046FFF7AAFB38B9019BBDF8DA
:1021F00002209DF80010206801F0D4FB03B030BD30
:102200002120704730B5194C002325688D4225D117
:102210006568954222D1D0E90225C3F1200405FA70
:1022200004F4A3F12001DA40224325FA01F10A4324
:1022300012F0010FC3F12004A3F120020DD10121FE
:1022400001FA02F221FA04F4224301FA03F3D0E97D
:1022500000140B432243C0E9003230BD0133DBB22E
:10226000212B04F10C04D0D1F7E700BF402401007A
:102270002DE9F04F0023214C93461F46012694F888
:1022800014C05D1CBCF1000F26D0E2688A4223D145
:102290001F3BC5F1200E26FA0EFE06FA03F343EAB1
:1022A0000E0306FA05FAD0E902796FEA0A086FEA26
:1022B000030EBBF1000F18D04AEA070743EA0903EF
:1022C000C0E90273D0E9003703EA080307EA0E0702
:1022D000C0E9003731B96746202D2B4604F10C04C4
:1022E000CDD14FB10020BDE8F08F08EA07070EEA14
:1022F0000903C0E90273EDE70720F4E74024010079
:1023000030B5104B00220132D2B2212A03F10C0366
:1023100001D1002015E01C7A002CF4D01C688C42FE
:10232000F1D1D0E90235C2F12004A2F1200123FA53
:1023300002F005FA04F4204325FA01F1084300F005
:10234000010030BD402401007047000070B511F05D
:1023500001040646154653D000211C200AF02EF831
:1023600000211D200AF02AF800211E200AF026F87C
:10237000304609F075FD2B88B3F5C15F4FEAD07088
:1023800007D043F60702934214D040F6020293426C
:1023900022D1EB7B5A061FD02749002268B11C20AE
:1023A00009F0CEFF322224491D2009F0C9FF2F2257
:1023B00021490CE095F82430ECE71C2009F0C0FF1F
:1023C0001D4900221D2009F0BBFF1C490022BDE869
:1023D00070401E2009F0B4BF58B12F2216491C20AE
:1023E00009F0AEFF322214491D2009F0A9FF002296
:1023F000DEE7002211491C2009F0A2FF0022F2E7CB
:102400008B0717D521461C2009F0D8FF21461D2037
:1024100009F0D4FF21461E2009F0D0FF06492246CC
:102420001C2009F08DFF224603491D2009F088FF7A
:102430002246BDE770BD00BF0060002001600020A3
:1024400070B504460D461646FFF77EFF3246294614
:102450002046FFF77BFF70BD38B5002105461420EC
:1024600009F0ACFF072400210A2009F0A7FF45FA74
:1024700004F101F00101092009F0A0FF01210A2067
:1024800009F09CFF08200DF0A5FA013CEBD20021D9
:102490000A2009F093FF1420012109F08FFFBDE805
:1024A00038404FF42F700DF095BA000008B50A4976
:1024B000142009F007FF0021142009F07FFF0120FC
:1024C0000DF088FA1420012109F078FFBDE80840DA
:1024D0004FF40C700DF07EBA0164002008B5FFF7D0
:1024E000E5FF1049142009F0EDFE0F490A2009F01C
:1024F000E9FE0D49092009F0E5FE0C49082009F024
:10250000E1FEB920FFF7A8FF142009F0B1FE0A2070
:1025100009F0AEFE092009F0ABFEBDE80840082036
:1025200009F0A6BE01640020006400200220002003
:10253000704708B50AF056FB0CF0FEFAFFF7CEFF25
:10254000FFF7F6FF08BD01F08BBC000038B9064A62
:10255000136801331360054B01221A70704701287C
:10256000FCD1024B0022F8E710300020AC1800200C
:1025700010B5044604F02EFC3CB14FF47A735C4372
:10258000844234BF0124B4FBF0F4204610BD38B5BA
:1025900004460D4604F01EFC54EA050203460ED024
:1025A000A0FB040103FB0511002908BFB0F57A7FE9
:1025B00007D34FF47A720023FDF792FD04462046BC
:1025C00038BD0124FBE700007FB5214E35783DBBC7
:1025D00001A804F073FA01238DF804304FF0FF33A3
:1025E000029304F0F9FBC243B2F5002F98BF194BD8
:1025F000194998BF1D70A2F500244FF0000398BF41
:1026000004F1FF340393154801AB04F0A5FB012549
:1026100011491348039501AB224604F09DFB357028
:1026200004F058FC064604F0D7FBB0F5002F0D4B24
:1026300005460BD2074A1C6812783AB90134304675
:1026400004F084FC2846214604B070BD1C68F6E7FF
:10265000C82F0020AC1800204D250000CC2F0020F2
:10266000842F002010300020084B10B5184604F0CD
:1026700025FA0024054B064906481C70224604F042
:102680006BFB054B1860054B1C7010BD242F002000
:1026900047250000302F0020742F0020782F0020C5
:1026A00008B5FFF791FFBDE80840FFF770BF0000D5
:1026B00038B515460C46FFF7F3FF0E4B1C600E4B6A
:1026C0001D600E4B01221A70031BAB4203D3BDE801
:1026D000384001F0C5BB2C44201AFFF749FF084CD5
:1026E0000146206804F05FFB2068BDE8384004F034
:1026F000F9BA00BF802F00207C2F0020782F002007
:10270000742F002008B5044B186804F049FB034BF4
:1027100000221A7008BD00BF742F0020782F0020FF
:1027200038B50E4D2B780446BBB1FFF7B9FF0C4B03
:102730001A680C4B1B680146801A834206D8002396
:102740002B702046BDE8384002F022B91A442046DA
:10275000521ABDE83840FFF7ABBF38BD782F0020D4
:10276000802F00207C2F002008B50DF027F9024BA8
:1027700001221A60FEE700BF7C05204308B5054B27
:102780001B681B689847082896BF034B0720185CF6
:1027900008BD00BFE8010010AC2601007047FEE74D
:1027A000044B1A680021134619711B689A42FBD129
:1027B000704700BF44350020002209F0C1B9000075
:1027C00010B40024204603F08071014334D103F09B
:1027D000E04150EA010307D01A4B0B221A70012086
:1027E0005DF8044B01F094BB02F00A00214650EA68
:1027F000010323D0144A53889BB203B15388134B6F
:102800005B889BB2B3F5105F0E4B13D1104A518811
:1028100089B269B1518842F2034089B2814207D03E
:10282000528842F2044192B28A4201D00E22D5E788
:102830000022D3E70F22D1E78020D1E75DF8044BD7
:10284000704700BFF6350020E4300020DC35002062
:10285000E0320020022001F05BBB000008B5104B05
:102860009A7B1A2A014602D10F28A8BF0F219B7B11
:10287000192B02D11329A8BF13210A4809F048FBDC
:10288000094BC0F315029A42014607D0074B18685E
:1028900009F0D5FA833818BF012008BD0720FCE7EE
:1028A00088310020CC180020FFFF3F00CC310020F1
:1028B00030B4104C0025256042F20305258083B119
:1028C000A37843F00103A370A37843F00203A3703D
:1028D000A37862F38203A370E17030BC054909F06C
:1028E000ABBAA57863F30005A570A57863F341053D
:1028F000A570EDE740310020D0E9042052EA000342
:1029000010B519D101F002FE0C4B0D4A1B6812687C
:10291000A0246343B2FBF3F103FB11211944B0FB84
:10292000F3F203FB12028A1AB2FBF3F003FB10234B
:10293000B3FBF4F080B210BD1044E5E7DC300020BA
:10294000E03000202DE9F0470F78063FCE1904460D
:102950000D46D6F803A001F0D9FD8046894608F05F
:10296000A9F8A0EB0A008008B8EB000869F100099B
:10297000C4E902896B7803F07F03A380AB1C23605A
:10298000274B9B7BA371EB5763756FF01302934248
:10299000A8BF13466FF04F029342B8BF134650339F
:1029A000C3EB03233C22B3FBF2F3A375B378FF2BF5
:1029B00031D05909012203F01F0302FA03F3EA7828
:1029C00012F0400F4FEA810214BF164916490A441B
:1029D00052681A4214BF01230023E27D63F3000210
:1029E000E275204601F0C4FC48B1E37D43F00203E8
:1029F000E3750E4B1B6823610D4B1B78237596F90D
:102A00000130002B09DA2822002120460EF014FAAA
:102A10001120BDE8F0870023DFE70020F9E700BFC1
:102A20008831002050350020A8350020403000209B
:102A30005830002030B5104DB5F90030002B8BB068
:102A4000044617DA02A808F00BFE0C4B0C491B7861
:102A50008DF824300B4B0C4A1B788DF82530002361
:102A60004B800023CDE900232046084B02AA08F042
:102A700003FE28800BB030BDAE180020643100206A
:102A800088310020C93100202200D000093C00001C
:102A9000F7B5044601F092FC18B90026304603B0A1
:102AA000F0BD204601F08FFC0028F6D0267F16F0FE
:102AB0001006F2D1204601F02BFC00283AD0204627
:102AC00001F092FC0546002837D01E4B1B785A1E99
:102AD000904226D11C4BA360237F9B0713D4204632
:102AE00001F016FC194F20B1194B3A681D70194BB3
:102AF0001A602946204601F084FC396820464B1CA8
:102B00003B6001F080FC6A4613480823114610F828
:102B1000015902F8015B013BF9D1204601F026FC86
:102B2000BCE7984201D10D4BD5E70133984206D15D
:102B30000B4BD0E7034B1D78F5E70126AEE70826DF
:102B4000ACE700BF30310020543100203431002088
:102B50005830002040300020B731002004310020E0
:102B6000443100202DE9F047744D8CB0074604A88D
:102B70000E46904608F074FD0FCDDFF8E4C1DFF893
:102B8000CCE164460FC495E80F0084E80F006C4C5C
:102B90000FCC75460FC594E803006A4C85E8030026
:102BA0000FCC694D0FC5AA4623684AF8103933790E
:102BB000023BDBB28EF80F303368CEF810309EF84F
:102BC0000D30012161F303038EF80D3073697446F3
:102BD000002B72D035691D44B8F1000F66D101F0A9
:102BE00095FC804607F066FFB8EB0508A0F5A070DD
:102BF000A0EB8800A060237B544D022262F3030304
:102C00002373237B43F080032373A368049301237E
:102C10008DF814304FF0FF330693304601F080FBFF
:102C200060B3C4F804A0637B022262F303030DF1D6
:102C30000F013046637301F08AFB9AF80C3043F0C1
:102C400080038AF80C309DF80F308AF80E309AF81D
:102C50000F30072262F303038AF80F309AF80D3021
:102C6000012262F3030330468AF80D3001F080FB45
:102C700000285FD04FF48E43CAF81030344B1B78D5
:102C80008DF82C30334B1B788DF82D30324B0022D1
:102C90001A7008220023CDE9002329462F4B04AAED
:102CA000384608F0E9FC0CB0BDE8F08705F1804338
:102CB000503B9B00CEF808309DE7CCF808309CF8DC
:102CC0000C20049363F303028CF80C209CF80C2076
:102CD0008DF8143042F080028CF80C209CF80D2006
:102CE000022060F303028CF80D20CCF804E08CF88D
:102CF00010308CF814308CF811108CF813308CF8DC
:102D000015309CF8122061F304028CF81220CEF8E2
:102D100008309EF80C2063F303028EF80C209EF816
:102D20000C204FF0FF3342F080028EF80C20069307
:102D3000654672E74FF420639EE700BF2C2901002F
:102D4000DC290100C8290100E0320020DC35002028
:102D500064310020C9310020F6350020C127000071
:102D6000E43000202DE9F04F414BDFF818B1D3F8E3
:102D700000A0404FDFF810918FB0054688465446BA
:102D80002379032B04D0042B21D1002323711EE0CF
:102D90002822002104A80EF04FF804F1080104A82D
:102DA000FFF7D0FD0646C0B1002323713B78032B0B
:102DB00008D1314BB3F90010304B1868FFF7FCFC19
:102DC00002233B70324604A9284603F053FA2468D4
:102DD000A245D5D10FB0BDE8F08F04A801F098FA54
:102DE00048B33B78052BD0D1484601F099FA00282A
:102DF000CBD00DF10E0104A801F0A9FA0028C4D12E
:102E00000DF10F01484601F0A2FA0028BDD19DF84E
:102E10000E209DF80F309A42B7D102233B70184B19
:102E20001A69002AB1D0186104AA03464946284607
:102E300003F02EFAA9E704A801F072FA024670B175
:102E400018F0080FC3D004A801F092FA08B19BF85B
:102E50000060324604A9284603F00CFA95E7019079
:102E600004A9284603F006FA019A2271AFE700BFD1
:102E700044350020D8350020DA350020CC31002040
:102E8000DC350020F6350020F835002030B40B4941
:102E90000B4C0B781BB92269127892060BD40022D6
:102EA0000A70084902250D70216921B12261064985
:102EB00030BC03F0EDB930BC704700BFF6350020E0
:102EC000DC350020D8350020F835002070B5074DDE
:102ED000074E0FCD34460FC495E80F0084E80F006D
:102EE000337B43F08003337370BD00BF642901005E
:102EF00068310020014B187F40B2704788310020B4
:102F00002DE9F8435A4C5B4F5B4E5C4DDFF8A491C2
:102F100090220021201D0DF08FFF90220021381DEE
:102F20000DF08AFF90220021301D0DF085FF002159
:102F30009022281D0DF080FF4FF001084FF0000394
:102F40004FF0000268F3830368F3830263717A71C0
:102F50008C234FF00002E380FB80F380EB8068F36A
:102F60008302474B27603E60727100274FF00002DA
:102F70001F7068F38302434B6A71434A1A60434AE5
:102F8000DA609F80424B3560424A434E2C601A60A3
:102F9000424AC9F800409F80DA60C9F80470FFF720
:102FA00095FF0FCE3E4C25460FC50FCE0FC50FCE59
:102FB0000FC596E80F0085E80F003A4BC4F8109053
:102FC000394A63610A23E3776262A377374B23624E
:102FD0000B23A373A6232377237B43F08003237360
:102FE000637B68F303036373E37B43EA0803E373E0
:102FF000E37B43F00203E373E37B43F00403E373F7
:10300000E37B43F02003E373E37B43F01003E373BC
:10301000E37B43F04003E373E37B43F08003E3731C
:10302000238B43EA08032383238B43F00203238388
:10303000238B67F382032383238B67F3CF332383AD
:10304000E37E43EA0803E376E37E43F00203E3769C
:10305000E37E43F00403E376E37E43F01003E3767C
:10306000E37E68F34613E376114B1F70BDE8F883E7
:10307000F4320020883300201C340020B0340020BB
:1030800030360020F835002034360020203600206D
:10309000183000205C3000208829010048300020D2
:1030A00088310020D0320020A83500205035002083
:1030B000D83500204435002030B5124D2B78012B37
:1030C00089B01BD02B7803F0FF04CBB9684608F019
:1030D00045FD0D4B03930D4B07930D4A0D490E48CB
:1030E0006B4608F047FD0D4B1860012320B92C708A
:1030F0001C46204609B030BD2B70FAE70024F8E7E3
:103100000524F6E7D83500209F270000ADFE00809B
:1031100068310020B0180020D0310020CC310020D0
:10312000024B1878003818BF01207047D8350020AE
:1031300010B5084C237803F0FF0043B12378012B2E
:1031400006D1054B186808F019FC0020207010BD4E
:103150000520FCE7D8350020CC3100200C2070473A
:103160000C2070472DE9F04F3A4F3B78012B9046E9
:103170008BB08B46DAB20AD0022A66D104233B70A8
:10318000354BB3F90010354B1868FFF715FB334B7F
:10319000334ED3F800A0334C4FF0040902A887F84F
:1031A000009008F05DFA304B1B788DF824302F4BDF
:1031B0001B788DF825300FCE25460FC596E8030005
:1031C00085E80300A62384F80EB02374237B43F024
:1031D00080032373637B012565F303036373E37B40
:1031E0002B43E373E37B43F00203E373E37B43EAA4
:1031F0000903E373E37B43F00803E373E37B6FF3BB
:103200000413E373E37B43F06003E373E37C69F34C
:103210000303E374E37C4FF47A6243F0800302FB20
:1032200008F2E374626100230222CDE90023214603
:103230000F4B02AA504608F01FFA002807DA28466A
:1032400001233B700BB0BDE8F08F0520F8E70020AC
:10325000F8E700BFD8350020AE180020CC310020A0
:103260004C2901001831002064310020C9310020B0
:1032700055280000024B08461970FFF7EFBA00BF4F
:10328000C831002010B50C4651B1064B186808F043
:10329000E7FD0146044808F01BFE2070002010BD29
:1032A0000720FCE7CC310020CC1800202DE9F047A6
:1032B0004F4E1F463378052B8846154608D102230A
:1032C00033704C4BB3F900104B4B1868FFF774FA8E
:1032D0003378012B36D1494B49481B780BB980F81C
:1032E0000E80037BF5B9791C1CD165F303030373CE
:1032F00090F83730012262F3030380F8373085609D
:103300008563404B93F90000FFF7A8FA3A4B186821
:10331000FFF790FB3C4BB3F90030002B62DA012041
:10332000BDE8F087022262F30303037390F837309D
:10333000042262F30303AD00BF0080F837308560DC
:103340008763DEE73378022B02D03378032B4DD12D
:103350002B4CA37B434547D0284B1B78002B43D1F4
:103360003378DFF89490032B06D1284BD9F800006E
:10337000B3F90010FFF720FADFF88CA0D9F80000AD
:10338000BAF90010FFF718FA84F80E80237BCDB944
:103390007A1C17D165F30303237394F837300122A5
:1033A00062F3030384F83730A560A563154B93F9E6
:1033B0000000FFF753FAD9F80000FFF73BFBBAF91A
:1033C0000030AAE7022262F30303237394F8373034
:1033D000042262F30303AD00BF0084F83730A56018
:1033E000A763E3E702233370002099E7052097E7FE
:1033F000D8350020F4350020CC31002014310020D5
:1034000088310020C8310020AE180020DA350020B5
:1034100008B500224FF0FF33FFF748FF08BD00005A
:1034200010B50B4C2378012B0ED02378022B0DD135
:10343000084BB3F90010084B1868FFF7BDF90123DA
:103440001020237000F064FD002010BD0520FCE773
:10345000D8350020AE180020CC310020004870473D
:10346000F835002038B5094B1D680C4665B10B7F57
:10347000DB0709D40846FFF73FFAA9B20246204607
:10348000BDE8384000F098BF38BD00BFDC300020F8
:10349000F0B5264B1A78032A8BB007460E461ED18C
:1034A000DFF89CC09CF80050CDB90FCE6C460FC41D
:1034B0000FCE0FC496E8030001236F4684E8030093
:1034C0008CF800300FCF1A4E0FC60FCF0FC694E8FE
:1034D000030086E803002C4620460BB0F0BD1A78A6
:1034E000022A4FF00504F7D1314638461C70FFF729
:1034F000B9FF3046FFF7CCFA044608B10124EBE7E8
:103500000C4B384693F90010FFF7B4FE0A4B2246E5
:1035100018683146FFF726FB084B00281880EDDBC2
:103520003146384602F0ADFED6E700BFD835002060
:10353000F8350020C8310020CC310020F4350020BF
:1035400030360020014B987A40B27047D0320020CC
:103550006320704738B50D460C490D4C42F202030A
:103560000B80238B9BB24B80A37EDBB20B714B880D
:1035700065F304134B80074B186808F05DFC812845
:103580001EBF238B65F30413238338BD383100201D
:1035900088310020CC3100201B4870B50023044640
:1035A0009A1CDDB230F8222092B2914218D0013339
:1035B0000A2BF5D100230122206802FA03F6064205
:1035C000DDB204D001330A2BF6D1032070BD0233E3
:1035D0000E4A24F82310528E04EB830392B25A80D1
:1035E0000B480123006800222946FFF761F9812872
:1035F00008D06268012303FA05F10A436260236878
:10360000194321600020E1E7A8350020883100201F
:10361000CC31002038B5124D0B460024A21CE1B27B
:1036200035F8222092B2934204D001340A2CF5D10D
:10363000204638BD0B48002300681A46FFF738F9CA
:1036400081280AD06B68012000FA04F423EA0403FD
:103650006B60286820EA04042C600020E9E700BFC2
:10366000A8350020CC3100201B4AD1E90001F8B573
:1036700000231446DDB2013302EBC306D6E900672E
:10368000B94208BFB04213D00A2BF3D10023012264
:10369000266802FA03F73742DDB203F1010303D0D3
:1036A0000A2BF5D10320F8BD04EBC303C3E90001E5
:1036B0000A48012300681A462946FFF7F9F88128CD
:1036C00007D063680121A9400B4363602368194355
:1036D00021600020E7E700BF50350020CC310020FA
:1036E0002DE9F843D1E90067134D0024631C05EB75
:1036F000C302D2E900894F4508BF4645E1B205D073
:103700000A2B1C46F2D11846BDE8F8830B4800236B
:1037100000680122FFF7CCF881280AD06B680120ED
:1037200000FA04F423EA04036B60286820EA040426
:103730002C600020E8E700BF50350020CC3100208D
:1037400038B50E4B1A78022A02D01B78052B0DD102
:103750000B4D0024002328681A46E1B2FFF7A8F8B1
:10376000012802D101340A2CF4D138BDBDE838401B
:103770000448302200210DF05FBB00BFD835002087
:10378000CC310020A835002038B50E4B1A78022A1B
:1037900002D01B78052B0DD10B4D00242868002387
:1037A0000122E1B2FFF784F8012802D101340A2C8A
:1037B000F4D138BDBDE838400448582200210DF04E
:1037C0003BBB00BFD8350020CC3100205035002055
:1037D000034B188B00F0010080F00100704700BF20
:1037E0008831002038B581F001050D490D4C42F2B9
:1037F00002030B80238B9BB24B80A37EDBB20B7149
:103800004B8865F300034B80074B186808F014FBE6
:1038100081281EBF238B65F30003238338BD00BFBF
:103820003831002088310020CC31002070B59DF85F
:103830001810DDE9045491B98BB185B17CB1084908
:10384000084E0A700FCB86E80F0095E80F00064E71
:10385000064D86E80F0094E80F0085E80F0070BD64
:103860003031002054310020043100204431002048
:10387000014B1960704700BF3431002000F046BE94
:103880000A4B0B4A1878FF280DD101339342F9D126
:10389000084B03F10802013912F8010D01F8010F7C
:1038A0009A42F9D17047014BF3E700BFC84F00506F
:1038B000D04F0050F012005070B50B4B0B4E1A78E1
:1038C000012A0C4601D01B780BB9748670BD084DD7
:1038D000084B2868B3F90010FEF76EFF286874865D
:1038E000BDE87040FFF7A6B8D83500208831002029
:1038F000CC310020AE18002070B50E4B0E4E1A7859
:10390000012A0C4601D01B7823B9D4E90023C6E96B
:103910000A2370BD094D0A4B2868B3F90010FEF761
:103920004BFFD4E900232868C6E90A23BDE87040AC
:10393000FFF780B8D835002088310020CC31002036
:10394000AE18002070B50B4B0B4E1A78012A0C46AE
:1039500001D01B780BB9348670BD084D084B286820
:10396000B3F90010FEF728FF28683486BDE87040E0
:10397000FFF760B8D835002088310020CC31002016
:10398000AE180020014B1960704700BFE0300020E6
:10399000014B002019607047DC3000200A2070477E
:1039A0005020704710460A46194600F0D7BB000069
:1039B00030B54A4B1A6893B014462379013B012B6A
:1039C00000F286802822002108A80DF035FA0A347A
:1039D00014F8013C0894424C03F07F03ADF8243006
:1039E00008A8A37B8DF8263000F09AFC00285FD051
:1039F00008A800F0BDFC002861D0089B1A8801A926
:103A0000002312F0400F08A8CDE90133ADF80C30C7
:103A100014BF0324052400F088FC0546002847D184
:103A20009DF80C30012B45D0022B46D0002B3FD106
:103A300008A800F0C3FC08B10A34E4B2294B1B68A3
:103A400001A8002B4FF0000318BF0625CDE9043371
:103A5000CDE90633ADF8003000F038FC20B1024665
:103A6000694604A800F0F0FCA31CEC1850FA84F09E
:103A70001D4C9DF82630A371C2B200212068A2809F
:103A80000DF0DAF9194B1B689B082361BDF824304F
:103A90000C335B016361164B012218682146FFF766
:103AA00061F8144B1880144BB3F90030002B0BDC79
:103AB00013B030BD0234E4B2BAE70834FBE7238B1D
:103AC00043F004032383F3E70C4B03221A70EFE760
:103AD0002468A2427FF471AFEAE700BF44350020BA
:103AE00088310020DC3000201830002078010021CF
:103AF000CC310020DA350020F4350020D835002004
:103B000070B528229EB000210DEB02000DF094F953
:103B1000384B394E1C6825462B79032B13D12822AC
:103B2000002114A80DF088F96B7A03F07F03ADF83B
:103B3000543005F10A03149314A8B37B8DF8563062
:103B400000F0EEFB18B92D68A542E5D14DE005F176
:103B500008010AA8FEF7F6FE0446002845D10AA887
:103B600000F006FC002840D0244B1B78032B3ED1EC
:103B7000338B234D64F3820333832A681AB106A87A
:103B800000F044FC0446002303A90AA8CDE903334E
:103B9000ADF8143000F0C9FBD0B99DF93D209DF877
:103BA0003E1002AB03A800F053FB024628B102A965
:103BB00006A800F049FC2044C4B29DF83F10114B08
:103BC000009306AA234601F001010AA800F0DAFBDF
:103BD0002C683CB10B48FEF78FFEA1B202460948A3
:103BE00000F0EAFB0748FEF753FF1EB070BD2C71D2
:103BF000FBE700BF4435002088310020D835002085
:103C0000DC3000201830002038B51D46002319464E
:103C100002F480000143194602F4801014BF2024EE
:103C20001C4650EA01034FF00003194602F0200041
:103C300018BF44F40074014302F40000194618BF91
:103C400044F0080450EA010316D0FFF759FF44F08E
:103C50000404002205F08073134307D00E4B4FF687
:103C6000FE721A800D4B1868FEF7E4FE94B12046F0
:103C7000BDE8384000F04CB902F0020005F0E04128
:103C800050EA01031FBF044B4FF6FE721A8044F046
:103C90004004DEE738BD00BFAE180020CC31002064
:103CA00070B5434E3378013B05460C46042B54D87F
:103CB000DFE803F0036D39591200CB0605D5FEF796
:103CC0006FFD3C4B186807F0F9FE14F00C0F44D060
:103CD000BDE87040FEF764BD0E0606D5364B0B22DC
:103CE0001A70BDE87040FFF7D1B8C80702D5284662
:103CF000FFF7CCF814F00C0F03D021462846FFF74D
:103D000031F8A10607D5FEF74BFD2B4B0B222846B9
:103D10001A70FFF7BBF863061FD5264BBDE870404D
:103D20001868FEF787BECA0718D541F008040223B9
:103D300021463370FFF716F8204B1A782AB100227B
:103D40001F491A702846FFF7A3FB640605D5194BD7
:103D50001868FEF76FFE0223337070BD4B07F4D571
:103D6000FFF700F8F1E7880711D502233370114BF4
:103D70001868FEF75FFE134A53889BB2B3F5105FD5
:103D80000ABF917C7F2149B2284602F08DFAA10535
:103D900002D52846FFF70CFE14F00C0F03D0214685
:103DA0002846FEF7DFFFA206B5D5FEF7F9FCB2E71D
:103DB000D8350020CC310020F635002030360020E8
:103DC000F83500201831002030B5124D85B00024A0
:103DD00010220823CDE9012344F201216B4622463B
:103DE00028460394009403F099FC0B4B224621468D
:103DF00018602346284603F091FC084B1860FEF734
:103E000033FC00F067FB00F0EBFBFFF779F805B03F
:103E100030BD00BFE9260100B4360020B8360020CE
:103E20000020704707B50A4802238DF8003000686B
:103E300000230822694603F067FD28B1054B064AB6
:103E4000064892210CF08CFF03B05DF804FB00BF24
:103E5000B4360020B5260100F7260100BE26010079
:103E600007B50948002300688DF80030082269462C
:103E700003F04AFD28B1054B054A06489D210CF088
:103E80006FFF03B05DF804FBB4360020B5260100D7
:103E90000F270100BE26010007B50A4804238DF84C
:103EA0000030006800230822694603F02DFD28B188
:103EB000054B064A0648A8210CF052FF03B05DF8F6
:103EC00004FB00BFB4360020B52601002327010003
:103ED000BE26010007B50190094803238DF8003084
:103EE000006800230822694603F00EFD28B1054B47
:103EF000054A0648B4210CF033FF03B05DF804FB1B
:103F0000B4360020B52601003C270100BE26010082
:103F100007B50190094801238DF80030006800239F
:103F20000822694603F0F0FC28B1054B054A064813
:103F3000CB210CF015FF03B05DF804FBB436002074
:103F4000B52601004F270100BE26010037B5184DE8
:103F50000446204600F04FFC034638BB2868082280
:103F6000694603F0A9FC0828F3D19DF80030052B21
:103F7000EFD8DFE803F003070C1014182046FEF713
:103F8000CFFBE6E701992046FFF78AFEE1E72046EE
:103F900000F026FCDDE7019800F084F8D9E7204620
:103FA00000F0FAFAD5E700F053FBD2E703B030BDDA
:103FB000B836002030B50F4DC3B0294601A81446CD
:103FC0000CF012FF0C488DF8044101A9002340F2C7
:103FD0000112006803F098FC0220FFF77BFF0748FE
:103FE00000234FF480722946006809F0D3FC43B0E7
:103FF00030BD00BFBC360020C0370020BC370020D9
:1040000010B58EB005A809F08BFB194B0693202242
:10401000012309924FF4E12200248DF828300B92FD
:10402000ADF814300322062040F20113CDE902035B
:10403000ADF8302001AB224644F202210D488DF844
:10404000324007940494019403F068FB0A4B05A9DD
:104050001860204609F0BAFE084B094918604FF471
:104060008072234609F096FC20460EB010BD00BFBA
:10407000B53F000063270100C0370020BC37002097
:10408000BC36002008B50A460146054800230068F2
:1040900009F0F4FD0120FFF71DFF002008BD00BF5F
:1040A000BC37002010B5C207C2B0044601D5FCF7EA
:1040B00027FAA3070CD5074801A90068002340F29E
:1040C000011203F0F9FB9DF8041101A8FCF716FAA0
:1040D00042B010BDC037002038B5094D2B78BFF372
:1040E0005B8F13F0010408D128460CF029FE20B1A3
:1040F000044B28461C600CF02FFE024838BD00BF60
:10410000C83700207438002070B512480478BFF317
:104110005B8F14F001041BD10CF012FEC0B10E4DE8
:104120002C600D4E301D20441022002110340CF064
:1041300083FEA02CF5D10A233246296842F8041FD9
:10414000013B2A6006F11006F6D102480CF004FE8D
:10415000014870BDC4370020D03700202DE9F04160
:10416000074615468846002939D0E80712D4A90722
:1041700010D46A070ED42B07C5F3C0060AD4FFF784
:10418000ABFF026814466CB3E188B9422CD02646D6
:104190002468F8E7FFF7A0FF0468002C2FD0E3881D
:1041A000BB4212D02468F8E7326812B3126832605A
:1041B0001FE0236803601022002120460CF03CFE23
:1041C000FFF78AFF0368236004602571E780D8F851
:1041D0000030A360D8F80430E360002000E007203E
:1041E000BDE8F0811720FBE7002EDDD10AB113688E
:1041F0000360FFF789FF036823600460EDE7FFF7C2
:1042000083FF0468002CD4D10320E9E738B50546C4
:10421000D0B1037A012B09D1FFF75EFF04689CB18E
:10422000E2882B889A4210D02468F8E7022B0BD141
:10423000FFF752FF04683CB108222946A0180CF091
:10424000C5FD10B12468F6E70024204638BD000003
:104250002DE9F041884615461E46FFF7D7FF074671
:1042600060B36EB30379990748BF86F80080C3F343
:104270004004037948BF01245A0710D5124B294640
:1042800093F9000002F035F8012C02B2C2EB0222D1
:104290004FF08200B2FBF0F2325513D001243B798B
:1042A0001B0708D5631C8235C5EB05258221B5FBAC
:1042B000F1F53555DCB22046BDE8F0810446FAE759
:1042C0003446F8E70224F6E7CC37002008B5FFF7BC
:1042D0009DFF48B10379C3F34000C3F3800210444B
:1042E000C3F3C0031844C0B208BD037A012B0A46C9
:1042F00004D0022B06D053B90B7270470B7203889F
:104300000B8070470B72034603CB106051607047FF
:104310000368187800F00700831E58425841704720
:1043200003681878C0F34010704730B585B000239B
:104330000D4601A98DF80C3000F0E4FD044618B9D3
:10434000294601A8FFF7D1FF204605B030BD38B59A
:1043500003685B781B0213F480740D4604D100F0EF
:1043600023FD2870204638BD0620FCE701F09CB8EC
:1043700003685878000200F44050A0F500535842FA
:104380005841704710B5029C00B12CB9074B084A40
:104390000848C6210CF0E4FC029313460A46014685
:1043A0002046BDE8104001F0E3B800BF73270100CC
:1043B00035280100E527010001F06DB80368187881
:1043C000C0F3C000704707B50DF1070100F03DFFD5
:1043D00040B99DF80700A0F108035842584103B0C6
:1043E0005DF804FB0020FAE707B500230DF1070193
:1043F0008DF8073000F062FF9DF8070003B05DF80C
:1044000004FB00F06FBF00F040BF000008B530B9FA
:104410000A4B0B4A0B4840F209110CF0A1FC03882F
:1044200023F4FF4343F450630380037823F07F03B6
:1044300043F004030370062008BD00BF9928010063
:10444000AA280100E527010070B5151D1446EDB23C
:1044500030B9104B104A114840F217110CF080FC93
:10446000038823F4FF430380037805F07F0523F0DE
:104470007F032B4303709B238370B823C370EA230D
:1044800003710023437111B106300CF0ADFCA01D87
:10449000C0B270BD99280100DC280100E5270100A9
:1044A000FFF7FABC10B5044602F094FC24B1844234
:1044B00034BF0124B4FBF0F4204610BD10B504460F
:1044C00002F088FC1CB14443012C38BF0124204673
:1044D00010BD0000084B10B5184602F0EFFA00249A
:1044E000054B064906481C70224602F035FC054B78
:1044F0001860054B1C7010BD78380020A1440000E6
:1045000084380020C8380020CC38002008B502F0DC
:1045100063FCFFF7D3FF002108BD08B502F05CFC87
:10452000BDE80840FFF7CABF38B515460C46FFF78F
:10453000F4FF0E4B1C600E4B1D600E4B01221A70D7
:10454000031BAB4203D3BDE83840FFF7A5BC2C44A6
:10455000201AFFF7A7FF084C0146206802F023FC51
:104560002068BDE8384002F0BDBB00BFD438002051
:10457000D0380020CC380020C838002008B5044BC3
:10458000186802F00DFC034B00221A7008BD00BF32
:10459000C8380020CC38002038B50E4D2B780446A2
:1045A000BBB1FFF7BAFF0C4B1A680C4B1B680146F6
:1045B000801A834206D800232B702046BDE838407D
:1045C00000F01EBA1A442046521ABDE83840FFF7E0
:1045D000ABBF38BDCC380020D4380020D038002004
:1045E0007FB50AF08FFE01A809F086F804230DEBD1
:1045F000030100208DF8043009F08AF8054B18609B
:1046000028B9054B054A06487A210CF0A9FB07B0EA
:104610005DF804FBFCD00020F4290100372A0100DA
:104620000B2A01001FB50A46014668B1684607F02B
:1046300019FE064B694618680AF000FF003818BFDB
:10464000012005B05DF804FB0720FAE7FCD000204C
:10465000034B1B6813B1034A10681847704700BF2B
:10466000DC380020D838002000F0F0B90120704775
:1046700000F009BA00F0FAB900F0FAB90048704742
:104680004A2A0100143000F02FBA8069003818BFA0
:1046900001207047143000F053BA143000F05ABAB9
:1046A0000148FFF795B800BFE038002008B58369DE
:1046B00023B10348FFF796F8002008BD0D20FCE762
:1046C000E0380020836913B10248FEF7A9BE0D202F
:1046D000704700BFE0380020143000F045BAC06BCE
:1046E0007047143000F056BA243001F0B7B81430D7
:1046F00000F06ABA08B5836923B10348FEF72AFFC0
:10470000002008BD0D20FCE7E0380020836913B1CC
:104710000248FEF741BF0D20704700BFE03800207F
:10472000836913B1113001F091BD0D207047000075
:10473000836913B10248FEF76DBF0D20704700BFBB
:10474000E0380020836913B10248FEF7C9BF0D208D
:10475000704700BFE038002008B5836923B10348E3
:10476000FEF7EEFF002008BD0D20FCE7E03800203A
:1047700008B5836923B10348FFF706F8002008BD98
:104780000D20FCE7E0380020143000F039BA002298
:10479000143000F06EBA0122143000F06ABAFFF74C
:1047A000B5BE007D7047143000F0B9B9C08A7047BB
:1047B000143000F0A7B92E307047143000F0B6B9AD
:1047C000408D7047FFF75CB808B5836923B124308A
:1047D00001F06AF8002008BD0D20FCE701207047B9
:1047E00010B50446FFF742FF20B1201DBDE8104080
:1047F00000F024B810BD10B50446FFF737FF18B11C
:104800006068003818BF012010BD0000036823B99C
:10481000016004484960FFF705BB5A684A60596067
:1048200001607047E03800204368014613B9024830
:10483000FFF7ECBF704700BFE438002038B5002513
:104840000468056054B1606884421CBF43686360BB
:104850000368456008BF00249847F3E738BD436804
:10486000496810B59C1A8A1AD20FB2EBD47F08BFE0
:104870005B1A4FEAD47008BFD80F10BD70B5056839
:104880000C4625B9BDE870404B68084818478B684E
:1048900098476A68831A002B01462368B8BF121A2A
:1048A000BDE870400148A8BF00221847E03800204A
:1048B00038B50C461146A2689442034606D00568F6
:1048C000AC4204D10260FFF7D9FFA46038BD2A468C
:1048D0000021002AF9D0944208D011469268F8E7E6
:1048E0008B68002BF1D09B688B60EEE70029F7D135
:1048F000002DEAD0AA681A60E7E72DE9F04793682F
:1049000005460C46164698473246814621462846BB
:10491000FFF7CEFFD5F800A04FF00008574647B18B
:104920004A4639462046FFF79AFF10B9B846BF6895
:10493000F5E7B8F1000F08D1C4F808A031462C60A3
:104940002846BDE8F047FFF799BFD8F80830A360C4
:10495000C8F80840BDE8F08770B5066804460D4603
:104960007EB18B6898477368C01A002809DB20461F
:104970002A463146FFF79CFF33683046BDE8704059
:10498000184729462046BDE87040FFF777BF000072
:1049900010B50446FFF76AFE30B104F10800034980
:1049A000BDE81040FFF7D8BF10BD00BFA82A010026
:1049B0004160024A01460248FFF79FBF9C2A01005E
:1049C000EC380020002A00DAFEE71144FFF7F0BFC0
:1049D00013B504460191FFF7A0FD019A0146204658
:1049E00002B0BDE81040FFF7EDBF00000146024AEB
:1049F0000248FFF75DBF00BF9C2A0100EC38002091
:104A000010B50446FFF732FE30B104F10C00034943
:104A1000BDE81040FFF7A0BF10BD00BF9C2A0100F9
:104A200038B500250446C0E90155C560103001F0D5
:104A3000D7FC214604F1140000F043F884F8B0508C
:104A400001F0FCFCC4F8B400204638BD10B5064C9B
:104A500094F8B0302BB92046FFF7E2FF012384F829
:104A6000B030014810BD00BFE0380020FDF77CBE2B
:104A700010B50446113001F087FB04F11400BDE8C5
:104A8000104000F012B890F8B03010B504465BB199
:104A9000002380F8B030243000F02AFF04F1100029
:104AA000BDE8104001F088BC10BD0023C0E902330E
:104AB00043600B2303704FF6FF734380103000F008
:104AC0005BBE10B50B2303704FF6FF7343800023CA
:104AD000C0E901330446C360103000F07DFE20467B
:104AE000FFF7E3FF204610BD38B504460D461030F1
:104AF00019B100F0E7FE10B138BD00F0F9FE6560B5
:104B00000020F9E738B5436804460D462BB1103054
:104B100000F0A8FE6580002038BD0D20FCE743684A
:104B200013B10170002070470D20704708B543682D
:104B300023B1103000F0ACFE002008BD0D20FCE7D2
:104B400008B5436823B1103000F092FE002008BD84
:104B50000D20FCE708B5436823B1103000F08EFE4D
:104B6000002008BD0D20FCE743681BB110F8101BA6
:104B700000F0D6BE0D20704710B444682CB122B9A5
:104B8000234603485DF8044B18475DF8044B704713
:104B9000E038002038B5436804460D462BB110308C
:104BA00001F0D1F800B9A56038BD0D20FCE7000088
:104BB00038B5856804461DB10248A8470023A360A4
:104BC00038BD00BFE038002038B51D4643680446B4
:104BD0002BB1103000F08CFF00B9E56038BD0D201E
:104BE000FCE70000436810B504462BB1C3681BB155
:104BF000024898470023E36010BD00BFE038002062
:104C00002DE9F0438FB004460D46164600211022D0
:104C100002A806AF99460DF128080CF00DF91022F4
:104C2000002138460CF008F91022002140460CF013
:104C300003F96368DBB10022494602A800F083FD56
:104C400016990022384600F07EFD17990022404652
:104C500000F079FD04F11000CDE9007802AB324696
:104C6000294600F0CBFF00200FB0BDE8F0830D20F7
:104C7000FAE708B5436823B1103001F071F900205C
:104C800008BD0D20FCE703685878000200F440508E
:104C9000A0F5005358425841704703681878C0F394
:104CA000C000704703681970090A5970704710B442
:104CB00002685478137843EA04231BB231B143F0FD
:104CC00010035DF8044B99B2FFF7ECBF23F010031B
:104CD000F7E710B402685478137843EA04231BB250
:104CE00031B143F400735DF8044B99B2FFF7DABFBA
:104CF00023F40073F7E703685B7813F0010F14BF28
:104D000002200320704700F44053B3F5005F1ED12A
:104D100020F44E5323F03F0348F2400293421CD04C
:104D20000CD8B3F5446F18D005D8B3B1B3F504600F
:104D300018BF01207047B3F50040F9E74CF6404238
:104D400093420AD000F44C40B0F54040F0E710F434
:104D5000406F14BF01200020704700207047036897
:104D600058781B7843EA0020FFF7CDBF10B5044602
:104D7000FFF7F5FF20B12046BDE81040FFF7BBBFAD
:104D8000FF2010BD38B50C460546FFF7EFFFFF28A2
:104D90001BBF2A681318062059781FBF135C43EA0B
:104DA00001232380002038BD03685A78D20700D53C
:104DB000FEE79878704703685A78D20700D5FEE777
:104DC0009970704710B50246FFF795FF04461046EC
:104DD000FFF7C5FF002814BF022000202044C0B206
:104DE00010BD38B505460C46FFF7ECFFFF281BD079
:104DF00029684B78C3F38103022B04D0032B0CD01A
:104E00000020207208E00B185A780B5C43EA02235A
:104E1000238001232372002038BD01440122204653
:104E200000F076FC0223F5E70620F5E700F4405396
:104E3000B3F5005F04D100F44C43B3F54C4F07D0F9
:104E400010F4404304D080F04000C0F3801070475D
:104E50000020704710B5036859781C7844EA012493
:104E600002462046FFF7E2FFB0B11046FFF743FFCE
:104E700001462046FFF747FF08B10231C9B2C4F32B
:104E80008124022C03D0032C04D0084610BD02312B
:104E9000C9B2FAE70831FBE7FF21F6E738B50C465F
:104EA0000546FFF7D7FFFF281BBF2A681318062007
:104EB00059781FBF135C43EA01232380002038BDCB
:104EC00010B503685A781C7844EA0224FFF713FFF0
:104ED00001462046FFF717FF08B10231C9B2C4F3FB
:104EE0008123022B09D0032B0AD02046FFF79EFF17
:104EF00008B10231C9B2084610BD0231C9B2F4E7A7
:104F00000831FBE738B505460C46FFF7D9FF29689D
:104F10004A780B78FF2843EA022305D09B0B022B2B
:104F200004D0032B0CD043B1062008E00B185A78AC
:104F30000B5C43EA0223238001232372002038BD47
:104F400001440122204600F0E3FB0223F5E700F0D4
:104F50001800102804D0182814BF0020082070471B
:104F60000420704700F00700013806280BD8DFE85E
:104F700000F00406080A0406080004207047082010
:104F800070471020704700207047037A012B06D02D
:104F9000022B14BF00200320884080B270470220FB
:104FA000FAE7420708B5034608D0FFF7D0FF13F031
:104FB000180F0CBF05300630C0B208BDFF20FCE75B
:104FC0002DE9F743071D0446B0F80090B0F80280C1
:104FD0000E4638460E21FFF7D8FF49EA0805284358
:104FE00004F10E0582B20A212846FFF7CEFFA37D09
:104FF000104380B25BB1012B04D1E1894FF6FF72FF
:10500000914204D0B9F1020F18BF40F02000A27FF6
:10501000002A14BF08220022B8F5805F40EA02008F
:1050200094F8212005D0B8F5005F0ED0B8F1000F3C
:1050300016D1217B31B12BB1218B638B994208BFF3
:1050400040F04000D3070FD5FEE7217B002B40F056
:105050009480637F002940F08880002B40F0998085
:10506000D10748BF40F4807012F0020F14BF4FF414
:1050700000784FF0000848EA000831687F2268464F
:1050800001F042F94146684601F061F918F4807F69
:1050900003D10121684601F084F94046FFF733FE51
:1050A00018B1618B684601F052F92946684601F053
:1050B00059F94046FFF7BAFE18B1218B684601F056
:1050C00046F93946684601F04DF9A57FBDF8043030
:1050D000B3808DB1E07F05432946684601F02CF985
:1050E0002846FFF75EFF013881B2684601F059F9A2
:1050F0002846FFF737FF054694F821309A070FD569
:105100000221684601F04DF904221A2100F0F4FA58
:105110000421684601F045F9337F43F008033377F3
:1051200018F4007F0ED02388032B03D094F821308D
:105130005B070FD40221684601F033F900227F217A
:1051400000F0DAFA2388032B04D194F82010684683
:1051500001F0F2F8A91C89B2684601F022F9BDF805
:105160000430B38003B0BDE8F083002B7FF478AF48
:10517000237F002B7FF474AF0BE009B9637FF8E75E
:10518000022901D1022BF9D0218B638B99427FF444
:1051900067AF40F0400063E710B580F480720446CA
:1051A000C2F30021FFF7AFFD50B98A1CC4F381237D
:1051B000022B07D0032B16D033B1FF22104610BDAF
:1051C0000A1DF3E70232D2B22046FFF72FFE08B1E4
:1051D0000232D2B2A40B022C07D0032C08D0002C30
:1051E00018BFFF22EAE70832EDE70232D2B2E5E764
:1051F0000832FBE78388032B06D9036858781B78AD
:1052000043EA0020FFF7C8BFFF2070478388022BC6
:1052100010B5044607D9FFF740FD20B12046BDE890
:105220001040FFF7E7BFFF2010BD38B505460C461C
:10523000FFF7ECFFFF281FBF2B681B5C03F0070381
:10524000237014BF0020062038BD38B505460C4633
:10525000FFF7DCFFFF281FBF2B681B5C03F0180360
:10526000237014BF0020062038BD38B505460C4613
:10527000FFF7CCFFFF281FBF431C2A68DBB20020CA
:105280001ABFD3582360062038BD38B505460C46F2
:10529000FFF7BCFFFF2800D1FEE72A68431CD9B204
:1052A00052FA83F35454220A5A70220C240E9A7034
:1052B000DC702B7F43F001032B7738BD38B50546F2
:1052C0000C46FFF7A3FFFF28024609D02B68185CA5
:1052D000FFF73DFE1344034400205B79237038BD83
:1052E0000620FCE738B505460C46FFF78FFFFF2880
:1052F000024600D1FEE72B68185CFFF728FE134436
:1053000003445C7138BD10B50446FFF77FFFFF28EA
:1053100006D02368185CFFF725FE0230C0B210BD2E
:105320000220FCE738B50546FFF764FFFF28044676
:1053300011D02846FFF7B1FC68B1A9888C420CDA7D
:105340002B68185DFFF72DFEFF2808D02044C4B25B
:10535000A142B8BFFF24204638BDFF24FBE7044626
:10536000F9E7F8B50646FFF7DDFF84B2FF2C2DD034
:1053700037687B783D7845EA0325AB051CD5304678
:10538000FFF7C1FFB188A21C93B210FA82F28A42E1
:1053900007EB040C1CDC3A5D02F07F0213449CB264
:1053A00010FA83F3994213DBBCF80020C2F3C71252
:1053B0007F2A01D09942E6D13046FFF764FC28B934
:1053C00005F00705032D01D10134A4B2E0B2F8BD08
:1053D000FF24FBE710B50446FFF7C3FFFF2816BF05
:1053E00023680020C01810BD10B50446FFF7F2FF77
:1053F0002368C01AC0B210BD38B50546FFF7F4FFE8
:1054000004462846FFF77FFF0444A888001B80B2AB
:1054100038BD10B50446FFF776FFA388181A236835
:10542000184410BD03685B789B0701D5FFF77ABF6E
:10543000FF20704770B506460D46FFF7F3FF0446A0
:105440003046FFF78EFFFF2C024613D0FF2811D005
:10545000ADB294420ED83368195BC1F3C7118D42C7
:1054600003EB040007D01B5D03F07F0302331C44F1
:10547000E4B2EEE7002070BD08B51A21FFF7DAFFAD
:10548000003818BF012008BD08B51A21FFF7D2FF68
:1054900000B1023008BD38B50D461446FFF7F4FFE1
:1054A00008B14580048038BDF0B5B3B00446002390
:1054B0000AA80D46059301F087F92046FFF7EDFB9A
:1054C00000284FD00DF113012046FFF7AEFE002853
:1054D00048D105A92046FFF7C8FE0646002841D15D
:1054E00006AF9DF8132005993B46284601F05EF96A
:1054F000A1680AA800F0BCFF2046FFF704FF05469C
:105500002046FFF771FF03902046FFF775FF023D2D
:105510000D2302460399CDE900730AA8EBB200F00F
:10552000B3FF2046FFF760FF216802460AA801F09A
:105530004FF82046FFF74EFF03902046FFF75CFF31
:10554000039A0096034611460AA801F085F8204602
:10555000FFF75FFF01460AA801F00BF9237F43F034
:10556000100323770AA801F048F933B0F0BD00001A
:105570002DE9F0438FB00C460646914600212222C9
:1055800005A898469DF858700BF056FC002320465D
:105590008DF810308DF803308DF80430FFF773FB71
:1055A00020B9062528460FB0BDE8F08323681B7894
:1055B0009B06F6D502A92046FFF713FC05460028F6
:1055C000F0D19DF81030002BEBD0012B05D1BDF8A8
:1055D00008204FF6FF739A42E3D00DF122012046D6
:1055E000FFF790FC05460028DCD19DF82A30002BFF
:1055F000D7D02046FFF751FB00284ED123685878BA
:105600001B7843EA0020FFF711FC002858D00DF169
:1056100006012046FFF742FC00284FD1BDF80610D6
:105620000BA800F088F8A379B3712022002106F1BD
:1056300008000BF001FC2F4B05939DF803308DF80B
:10564000323031469DF804308DF8333005A8FFF72D
:10565000B7FC30464946FFF72AFB391E18BF012127
:10566000FFF737FB2046FFF79FFB01463046FFF769
:10567000A2FB2046FFF711FB50B10DF105012046BA
:10568000FFF71CFED0B99DF805103046FFF72AFE43
:1056900077B3B8F1000F1ED1FEE70DF103012046EC
:1056A000FFF7C3FD50B99DF80330052B7FF479AFA8
:1056B00001A92046FFF7C9FD00289FD0054671E7E4
:1056C0002046FFF74CFB0028ADD00DF10601204627
:1056D000FFF758FBA0E73046FFF7A4FE33683A46D1
:1056E000184441460BF080FBB3881F44B78059E74C
:1056F0003D4657E702000020C90101F4FF41018047
:10570000037802F07F0223F07F0313430370704796
:1057100012B1012A05D070470B6803604B684360E3
:10572000704701F10803013813F8012D00F8012F2B
:105730008B42F9D170470123418043717047102299
:1057400000210BF079BB30B50B46024601F1100584
:1057500018685968144603C40833AB422246F7D18F
:1057600030BD102308608B8070470000014601485F
:10577000FDF74EBEE038002038B54FF6FE73C3800B
:105780000381438A03F0FC0343F4FE43002543F006
:1057900001030446438245800571C0F80A50C0F8F1
:1057A0000E5080F85D5045612830FFF7C8FF04F1C6
:1057B0003800FFF7C4FF04F14800FFF7C0FF04F111
:1057C0006000A56584F85C50FFF710F92046BDE83D
:1057D000384000F0F2BB000037B51D4D0191044682
:1057E0002846FDF7B5FE20802846FDF737FE0199D3
:1057F000A06104F11C0000F0C9FB0021C4E90811FC
:10580000102204F128000BF017FB1022002104F1F4
:1058100038000BF011FB0021102204F148000BF0BE
:105820000BFB23460B4A43F8602FA36623460A4A24
:1058300043F8802FC4F88830FF23204684F87C305A
:1058400084F87D30FFF798FF204603B030BD00BFDD
:10585000E0380020555F000061610000008840F0E2
:105860007C0070470148FEF727B800BFE0380020F1
:10587000C180014800F0E4BCF138002002898A426E
:1058800003D00181014800F016BD7047E0380020C8
:105890000A68C0F80A204A68C0F80E20014800F0E3
:1058A00065BC00BFF1380020837C61F30003837482
:1058B0000388DB0502D5024800F01ABD704700BF1F
:1058C000E0380020837810B5044663B90748FDF737
:1058D000F3FB50B90548FDF7A3FD30B9A378012BC0
:1058E00001D00123A370002010BDFEE7E0380020A6
:1058F00010B504468030FFF779F804F16000FFF737
:1059000075F80648FDF78CFD30B90448FDF710FC2A
:1059100010B9A37803B1A07010BD00BFE03800201B
:1059200010B504460846A37C9B0709D50648FDF739
:1059300077FD20B9A378022B1CBF0223A37010BDF2
:10594000FFF714FFF5E700BFE038002038B501236A
:10595000044603FA01F1002000F07CFD4FF4A0732F
:1059600003FB00F5A37CDB070AD5A3699879FFF751
:10597000FDFE294604F16000BDE83840FFF728B875
:105980000148FDF74DFDF4E7E0380020837803F08F
:10599000FB03032B10B504461ED10388DB0605D498
:1059A00083699879FFF7E2FE00B1FEE7A378A16969
:1059B0000A48042B1CBF0423A37000F055FC0D28DB
:1059C00008D1A1694B6933B10023C1E9043303480D
:1059D00000F04AFC00B1FEE710BD00BFF138002026
:1059E000837C9B0702D40248FDF7ACBD7F20704743
:1059F000E03800208378022B1CBF022383701C3008
:105A000000F0D4BA03889B0710B5044600D5FEE722
:105A1000FFF7E6FF7F2806D094F913307F2B01D0E3
:105A2000834200DAE074FCF73BFE6369C01A002889
:105A300007DA616E04F160008022BDE81040FEF7D5
:105A4000C1BF94F913102046BDE81040FFF7D2BF44
:105A5000008880F02000C0F3401070478269127FF8
:105A60000346C2F38000520741BF188800F00C00C3
:105A7000B0FA80F0400970470378DB075FBF044B42
:105A80009869B0FA80F0400948BF0020704700BF15
:105A9000E038002038B5036A04460D461BB1426A5F
:105AA0000121284698472046FFF7E6FF58B12B68AA
:105AB0001B789B0607D504F160004FF47A51BDE8CE
:105AC0003840FEF785BF38BD008880F00400C0F381
:105AD0008000704703889B075FBF044B9869B0FA4A
:105AE00080F0400948BF0020704700BFE038002028
:105AF000F8B58378054616469BB3033B042B30D993
:105B0000837CC3F340049B0705D57F21FFF772FF19
:105B100000242046F8BD03889B0708D51348FDF7ED
:105B200021FBAB78052BF4D00523AB70F1E7FFF731
:105B3000D1FFC0B10846FFF719FE044600B1FEE7E9
:105B4000AB78052B1CBF0523AB707F23EB74FCF7F0
:105B5000A7FD30446861002105F16000FEF738FFC1
:105B6000D7E70D24D5E70C24D3E700BFE0380020A9
:105B7000008880F04000C0F38010704738B583691A
:105B800082785969044609B91969F9B1072A1CBF15
:105B90000722A2702046FFF7EBFF90B116481D695F
:105BA000FDF76CFEA3695B692B44A3F5A473C21ACD
:105BB000002A06DA191A04F16000BDE83840FEF741
:105BC00007BF2046BDE83840FFF7E0BE032A1B7E32
:105BD000C1781CBF03228270002BF2D0FFF73EFF7A
:105BE0000028EED00331C9B20529204628BF05217F
:105BF000BDE83840FFF7AABEE03800202DE9FF4796
:105C00000829DDE90C8905460F4692461C4603D05B
:105C100011F0EF0F13D0FEE780F85C2000F12806AA
:105C20000FCB86E80F0098E80F0005F1380686E8EC
:105C30000F0099E80F0005F1480686E80F00284696
:105C4000FFF706FF48B9CDE90190CDF80080044880
:105C5000234652463946FDF7E9FD04B0BDE8F0871A
:105C6000E038002038B590F85C30934204460D4689
:105C700007D11C3000F0A0F9A36D9D4224BF01356F
:105C8000A56538BD036A70B505460C4616462BB1AE
:105C900021B11AB9426A3146204698472846FFF793
:105CA000D7FE40B93CB1E37D9A0704D5227D216936
:105CB0002846FFF7D7FF32462146284600F098F9DC
:105CC000AB7C9B0707D43246214605F11C00BDE89A
:105CD000704000F05DB970BD1FB50446806903686F
:105CE0001B781B072DD5037FD9062AD40DF10F0190
:105CF000FFF7ABFA28BBA069037FDA0703D494F857
:105D00005C10FFF7EFFA2046FFF7A2FEC8B19DF83E
:105D10000F30082B15D1A06904F138038360037F8D
:105D2000DB0709D4A16D0191FFF7AFFA94F85C206D
:105D300001992046FFF796FFA06904F10A01FFF7D9
:105D4000B3FB04B010BD8378052B70B504461CD09E
:105D5000837CC3F340069B070DD581690B681B78D4
:105D600013F0200F14BF0E23002300221C3000F07C
:105D700017F9002070BDFFF7AFFFE670267184F8B9
:105D80005D602046FFF7FAFEF3E70D20F2E7000022
:105D900073B505460C46FFF75BFE48BB0B681B78E6
:105DA0001A0725D50B7FDB0722D5124B0DF1020117
:105DB00020469E69FFF749FA08B1CEB9FEE79DF883
:105DC0000230082B14D101A92046FFF74EFA08B182
:105DD00076B9FEE70DF103012046FFF76FFA08B12F
:105DE00036B9FEE79DF8032001992846FFF73AFFF0
:105DF00002B070BDE03800202DE9F7431E4604468E
:105E000060300D469046FEF7F1FD0E2E2AD003D8E5
:105E100046B30B2E28D0FEE70F2EFCD100272B7F98
:105E20005A0705D5AA79394604F11C0000F0B6F8E6
:105E300042462946204600F0CDF829462046FFF785
:105E4000A7FF9FB92046FFF709FE78B1E3782A7EC5
:105E50009A420BD90133E370204603B0BDE8F0430A
:105E6000FFF78CBE0127DAE70127E6E70023E3709E
:105E700023798EB32046FFF727FE074620B16F7EB9
:105E80009F4294BF0027012704F11C090097324666
:105E90002946484600F083F807B32379013323717C
:105EA0002B7F0E2E43F002032B77D5D1A37894F8E5
:105EB0005D10062B1CBF0623A3702046FFF746FD8E
:105EC00094F85D300133DBB2052B28BF052384F83D
:105ED0005D3003B0BDE8F0833746D5E7A378A87EF0
:105EE000022B1CBF0223A370AB79834204D0A37C96
:105EF000DB0701D5FFF73AFC3346424629464846C0
:105F000003B0BDE8F04300F04BB88378033B10B515
:105F10000446042B1CD8DFE803F003071713030023
:105F2000BDE81040FFF732BD83699879FFF71EFC8A
:105F3000A16920460E23BDE810400022FFF75CBF98
:105F4000BDE81040FFF71ABEBDE81040FFF75ABD8C
:105F500010BD00000148FFF7D8BF00BF0439002082
:105F600008B512B1836D8B4200D28165FFF770FDD9
:105F700048B905481AB1BDE8084000F0A5B9BDE828
:105F80000840FDF775BC08BDE038002070470000F0
:105F90000148FEF7F1BD00BFF4380020704770479C
:105FA0000148FEF705BE00BFF43800200148FEF7A7
:105FB00019BE00BFF438002070470023C0E91D332C
:105FC000A0F87030A0F86C3080F86E308030FEF7AA
:105FD0000DBD000010B50446084632B1FFF74CFA7B
:105FE00018B10248FDF74AFCA06710BDE038002058
:105FF00041B13AB9B0F86C3023B1CB7D9B0744BFB7
:106000008B688367704700002DE9F843DFF87C80D8
:10601000B0F86C300446A025404616465D430F4656
:10602000FDF72CFCA36FA0EB03094046FDF7B6FC7F
:1060300094F87C30144A1844C317A0FB090109FBEB
:1060400003110023FAF74CF894F87D30814603EBF6
:10605000830340465C00FDF7A3FC03B203EB83031C
:1060600004EB430404EB09006D0800F5007300F530
:10607000AC50AB4294BF3B603D60A84294BF3060DF
:106080003560BDE8F88300BF40420F00E0380020D3
:106090002DE9F341044601AA6946B0F86C50FFF7B8
:1060A000B3FF94F86E20D30904F18000636F10D021
:1060B00000996FF3C712591A84F86E20FEF778FC26
:1060C000A378082B02D12548FDF7AAF902B0BDE854
:1060D000F0812288A021120601FB05F525D5009943
:1060E000591A2944FEF764FC009A666FA2F5A07263
:1060F0000092B61A616F194829446167DDE900878B
:10610000FDF740FC2388A27813F0800F1BD012F01B
:10611000FD0FDBD094F86E10104808EB07033246F1
:1061200001F07F01FDF7C2F8D0E701991944FEF7AD
:106130003FFC94F86E3043F0800384F86E30FEF735
:10614000ECF90646D6E7082AC0D194F86E10034849
:1061500001F07F01FDF75CF9B8E700BFE0380020EF
:106160000148FFF795BF00BF0439002007B50122A1
:106170006846FFF7CDFA03486946FDF7BDFB03B05B
:106180005DF804FBE038002070B5064690B02B485F
:1061900000F09EF8014600B1FEE72848FDF7DAF965
:1061A0002648FDF7CDFA2548FDF7EEFA2348FCF71F
:1061B000B7FF48B12148FDF733F900B1FEE71F48AA
:1061C000FCF7B6FF00B1FEE70CAD1C484FF6FF71BF
:1061D0000024FDF771FB29463046CDE90C44FFF75A
:1061E000C5FF16484FF6FE71FDF7ACFB10222146A5
:1061F0000DEB020008AE0AF01FFE214610223046C9
:106200000AF01AFE2146102228460AF015FE04ABB9
:1062100022462146CDE9015408480096FDF706FBC9
:1062200021460648FDF724FB21460448FDF7DAFA2B
:106230000248012100F05CF810B070BDE038002089
:106240000148FDF77FBB00BFE038002007B5012201
:106250006846FFF75DFA69460248FDF705FA03B0A4
:106260005DF804FBE03800200148FDF711B900BFDC
:10627000E038002090F8B03013B1123000F012BBBB
:10628000704790F8B03013B1123000F011BB704776
:1062900010B490F8B04024B15DF8044B123000F017
:1062A0000DBB5DF8044B704790F8B03013B112305D
:1062B00000F00ABB704770470048704700F8FF07BE
:1062C00008B5FFF7F9FF08BD08B5FDF7D1FA08BD1D
:1062D00000234FF6FE721946FDF75ABB0C2070479B
:1062E0000C2070470C2070470C2070470C20704722
:1062F0007047081A40B2002804DB7F2908BF00203D
:10630000C0B270470020FBE7002301608380C28099
:106310007047838870B50446C0889E18864215462B
:1063200008D8206818440AF05FFDA2881544A580AB
:10633000002070BD0320FCE707B501228DF807108F
:106340000DF10701FFF7E5FF03B05DF804FB07B5AA
:106350000222ADF806100DF10601FFF7DAFF03B0D7
:106360005DF804FB0A7A012A10B5044603D0022A1C
:1063700006D0002010BDBDE810400988FFF7E7BF38
:106380008388E28803F10800904208D8206801223F
:106390001844FFF7BDF9A3880833A380E9E7032079
:1063A000E8E78288C388114499429DBF03688180D1
:1063B0009B18002318467047034A138803B9FEE769
:1063C000013B1380704700BF9839002031B16FF056
:1063D0000043994208BF0121016070470121FBE79A
:1063E00037B50D4C23884FF6FF729342054600D116
:1063F000FEE753B904210DEB0100FEF713F900B1DC
:10640000FEE701990548FFF7E1FF2388284601339D
:10641000238003B030BD00BF983900209C39002094
:10642000026848F24E33A2FB032313EB520244BF2F
:1064300022F000420132026010467047034B1B8875
:1064400003B9FEE70248FFF7EBBF00BF9839002011
:106450009C390020814210B5044600D8FEE7FFF7C2
:10646000EDFF091BB0FBF1F303FB1100204410BD4D
:106470001FB50446084601A9FFF773F901A9204694
:1064800000F0AFF904B010BD2DE9F84F13F0010989
:10649000DDF828A004460E4690461F4602D1043B74
:1064A0000C2B00D9FEE713464A46D0B201320BB19D
:1064B0001B0AFAE79DF82C50022838BF02200D2D48
:1064C00028BF0D25C5F10F039842B8BFD8B2C0F15F
:1064D0000F039D42C8BFDDB20138BB1E002E5FFA1C
:1064E00080FB4FEA630314BF402200224BEAC30340
:1064F000134384F858302A46514604F159000AF0F3
:1065000073FC04F1670142460F239D4205D2013B13
:1065100001F80129DBB2120AF7E704F1580211462B
:10652000204600F064F98EB1B6F57F4F94F85820FC
:1065300094F85930C6F30720F1B229D242404B40BB
:1065400084F8582084F859304FF002092A46514601
:1065500084F868B004F169000AF046FC05F16900AE
:10656000C5F10F02002120440AF066FC0023C4E9B3
:106570002338C4F89430102384F89C50C4F8886001
:10658000A4F89890A4F89A3084F89D70BDE8F88F2C
:1065900083F0FE0384F8593094F85A3083EA166386
:1065A00084F85A3094F85B30D24383EA164384F877
:1065B000582084F85B3094F85C2094F85D304240B9
:1065C0004B4084F85C2084F85D304FF00609BDE74D
:1065D0002DE9F843D0F88C3015461344D0F88820C4
:1065E0009342044620D80E464F1900F158094FF047
:1065F0000008B74219D0B4F89830102B06D14A469B
:106600004946204600F0F3F8A4F89880B4F8983092
:106610005A1C2344A4F8982016F8010B93F858202C
:10662000504083F85800E4E7FEE7D4F88C20D4F813
:10663000883015449D42C4F88C500BD1B4F8983082
:106640002BB104F158021146204600F0D0F8002387
:10665000A4F89830BDE8F8832DE9F74F98469DF8E7
:1066600030300193D0F894301746D0F8902043444E
:10667000934204460E4600D9FEE76FF0670A0025F4
:10668000AAEB000A00F1780B454550D0B4F89A30D7
:10669000102B17D194F89C1004F177020AEB020337
:1066A000994206DA13780133DBB202F80139002B84
:1066B000F4D05A4604F16801204600F098F800230F
:1066C000A4F89A30B4F89A20019B511C89B2224454
:1066D0001BBB16F80590A4F89A1092F8782089EA66
:1066E00002027A55B4F89820102A08D104F1580211
:1066F0001146204600F07BF80022A4F89820B4F858
:106700009820511C2244A4F8981092F8581089EA55
:10671000010382F858300135B6E7785DA4F89A1085
:1067200092F8783080EA030906F80590DAE7D4F8A1
:1067300094301D44D4F89030C4F894509D4215D341
:10674000B4F898302BB104F158021146204600F0FD
:106750004EF894F89C2002F169000021C2F10F026A
:10676000204403B0BDE8F04F0AF066BB03B0BDE8BB
:10677000F08F38B5D0E924329A4204460D4600D055
:10678000FEE700F1680100F1780200F030F804F152
:106790005801002394F89D209A4206DD11F8012B40
:1067A000C87F4240EA540133F4E738BD10B50468AD
:1067B0001C6044685C60080E1872080C5872080A65
:1067C0009872D9721A7310BD00F1080310B50360F6
:1067D00050238380044600F018F800B1FEE72046FD
:1067E00010BD08B500F01FF800B1FEE708BD08B500
:1067F00000F032F800B1FEE708BD10B5044600F025
:106800003EF800B1FEE7204610BD08B538B18388D8
:106810004F2B06D9006800F05DF8002008BD072066
:10682000FCE70120FAE713B50446684600F035F8A6
:1068300074B1A3884F2B0DD9BDF8042000992068AE
:10684000D20000F085F8003818BF012002B010BD5A
:106850000720FBE70120F9E708B5134658B1828805
:106860004F2A0AD90A460068012100F08FF8003843
:1068700018BF012008BD0720FCE70120FAE708B592
:1068800038B183884F2B06D9006800F04BF8002000
:1068900008BD0720FCE70120FAE70A6802608A8841
:1068A000828070470148FFF7EDB900BF043900202E
:1068B0000148FFF7EFB800BF043900200148FFF797
:1068C0009BBA00BF043900200148FFF793B800BF0E
:1068D0000439002010B50E4B1C68621C84B01A608D
:1068E0000CB104B010BD684605F09CFC0423694659
:1068F00020468DF8003005F0A7FC064B18600028F4
:10690000EFD1054B054A064846210AF029FA00BF97
:10691000A4390020A0390020B42A01001C2B01005A
:10692000C82A0100084B70B51C68013C05461C6074
:1069300014B100232B6070BD044E306808F08CF851
:1069400000232B60346070BDA4390020A0390020E2
:1069500010B500F1100382B0D20804461846019227
:106960000AF042FA019A0146204605F075FC08B982
:1069700002B010BD024B034A03486B210AF0F0F944
:10698000082B0100302B0100C82A0100F0B585B0AA
:106990001C461546064600F09DFA0746684605F077
:1069A0004DFC0C4B00961868019510236946CDE903
:1069B000024308F059F830B90446384600F0C6FAE8
:1069C000204605B0F0BD044B044A05489E210AF05C
:1069D000C7F900BFA0390020082B0100482B010097
:1069E000C82A010040F20000C0F20000006885469D
:1069F00000F004B8FEE7FEE7FEE7FEE7204A136872
:106A000043F4700373B5136009F0F8F94FF02003F5
:106A100083F31188BFF36F8FBFF34F8F0193194B2F
:106A200001AA4FF0A53193421AD3174B174A002100
:106A3000934218D3164A174B9A4202D016498B42FA
:106A400014D3164D164C641BA4100026A64212D176
:106A5000144B154A1A6002B0BDE87040F9F762BDE8
:106A600043F8041BDFE743F8041BE1E752F8040B8B
:106A700043F8040BE3E755F8043B98470136E5E794
:106A800088ED00E088D20020281B002088D200205A
:106A9000C439010030180020281B002058200100B4
:106AA0005820010008ED00E00000000070470000E1
:106AB000014B986C00F088BCB8390020024A0346AC
:106AC00007CA83E807007047A8390020F0B5194FBE
:106AD0003D7889B065BB184C204600F0BDFA012610
:106AE00004A8A560C4E92665C4F89460A4F8A05081
:106AF00084F8A25000F053FB4FF0FF330F49069388
:106B000004AA04F10C0000F053FBA06401A800F0FB
:106B1000F1FC0A230A49039301AA04F1500000F092
:106B200065FDC4F8900000F0EDFC3E70C4F89C00D8
:106B300009B0F0BDB4390020B83900201D6C000048
:106B4000B16A000038B500F0C5F9064B05460021D2
:106B5000D3F8900000F0A0FD0446284600F0F6F9B6
:106B6000204638BDB839002070B500F0B3F90A4EA0
:106B700005460021D6F8900000F08EFDD6F898303A
:106B80001C1AD6F89C302846A34238BF002400F0D7
:106B9000DDF9204670BD00BFB839002070B5064D44
:106BA00004460E460146D5F8900000F0D7FCC5F823
:106BB0009440C5F8986070BDB83900202DE9F843BD
:106BC00007461548DFF850900D4600F05AFA4FF08E
:106BD000FF3604464C4502D13046BDE8F8832046D6
:106BE00000F051FA237D804683B147B1E368AB42A0
:106BF00005D1236963B92375D4E906309847237D0D
:106C000023B1E3685B1B9E4228BF1E464446E1E772
:106C10002B44E360F0E700BFB83900202DE9F843CA
:106C200000F058F9DFF89C8081460121D8F89000E7
:106C300000F032FD0123D8F80820D8F89850A8F8C1
:106C4000A030D8F80830AA1AC31A9A4247464FF023
:106C5000000406D988F8A0404846BDE8F84300F093
:106C600075B9461B484600F071F9254429460120B4
:106C7000FFF7A4FFB146361B8642A0460446F4D275
:106C800000F028F997F8A130064623B129460020E4
:106C9000FFF794FF0446631CD7F89C000BD129181A
:106CA000FFF77CFF012387F8A230002387F8A0308C
:106CB000BD603046D1E7A8EB09084444A04228BF94
:106CC0002046ECE7B839002038B5054600F002F957
:106CD0000446284600F0E8F92046BDE8384000F0B8
:106CE00035B90000F8B51B4D044600F0F3F895F8EF
:106CF000A23006462F46FBB195F8A030E3B901213A
:106D0000D5F8900000F0C8FCD5F898200346A86894
:106D1000A968181A511A88420ED8A068C118D31A47
:106D200001259842E160257501D2FFF737FF304613
:106D3000BDE8F84000F00AB9FFF704FFA36897F830
:106D4000A02018440123E0602375002AEFD087F8C3
:106D5000A130ECE7B8390020F8B50E4617461D46BD
:106D60000446B0B1FFF7B2FE0B4B0C48002D08BF34
:106D70001D4621466B682361AB68E36100232375E0
:106D8000A760A66100F081F92B7813B12046FFF7C8
:106D9000A9FF2046F8BD00BFA8390020B83900205F
:106DA00000230375704781607047037D10B523B1E0
:106DB000C468FFF7C7FE201A10BD8068FCE7007D9D
:106DC00070470000024A0023C0E90032704700BF4C
:106DD000006CDC020A20704738B5FFF777FE00F040
:106DE00079F8064B05460021D3F8900000F054FCDA
:106DF0000446284600F0AAF8204638BDB8390020DD
:106E000008B54FF0E023094AD3F8043DDBB252F84D
:106E1000233053B1D3E901209047054B4FF0805206
:106E20001A60BFF34F8FBFF36F8F08BD603A002029
:106E300004ED00E0F0B50E4685B01C46054618B9D5
:106E40000025284605B0F0BD53B901934FF0FF333C
:106E5000029301238DF80C3001ACC023636002E083
:106E60001B79FF2BF9D0104B1B68B34202D063682B
:106E7000E02BE5D00D4B0E4F43F8265023680D490B
:106E80006A60AB6030462E6008F0C6FD3B68217931
:106E90009B6830469847237A002BD2D03B68304617
:106EA0001B699847CDE700BF1C190020603A0020FD
:106EB000B0010010016E000010B5054B1B680446C0
:106EC0005B69006898472068BDE8104008F0C0BDC5
:106ED000B0010010074B10B51C6814F0FF0403D17B
:106EE00002F048FC204610BD2023EFF3118483F309
:106EF0001188F7E704ED00E0014B1B681B69184798
:106F0000B001001008B508F061FDB0FA80F040094A
:106F100008BD0000034B1868C0B2003818BF01203C
:106F2000704700BF04ED00E030B14FF0FF330022A6
:106F3000C0E900230123037270470F28C2BF4FF03E
:106F4000E0231038C3F8000F70470000044B1B68A3
:106F500013F0FF0F01D102F02FBC80F311887047AE
:106F600004ED00E070B504460E461546FFF7B2FF8B
:106F7000C4E90165BDE87040FFF7E8BF024B1B683C
:106F8000C9B29B68184700BFB001001038B508F0BF
:106F900015FD01F045FF18B9BDE8384008F012BDF5
:106FA00007F0EEFF05F0FEFD430705D5AFF30080C7
:106FB00030BFAFF30080EFE7FFF7D6FD1E4B196837
:106FC0000A224FF47A7302FB00F54B4301219D42E4
:106FD0000446084624BF1D46B3FBF2F405F0E8FD65
:106FE000A842D9D2154D16482B6823F00103A4F10D
:106FF00018012B60FFF7D7FE1148FFF773FEFFF76C
:10700000EBFE0446AFF30080012005F0A9FFAFF3CB
:1070100000800B48FFF7C4FEFFF7DEFE0A23001BCB
:1070200058434FF47A73B0FBF3F001F0C9FB2B68BF
:1070300043F005032B60AFE7383B002010E000E091
:107040005819002001F0A8BB01F0ACBC014B18603E
:1070500005F0BCBD383B002040600060704703680D
:10706000C31A58425841704738B50446FFF732FFFB
:1070700025682B6823602B685C60FFF767FF284654
:1070800038BD006870470068704738B50D46044643
:10709000FFF720FF2C6063686B6063681D606560AC
:1070A000BDE83840FFF752BF436802681A600368C2
:1070B00042685A607047000037B5032200920022F0
:1070C00003460D460120114600F030FD044648B14C
:1070D00025B100231A46194600F096FD03492046C3
:1070E00000F045FC204603B030BD00BF5E2B010020
:1070F00038B5032205460021012000F054FD044666
:1071000048B125B100231A46194600F07DFD034918
:10711000204600F02CFC204638BD00BF5E2B01004D
:1071200010B5044600F024FC2046BDE8104001F0F4
:10713000BBB800F01DBC38B505460C46FFF7EAFEAB
:1071400048B100221146284601F050F8013818BF16
:107150004FF0FF3038BDFFF73DFEB0F57A7F07D026
:10716000A4FB00014FF47A720023F8F7B9FF04463C
:107170002146284600F080FFE8E713B50446FFF7F4
:10718000C9FE034630B902460146204600F03CFDE8
:1071900002B010BD01A9204600F06BFEF8E7002305
:1071A0004FF0FF32C0E90033C0E90223704700000E
:1071B0002DE9FF47884615460446002851D0DFF8E0
:1071C000DC90FFF787FE99F80030064603F0FF07D2
:1071D00023BB2648FFF740FF2548FFF73DFF254822
:1071E000FFF73AFF2448FFF737FF244B1F60244B7B
:1071F0001F60244B4FF0010AC3F800A0224B01A8E6
:107200001F70FFF791FE2149214A09682148E023B8
:10721000029301ABFFF70EFE89F800A03046FFF79E
:1072200095FE1D4B002D08BF1D46AF687B1C03D08B
:10723000032F02D9002414E003272046FFF70CFF98
:1072400095E80F0004F10C0686E80F00A36923629D
:1072500000236362054B676103EBC707C4F81C801A
:10726000A760204604B0BDE8F08700BF643B002063
:107270006C3B0020743B00207C3B0020843B0020C2
:107280003C3B0020603B0020883B00201C19002074
:10729000A5730000403B00206C2B01005C3B0020EC
:1072A00038B50446FFF716FE05462046FFF7FCFEFC
:1072B000A068FFF7D4FE38B1064960690B68012267
:1072C000824023EA02030B602846BDE83840FFF7FE
:1072D0003DBE00BF843B002010B5FFF7FBFD044B13
:1072E0001C6800221A60FFF731FE204610BD00BF67
:1072F000603B00202DE9F047DFF8A0A0DFF8A09068
:107300000546D046DAF800301BB1D9F80030012B21
:1073100004D01F4B00221A70BDE8F087DAF8002075
:107320000326082312EA030105D1013E701C4FEA2F
:107330006303F7D10E46174F07EBC6073846FFF732
:1073400093FE04463846FFF78AFE40B1D8F8003075
:10735000012202FA06F623EA0606C8F800600223B4
:1073600063620D4B226A1A60A36923622846FFF705
:10737000EDFDE369D4E903019847FFF7ABFD636ACC
:10738000022B08BF0023054608BF6362BAE700BFAF
:10739000883B0020643B00203C3B0020843B0020D5
:1073A000603B002010B5FFF795FD0446FFF7A2FFF4
:1073B0002046BDE81040FFF7C9BD0000014B18682A
:1073C000704700BF3C3B002070B50446FFF782FDCC
:1073D000636A012B06460ED00F4B6069012565627A
:1073E000214603EBC000FFF750FE0C4B61691A68A1
:1073F0008D4015431D600A4C237843B9094B1D6825
:10740000012D04D1084B1868FFF797FD2570304611
:10741000BDE87040FFF79ABD643B0020843B00202C
:10742000883B0020603B00201C19002038B5044632
:107430000D46FFF74FFD236A2B432362FFF786FDBE
:107440002046BDE83840FFF7BFBF000070B50446D6
:10745000FFF740FD0A4B1C600A4B1B6805464BB109
:10746000012C07D1084E337823B9084B1868FFF771
:1074700064FD34702846BDE87040FFF767BD00BF6B
:10748000603B0020843B0020883B00201C1900202A
:1074900070B5124C124B22681D6842B1114B1B682B
:1074A0002BB1114B4FF48071196001209047636834
:1074B00043B10E4A12682AB10B4A4FF48031116071
:1074C000022098470A4B1B683BB1074B01221A6008
:1074D000D5E90203BDE87040184770BD8C3B002021
:1074E000943B0020A000244304200940C000244312
:1074F00080002443024A034607CA83E80700704716
:107500002019002008B547F69061D0E90423002037
:10751000F8F7E6FD0B460021024699424FF0FF3096
:1075200008BF904238BF0246104608BD094B1B6891
:10753000CA1AB2F1004F03F1040303D91946064BEE
:10754000196070475A1A002AF9DB994238BF194668
:10755000F5E700BF302009401820094070B5D0E998
:107560000425A2FB012301FB0533D0E906165518BB
:1075700043EB0606290C002241EA0641FFF7D6FF3D
:10758000C0E9085670BD000038B50546FFF7A2FCFB
:107590006B680D4AB3F5802F12682CBF1B0C0423B7
:1075A00013440A4A012515605361094B1B680446C0
:1075B0001B68002023219847064B20461D60BDE82C
:1075C0003840FFF7C3BC00BF302009400420094009
:1075D0008401001080022443034B186818B103781B
:1075E0000BB9FFF7D1BF7047943B00202DE9FF4155
:1075F0000E4615460446002837D0DFF88C80FFF78A
:1076000069FC98F8003007467BB901A8FFF78CFCAD
:1076100080230293174A184801AB1421FFF70AFC94
:10762000164B1C60012388F800303846FFF78EFCAB
:10763000134B144A002D08BF1D462B7823706B682E
:10764000A968C4E90236002600233046F8F748FD51
:1076500000220023C4E90406C4E90623C4E908069D
:10766000C4E90A066060FFF7B7FF204604B0BDE832
:10767000F08100BF91740000983B0020943B0020F3
:107680002019002040420F00B43B0020014B1B6832
:107690001B6B18478C010010F8B505460F46FFF725
:1076A000F5FFD5E9044622463346F8F719FD3FB108
:1076B0006143A4FB002306FB00110B44C5E906232C
:1076C000F8BD10B5044628B909F068FB162303601D
:1076D000204610BD01F074FE04460028F8D109F0E0
:1076E0005DFB0C23F3E70846FFF7EBBF084601F00C
:1076F0002BBF00207047000038B5074B1C680546BB
:107700000CB9204638BD206A2946F8F765FE0028E6
:10771000F7D02468F4E700BFBC3B00200EB42DE98D
:10772000F343624FDDF824903B688046002B40F025
:10773000AA8001F097FB0228044601D101F02CF841
:107740003B68002B40F09B80012000F00FFB022CD7
:107750000546386001D101F025F9002D40F09380F5
:1077600009F01CFB0C2303604FF0FF356CE02E4644
:1077700094E03DB17368002B40F39480B368002B14
:1077800040F3908001F06EFB022804D138684FF07E
:10779000FF3100F071FC4046FFF7AEFF04460028C1
:1077A00067D009F42063B3F5206F0ED109F0F6FA23
:1077B0001123036001F056FB0228D5D1002338685D
:1077C0001A46194600F020FACEE7082001F0F8FD2D
:1077D000054618B909F0E2FA0C23EAE7002C39D182
:1077E000242001F0EDFD044600283ED00123C361B2
:1077F000B3684361736803614046F8F7F7FD0130F1
:1078000001F0DEFD206248B3414609F0A9FED6E949
:107810000101002200F0C7F9A060F8B10023636005
:10782000234B1A6802B1546022601C6001F01AFBFD
:10783000022805D1002338681A46194600F0E4F9F9
:1078400009F480432C606B60284602B0BDE8F04329
:1078500003B07047E3690133E361E7E7206A08B1E9
:1078600001F072FE204601F06FFE284601F06CFE2A
:10787000B0E7002DA9D109F091FA022399E7022C73
:1078800001D101F08FF80AAB19F4007501933FF4B0
:107890006EAF0B9E074B002E08BF1E46B8F1000FBF
:1078A0007FF467AF09F07AFA16235CE7B83B002053
:1078B000BC3B00202C19002073B505686C6994420C
:1078C00008D909F06BFA7A2303604FF0FF342046A1
:1078D00002B070BD01914668FFF71CFB019948B1E9
:1078E000A868002200F082FC0128F0D009F056FAC6
:1078F0000B23E9E716F4804FA8680CBF4FF0FF3266
:10790000002200F019FBEFE737B504686369934282
:107910000BD2FFF7FFFA18B14FF0FF3003B030BDC4
:1079200009F03CFA7A230360F6E701914568FFF716
:10793000F1FA0199034670B10023A0681A4600F0DD
:1079400027FA012811D0FFF7E5FA0028E4D109F061
:1079500025FA0B23E7E715F4804FA0680CBF4FF022
:10796000FF32002200F050F9EBE70020D6E7704725
:10797000704710B5044601F0FDFEA46B01F01CFF3A
:10798000B4FA84F0400910BDF8B51546026C866B58
:10799000044652B9076847BB806801F0C5FAA76082
:1079A00005460136A6632846F8BD65B9406809F06A
:1079B0001BFA6368226C1344A26863609342F0D39D
:1079C00023686360EDE7C06809F00EFA226CE36893
:1079D00051429B1A2268E36093423EBFA3685B1842
:1079E000E360022D01D116B1013E0025D9E73546ED
:1079F000D7E7034610B41A6C08466AB1DC68996888
:107A000014448C4228BF1968DC6028BFD960D9684B
:107A10005DF8044B09F0E8B95DF8044B704770B5A8
:107A2000044601F0A7FE94F8455004F124066DB217
:107A3000002D14DCFF2384F8453001F0BDFE01F079
:107A400099FE94F8445004F110066DB2002D12DC3A
:107A5000FF2384F84430BDE8704001F0ADBE636A96
:107A6000002BE7D0304601F021F908B101F0D2F93E
:107A7000013D6DB2DCE72369002BE9D0304601F00F
:107A800015F908B101F0C6F9013D6DB2DEE700005D
:107A900070B50E46044640B94FF0200383F31188B9
:107AA000BFF36F8FBFF34F8FFEE7C56B95B3036CCA
:107AB000A3FB053575BB01F05DFED4E90F312268EB
:107AC000A5634B43D0185B1A1344E360FF2384F88B
:107AD0004430A060626084F8453096B9236963B190
:107AE00004F1100001F0E2F838B10F4B4FF0805272
:107AF0001A60BFF34F8FBFF36F8F01F05DFE01205F
:107B000070BD04F1100001F08DFF04F1240001F0BC
:107B100089FFF2E74FF0200383F31188BFF36F8FE3
:107B2000BFF34F8FFEE700BF04ED00E013B51C4626
:107B300043B94FF0200383F31188BFF36F8FBFF376
:107B40004F8FFEE708B14AB151B94FF0200383F3DC
:107B50001188BFF36F8FBFF34F8FFEE70029F4D179
:107B600050230193019B502B08D04FF0200383F347
:107B70001188BFF36F8FBFF34F8FFEE7002908BF57
:107B80002246019B22600123C4E90F0184F846309C
:107B900019462046FFF77CFF9DF8103084F84C30E2
:107BA000204602B010BD2DE9F0410D4617460646AD
:107BB00000B3A0FB0138B8F1000F1BD1484310F10E
:107BC000510F17D8503001F0FBFB044668B180F824
:107BD00046806DB100F15003C4E90F6523600121B7
:107BE0002046FFF755FF84F84C702046BDE8F08131
:107BF0000346F1E74FF0200383F31188BFF36F8F43
:107C0000BFF34F8FFEE700002DE9FF478846019242
:107C10001F46044640B94FF0200383F31188BFF399
:107C20006F8FBFF34F8FFEE751B9036C43B14FF035
:107C3000200383F31188BFF36F8FBFF34F8FFEE7ED
:107C4000022F0BD1E36B012B08D04FF0200383F3FD
:107C50001188BFF36F8FBFF34F8FFEE701F002F97A
:107C6000064650B9019B4BB14FF0200383F31188B6
:107C7000BFF36F8FBFF34F8FFEE70026DFF8E8A05A
:107C80004FF0000937E0019D1DB901F095FD00207E
:107C900050E016B902A801F075F801F08DFD00F072
:107CA0007BFD01F067FD94F84430FF2B08BF84F89A
:107CB000449094F84530FF2B08BF84F8459001F0BC
:107CC0007BFD01A902A801F069F8002846D101F066
:107CD00051FDA26BE36B9A422FD101F06DFD01992A
:107CE00004F1100000F09CFF2046FFF798FE00F022
:107CF00059FE50B3012601F03DFDA26BE36B9A42A1
:107D000001D3022FBFD13A4641462046FFF73CFE41
:107D1000636A1BB104F1240000F0C8FF38B1124BB4
:107D20004FF080521A60BFF34F8FBFF36F8F01F097
:107D300043FD012004B0BDE8F08701F03DFD204681
:107D4000FFF76DFE00F02EFED4E74FF08053CAF827
:107D50000030BFF34F8FBFF36F8FCBE72046FFF7A5
:107D60005EFE00F01FFE92E704ED00E010B5024653
:107D700000210120FFF717FF044638B1002383607C
:107D80000360C3601A461946FFF73EFF204610BD48
:107D90002DE9F843894690461F46044640B94FF006
:107DA000200383F31188BFF36F8FBFF34F8FFEE77C
:107DB00051B9036C43B14FF0200383F31188BFF333
:107DC0006F8FBFF34F8FFEE7022F0BD1E36B012BB9
:107DD00008D04FF0200383F31188BFF36F8FBFF3F8
:107DE0004F8FFEE701F0F0FDEFF311864FF0200317
:107DF00083F31188BFF36F8FBFF34F8FA26BE36BD9
:107E00009A4201D3022F32D194F84550A36B6DB240
:107E10003A4649462046FFF7B7FD6B1C13D1636A0B
:107E20000BB901200BE004F1240000F03FFF002813
:107E3000F7D0B8F1000FF4D00120C8F8000086F3A5
:107E40001188BDE8F88300F0B5FC8542E9D27F2DAA
:107E500008D14FF0200383F31188BFF36F8FBFF376
:107E60004F8FFEE701356DB284F84550D9E7002009
:107E7000E5E7F8B50E46044640B94FF0200383F31A
:107E80001188BFF36F8FBFF34F8FFEE7036C43B1D1
:107E90004FF0200383F31188BFF36F8FBFF34F8F31
:107EA000FEE7036853B9836843B14FF0200383F3BF
:107EB0001188BFF36F8FBFF34F8FFEE701F084FD92
:107EC000EFF311874FF0200383F31188BFF36F8F17
:107ED000BFF34F8FA36BE26B9A422BD994F84520E6
:107EE0000133FF2A55B2A36310D1636A0BB9012095
:107EF00009E004F1240000F0D9FE0028F7D0002E9C
:107F0000F5D00120306087F31188F8BD00F052FCF5
:107F10008542ECD27F2D08D14FF0200383F31188E6
:107F2000BFF36F8FBFF34F8FFEE701356DB284F85B
:107F30004550DCE70020E6E72DE9F04385B00F4629
:107F40000192044640B94FF0200383F31188BFF338
:107F50006F8FBFF34F8FFEE751B9036C43B14FF002
:107F6000200383F31188BFF36F8FBFF34F8FFEE7BA
:107F700000F078FF064650B9019B4BB14FF020034B
:107F800083F31188BFF36F8FBFF34F8FFEE7002697
:107F9000DFF8E0904FF000083BE0019D1DB901F0D3
:107FA0000BFC002052E016B902A800F0EBFE01F035
:107FB00003FC00F0F1FB01F0DDFB94F84430FF2BF3
:107FC00008BF84F8448094F84530FF2B08BF84F83C
:107FD000458001F0F1FB01A902A800F0DFFE0028B6
:107FE0003DD12046FFF7C5FC98B3019904F1240068
:107FF00000F016FE2046FFF712FD00F0D3FC38B962
:108000004FF08053C9F80030BFF34F8FBFF36F8F2D
:10801000012601F0AFFBA56B002DBED039462046EE
:10802000013DFFF7E6FCA563236963B104F110008D
:1080300000F03CFE38B10F4B4FF080521A60BFF396
:108040004F8FBFF36F8F01F0B7FB012005B0BDE884
:10805000F0832046FFF7E3FC00F0A4FCD8E72046BD
:10806000FFF7DDFC00F09EFC2046FFF782FC0028B5
:10807000CED096E704ED00E02DE9F04385B004464C
:10808000019140B94FF0200383F31188BFF36F8F44
:10809000BFF34F8FFEE7056C45B14FF0200383F32C
:1080A0001188BFF36F8FBFF34F8FFEE700F0DAFE4A
:1080B000064650B9019B73B14FF0200383F311883A
:1080C000BFF36F8FBFF34F8FFEE72E46DFF8189197
:1080D0004FF0000848E00546F8E7019F1FB901F09E
:1080E0006BFB00255EE016B902A800F04BFE01F024
:1080F00063FB00F051FB01F03DFB94F84430FF2B93
:1081000008BF84F8448094F84530FF2B08BF84F8FA
:10811000458001F051FB01A902A800F03FFE0028B4
:108120004AD12046FFF725FC00283FD023683BB901
:1081300001F020FBA06800F0A5FE054601F03CFB25
:10814000019904F1240000F06BFD2046FFF767FC65
:1081500000F028FC38B94FF08053C9F80030BFF365
:108160004F8FBFF36F8F012601F004FBA36B002B31
:10817000B3D0013BA363236813B900F085FFA0606F
:10818000236963B104F1100000F090FD38B1164B83
:108190004FF080521A60BFF34F8FBFF36F8F01F023
:1081A0000BFB0125284605B0BDE8F0832046FFF70C
:1081B00036FC00F0F7FBD6E72046FFF730FC00F076
:1081C000F1FB2046FFF7D5FB0028CCD0002DE9D0ED
:1081D00001F0D0FA616A19B1236B1968C1F10A0183
:1081E000A06800F0F5FE7AE704ED00E02DE9F84321
:1081F00089469046054640B94FF0200383F3118825
:10820000BFF36F8FBFF34F8FFEE751B9036C43B1DC
:108210004FF0200383F31188BFF36F8FBFF34F8FAD
:10822000FEE701F0D1FBEFF311874FF0200383F35A
:108230001188BFF36F8FBFF34F8FAC6B94B395F87A
:108240004460494676B22846FFF7D3FB013C731CD5
:10825000AC6313D12B690BB901200BE005F11000C1
:1082600000F024FD0028F7D0B8F1000FF4D0012071
:10827000C8F8000087F31188BDE8F88300F09AFA87
:108280008642E9D27F2E08D14FF0200383F3118874
:10829000BFF36F8FBFF34F8FFEE7013676B285F8DD
:1082A0004460D9E72046E5E740B94FF0200383F367
:1082B0001188BFF36F8FBFF34F8FFEE790F8463002
:1082C0000BB901F041B9704770B504460D4616462A
:1082D00001F050FA94F84430FF2B04BF002384F8D7
:1082E000443094F84530FF2B04BF002384F8453018
:1082F00001F062FAA36B2BB93246294604F124003F
:1083000000F0A8FC2046BDE87040FFF788BB0000E5
:108310002DE9F041044601F02DFA334B334D1A6834
:10832000334F01321A602E68002E52D12C601B6828
:10833000012B1FD1B8464046013601F073FB0A2ECF
:1083400008F11408F7D1DFF8D4802A4E404601F036
:1083500069FB304601F066FB274801F063FB2748C4
:1083600001F060FB264801F05DFB264BC3F800805E
:10837000254B1E60254AE16A13680133636413606C
:10838000234B012218688A4002431A6014234B438E
:10839000FE187268A2609168E1609068211D4160DA
:1083A0009160FA5866610132FA5001F005FA194BF2
:1083B0001B6863B12B68DA6AE36A9A4207D2164BEC
:1083C0004FF080521A60BFF34F8FBFF36F8FBDE83D
:1083D000F081104B1B68002BCCD12B68DA6AE36A62
:1083E0009A4298BF2C60C5E7943C0020C03B002017
:1083F000CC3B0020BC3C0020DC3C0020083D0020A1
:10840000F43C0020C43B0020C83B0020A03C0020DE
:10841000A43C0020F03C002004ED00E0A83C00203B
:108420002DE9F843254BDFF8AC901D68244B1F68FD
:10843000244B0446D3F80080D9F8000004300E46DF
:1084400001F015FB4B4658B9D9F800101E48D1F879
:108450002CC00268012101FA0CF122EA010202603B
:10846000621C15D1A6B1194A186851688160186854
:108470008C68C46018688C680430606018681B6879
:10848000043088605A61136801331360BDE8F883D3
:108490001A6819682C19546001F1040104D340468C
:1084A000BDE8F84301F0CCBA384601F0C9FA084BF0
:1084B0001A68A24288BF1C60E8E700BF1C3D00208C
:1084C000C43B0020C83B0020A43C0020F43C00201A
:1084D000D03C0020C03B0020094B0A4A1B681268B0
:1084E000D06A58B9084A1268012A08D8012B06D860
:1084F000064B1868064B1B68C01A7047002070476F
:10850000A43C0020C03B0020CC3B0020D03C0020FD
:108510001C3D0020064A13681968064B19B94FF034
:10852000FF321A6070471268D2681268F9E700BF1C
:10853000C43B0020D03C00202DE9F0470A9C960067
:10854000324680460D46206BA521DDE9087A994622
:1085500008F072FC226B043E164426F007062664DF
:1085600075B16B1E04F134020B3513F8011F02F8CC
:10857000011B197809B1AB42F7D1002384F83F30D1
:10858000092F08D94FF0200383F31188BFF36F8FB1
:10859000BFF34F8FFEE7E762E764201D01F04DFA5D
:1085A000C7F10A0704F1180001F047FA4FF4856299
:1085B00000212461A761646204F1600008F03CFCC2
:1085C00004F55373636604F56D73A36604F21C43EC
:1085D000E36601220023C4E942230B4A0B4BC4E9A2
:1085E00044230B4BC4F818310B23A4F81C314A4622
:1085F0004146304601F0A8F82060BAF1000F01D0E2
:10860000CAF80040BDE8F0870E33CDAB34126DE6FA
:10861000ECDE050010B50446603008F011FF94F858
:108620008D343BB9206B00F08FFF2046BDE8104031
:1086300000F08ABF012BF8D0022B08D04FF02003A6
:1086400083F31188BFF36F8FBFF34F8FFEE710BD29
:108650002DE9F04188B0DDE90F840E460021054682
:1086600017460691B8F1000F08D14FF0200383F3AD
:108670001188BFF36F8FBFF34F8FFEE744B94FF000
:10868000200383F31188BFF36F8FBFF34F8FFEE793
:108690004FF492620792079AB2F5926F08D04FF0AA
:1086A000200383F31188BFF36F8FBFF34F8FFEE773
:1086B00007980593204608F0BFFB022284F88D241A
:1086C00006AAC4F8308001920E9A059B00923146AA
:1086D0003A4628460294FFF72FFF2046FFF718FE80
:1086E000069808B0BDE8F08130B58BB007AB224AE0
:1086F0001D4612F8014B03F8014B002CF9D106AAD4
:1087000005A904A8CDE9044401F0C2F9049B029331
:10871000059B069A1948CDE9004329462346FFF7F1
:1087200097FFD0B100F01AFE01281AD14FF02003B4
:1087300083F31188BFF36F8FBFF34F8F104B114A34
:108740001B6860331360104B4FF0FF321A600F4B01
:1087500018600F4B1C6001F07DF80E4B1B680BB0CE
:1087600030BD0130F9D14FF0200383F31188BFF3FE
:108770006F8FBFF34F8FFEE77C2B0100ED8A000067
:10878000C03B0020C41A0020D03C0020F03C002058
:108790001C3D00203C190020024A1368013313607D
:1087A000704700BF9C3C0020014B1868704700BF19
:1087B0001C3D0020014B1868704700BF943C00200E
:1087C00038B51B4D1B4A2B68116803449942044677
:1087D00008D24FF0200383F31188BFF36F8FBFF3EC
:1087E0004F8FFEE712689A421ED1134B1B6843B9A4
:1087F0004FF0200383F31188BFF36F8FBFF34F8FC8
:10880000FEE740B94FF0200383F31188BFF36F8F69
:10881000BFF34F8FFEE700F0ADFF084A1368013346
:10882000136000F0C9FF013C286804442C6038BD87
:108830001C3D0020D03C00209C3C0020D83C002067
:108840004D4B1B682DE9F74F002B40F08F804B4BB1
:108850001C6801341C60BCB9494B1A68126842B1EB
:108860004FF0200383F31188BFF36F8FBFF34F8F57
:10887000FEE7444A1968106818601160424A13689C
:1088800001331360FFF746FE404A019213689C4291
:108890004FF0000007D23E4B1B68002B18BF012091
:1088A00003B0BDE8F08FDFF8D880DFF8F4E0394E90
:1088B00081464FF0140BD8F800301B6823B9019A99
:1088C0004FF0FF331360E6E7D8F80030DB68DB6871
:1088D00059688C4202D2019B1960DCE7D3E9021788
:1088E0005D698F607960696803F1040C61452968EE
:1088F00008BF6F600139C3F8149029609D6A95B173
:10890000D3E907178F60D3F820A0CAF8041069686C
:1089100003F11807B942296808BFC5F804A0013956
:10892000C3F828902960DD6ADEF8007001220BFB95
:1089300005FA02FA05F1394306EB0A07CEF80010F2
:10894000796899608A68DA608A68C2F804C0C1F8F8
:1089500008C05F6156F80A30013346F80A300E4B02
:108960001B68DB6A9D4288BF0120A4E70B4A13689D
:1089700001331360002093E79C3C00201C3D002045
:10898000C43B0020C83B0020D43C0020D03C002049
:10899000203D0020CC3B0020C03B0020D83C0020E4
:1089A000A43C00202DE9F84F00F0E4FE464B1A6885
:1089B00042B94FF0200383F31188BFF36F8FBFF3E9
:1089C0004F8FFEE71A68013A1A601B682BB100242A
:1089D00000F0F2FE2046BDE8F88F3C4A1268002AFB
:1089E000F5D0DFF804B13A4D3A49DFF8F4E0DFF8AA
:1089F000EC8001264FF0140C42E0DBF80C30DB6811
:108A0000D3E90727986A97601C6A6260426803F19D
:108A100018094A454FF0000208BF47609A62026891
:108A2000013A0260D3E90227586997607A60426888
:108A300003F1040A5245026808BF4760013A026028
:108A4000D86A2F680CFB00F906FA00F23A4301EBF2
:108A500009072A607A689A609468DC609468C4F8B0
:108A600004A0C2F808A051F809205F61013241F862
:108A70000920DEF80020D26A904201D9C8F80060CF
:108A8000DBF80020002AB8D10BB1FFF743FD124DEF
:108A90002C6844B1114E0127FFF7D2FE00B13760B8
:108AA000013CF9D12C600D4B1B68002B8FD00C4B77
:108AB0001B680C4B4FF080521A60BFF34F8FBFF30F
:108AC0006F8F012484E700BF9C3C0020943C002071
:108AD000A43C0020CC3B0020D83C0020203D0020BE
:108AE000C03B002004ED00E0DC3C0020F8B51B4C4E
:108AF0001B4F1C4D2368A3B9FFF7EEFC0128F8D9E2
:108B0000FFF74AFE184B1A68184B1B689A421BD293
:108B10004FF0200383F31188BFF36F8FBFF34F8FA4
:108B2000FEE700F027FEFB68DE68301D00F09FFFC7
:108B30002B68013B2B602368013B236000F03CFE67
:108B40003046FFF767FDD5E7FFF7C6FC012801D9DE
:108B5000FEF77CFAFFF726FFCBE700BF983C00202A
:108B6000083D0020943C0020D03C00201C3D00200B
:108B700038B5254B1A68254B12B101221A6038BD51
:108B8000234C1A6023681B6B1A68B2F1A53F0BD106
:108B90005A68B2F1A53F07D19A68B2F1A53F03D157
:108BA000DB68B3F1A53F04D021682068343100F0C0
:108BB0006EFF184B1B68B3FA83F3DBB2C3F11F03DC
:108BC000142215495A4388188D5845B94FF020038F
:108BD00083F31188BFF36F8FBFF34F8FFEE74568B4
:108BE00008326D6845600A44954204BFC26842601D
:108BF000142202FB0313094A5B68DB6823602368C5
:108C0000236860331360BAE79C3C0020203D0020BD
:108C1000C03B0020A43C0020CC3B0020C41A002014
:108C200010B50C4640B94FF0200383F31188BFF311
:108C30006F8FBFF34F8FFEE7054B1968183100F0B7
:108C4000FFFE20460121BDE81040FFF7E9BB00BF51
:108C5000C03B002070B40D4640B94FF0200383F3B1
:108C60001188BFF36F8FBFF34F8FFEE70E4B446841
:108C70001968A668CC6119680E621968A66818316F
:108C8000716019681B681831A16098620368002A36
:108C900003F10103036011460CBF28464FF0FF307B
:108CA00070BCFFF7BDBB00BFC03B0020C368D868E5
:108CB00070B540B94FF0200383F31188BFF36F8F75
:108CC000BFF34F8FFEE7836AD0E907125C688A60C2
:108CD000516000F118018C4208BF5A600022826284
:108CE0001A68013A1A60214B1B68002B30D1D0E979
:108CF000021243698A60C268C56A51605968041DDE
:108D0000A14208BF5A601A68013A1A60184B012242
:108D10001968AA400A431A60164914236B43CD18F8
:108D20006A6882609668C660966874609460CA5883
:108D300045610132CA50FFF7EDFB0F4BC26A1B6859
:108D4000DB6A9A4283BF0D4B01201860002070BD82
:108D50000B4B5A68C26194680462946861609160C8
:108D60001A68836201321A60E7E700BF9C3C00206A
:108D7000A43C0020CC3B0020C03B0020203D002034
:108D8000DC3C0020034B1B680360034B1B68436003
:108D9000704700BFD43C00201C3D002070B50D463C
:108DA000044640B94FF0200383F31188BFF36F8F5F
:108DB000BFF34F8FFEE741B94FF0200383F31188D3
:108DC000BFF36F8FBFF34F8FFEE700F0D3FC0F4B65
:108DD00019682B685A1C17D00D482668006862680D
:108DE000864208D08A4206D800232B60012400F076
:108DF000E3FC204670BD881A8342F5D95B1A134400
:108E00002B602046FFF7BEFF0024F0E71C3D00204A
:108E1000D43C0020014B01221A607047203D002005
:108E20000B4B1B687BB90B4A106870B90A4B1B6867
:108E300063B90A4B18680A4B1B68013B984214BF80
:108E4000012002207047002070471846704700BF7D
:108E5000DC3C0020203D0020D83C0020F43C0020D9
:108E6000943C0020054B1B6833B1054B1B68002B5D
:108E70000CBF02200020704701207047F03C00200A
:108E80009C3C0020F8B50446002839D0234AC36A28
:108E90001168C96A8B42164638D28269204D002A71
:108EA000A1BF3268D26AC2F10A028261142202FBB7
:108EB000035342699A4224D1071D384600F0D7FD7A
:108EC000184A30B9E06A13680121814023EA01039E
:108ED000136033681668D96AE162012000FA01F371
:108EE0003343136014234B43E9184A68A260966821
:108EF000E660966877609760EA5861610244EA50DC
:108F0000F8BD3368DB6AC3620120F9E71368C06CFF
:108F1000DC6AA0422CBF00200120F1E7C03B00200A
:108F2000CC3B0020A43C0020F8B5044608B9002042
:108F3000F8BD244B1B68834208D04FF0200383F315
:108F40001188BFF36F8FBFF34F8FFEE71B6D43B9DF
:108F50004FF0200383F31188BFF36F8FBFF34F8F60
:108F6000FEE7C16AC26C013B91420365DFD0002B72
:108F7000DDD1051D284600F07AFD134B30B9E06ABB
:108F80001A680121814022EA01021A60E26C1E681F
:108F9000E262C2F10A010120A16100FA02F131434B
:108FA00019600A4914235343CE187268A260976867
:108FB000E76097687D609560CA5866610244CA5050
:108FC000B6E700BFC03B0020A43C0020CC3B002003
:108FD000F8B5044600284FD0026D42B94FF0200387
:108FE00083F31188BFF36F8FBFF34F8FFEE7C36C1E
:108FF000994238BF1946C36A8B423DD0012A3BD102
:109000001E4A1268824208D14FF0200383F3118870
:10901000BFF36F8FBFF34F8FFEE78269184DC162B8
:10902000002A4FF0140202FB03534269A4BFC1F1AE
:109030000A0181619A421FD1061D304600F017FDDA
:10904000E76A104928B90B680122BA4023EA0203F3
:109050000B600B680122BA401A4314237B430A6059
:10906000E9184A68A2609068E0609068466096607F
:10907000EA5861610132EA50F8BD00BFC03B0020F0
:10908000CC3B0020A43C0020034B186810B1036DBA
:1090900001330365704700BFC03B0020F7B50F4C9C
:1090A00000F068FB25689DB90D4F0E4E384600F064
:1090B000B9FC304600F0B6FC0B4B0C4A1F600C4B61
:1090C0000C211E6014200B4B0095FEF72FFD206035
:1090D00003B0BDE8F04000F06FBB00BF983E002039
:1090E0001C3E0020303E0020243D00202C3D00206E
:1090F000283D0020483E0020914208B541600061B3
:109100000AD8D21A83699A420DD2084B011D1868F9
:1091100000F096FC002008BD9A4201D2994202D28A
:10912000034B011DF3E70120F5E700BF283D0020B8
:10913000243D002070B504460D461646A1692B4615
:10914000324629442046FFF7D7FF00B970BDA36916
:1091500020461D44236A9847F0E700000F4B1B6828
:1091600037B5DB680191DC680546201D00F07FFC07
:1091700094F82830019A13F0040F09D029462046AC
:10918000FFF7D8FF236A204603B0BDE830401847F8
:1091900023F0010384F82830F4E700BF243D0020C9
:1091A00010B5084C23681A6822B9074A1168216073
:1091B000136010BDDB684FF0FF311868FFF7CEFF7A
:1091C000F0E700BF243D0020283D00202DE9F047B6
:1091D0005D4E86B00027B0465C4B1B68D3F800A0FC
:1091E000BAF1000F29D0DB68D3F800A00025FFF703
:1091F000D3FAFFF7D9FA3368DFF85C919842044656
:109200001DD33060002D4BD0514B1B681D68B5FA43
:1092100085F56D09D9F800002A46AAEB0401FFF78D
:1092200053F8FFF7BFFB78B94A4B4FF080521A60F2
:10923000BFF34F8FBFF36F8F06E00125D7E7FFF72E
:10924000AFFF3460FFF7AEFBCDE903770597D9F8A0
:109250000000002203A9FEF76FFE0028BCD0039B8C
:10926000002BF4DB059C636913B1201D00F0FFFBAC
:10927000FFF79AFAD8F800309842024603D20190DC
:10928000FFF78EFF019A039BC8F80020013B082BD3
:10929000DDD8DFE803F00E0E3239510E0E32390000
:1092A0008245B7D8FFF77EFB21465046FFF756FFB1
:1092B000CAE794F82830A169019243F0010384F8C9
:1092C0002830049B20461944FFF716FF0028BED023
:1092D00094F82830019A13F0040F09D0A369049977
:1092E00020461944FFF726FF236A20469847AEE739
:1092F00023F0010384F82830F6E794F8283023F0AF
:10930000010384F82830A2E794F828300499A16179
:1093100043F0010384F8283041B94FF0200383F370
:109320001188BFF36F8FBFF34F8FFEE713461144D1
:109330002046FFF7E1FE8AE794F828309A07DED44A
:10934000204600F001F982E7443E0020243D002041
:10935000283D002004ED00E0983E002010B588B0C4
:10936000FFF79CFE124B1B68B3B1002407AA06A9A5
:1093700005A8CDE9054400F097FB059B0293069BE9
:10938000019306230093079A0A490B482346FFF7E7
:109390005FF90A4B186040B94FF0200383F311883E
:1093A000BFF36F8FBFF34F8FFEE7012008B010BDF2
:1093B000983E0020812B0100CD9100009C3E0020B2
:1093C000F8B5431E0A3340D800F1080410F0070036
:1093D00005D0C0F10800C343A34236D30444524D24
:1093E000FFF7DAF92B68BBB9504B5A0718BF0733A0
:1093F0004F4A18BF23F007030021136051604D4A04
:1094000022F00702C2E90011D11AC3E900214A4B38
:109410002A601960494B1960002C40F38180474B4A
:109420001968A1429C467BD3414A404F1368BB4216
:1094300002D3434EB34219D94FF0200383F311886E
:10944000BFF36F8FBFF34F8FFEE70024C7E7BE4522
:1094500002D3B6451A4608D94FF0200383F311888A
:10946000BFF36F8FBFF34F8FFEE773465868A0427C
:1094700004D2D3F800E0BEF1000FE8D12D689D4280
:109480004ED015680835BD4201D3B54208D94FF01A
:10949000200383F31188BFF36F8FBFF34F8FFEE775
:1094A0001F681760A0420FD3001B102819D91E197E
:1094B00016F0070F11D04FF0200383F31188BFF38C
:1094C0006F8FBFF34F8FFEE74FF0200383F31188B8
:1094D000BFF36F8FBFF34F8FFEE770605C601F516B
:1094E000166058680A1A1449CCF800200C68A24289
:1094F00038BF0A6000221A60124A40F000405860EB
:10950000136801331360FFF74DFA6B070AD04FF071
:10951000200383F31188BFF36F8FBFF34F8FFEE7F4
:109520000025F0E72846F8BDA03E0020A43E00201C
:10953000B47E00209C7E0020A87E0020A47E002017
:10954000A37E0020AC7E0020F8B50546002869D037
:10955000354EA0F10804B44212D3344FBC420FD8A8
:1095600050F8043C002B14DA50F8082CD2B14FF01C
:10957000200383F31188BFF36F8FBFF34F8FFEE794
:109580004FF0200383F31188BFF36F8FBFF34F8F2A
:10959000FEE74FF0200383F31188BFF36F8FBFF313
:1095A0004F8FFEE723F0004340F8043CFFF7F4F848
:1095B0001F4A55F8041C13680B4413601D4B1846D2
:1095C0001A461B689C42FBD882420CD0B24201D39F
:1095D000BA4208D94FF0200383F31188BFF36F8F8D
:1095E000BFF34F8FFEE750681518AC4202BF091851
:1095F00014465160606821188B4207D10E490968F2
:109600008B421FBF59681B6809186160A242236022
:1096100018BF1460094A136801331360BDE8F840AD
:10962000FFF7C0B9F8BD00BFA43E0020A37E002014
:10963000A47E0020B47E0020A03E0020B07E00204A
:10964000074B19680868B0E8F04F80F30988BFF34A
:109650006F8F4FF0000080F311887047AFF30080E8
:10966000C03B002008480068006880F308884FF07D
:10967000000080F3148862B661B6BFF34F8FBFF36A
:109680006F8F00DF00BF000008ED00E00000000069
:10969000EFF30980BFF36F8F154B1A681EF0100FA0
:1096A00008BF20ED108A20E9F04F10602DE9090075
:1096B0004FF0200080F31188BFF34F8FBFF36F8FFF
:1096C000FFF756FA4FF0000080F3118809BC1968C3
:1096D0000868B0E8F04F1EF0100F08BFB0EC108A19
:1096E00080F30988BFF36F8F704700BFAFF300802E
:1096F000C03B0020DFF80C00016841F470010160FC
:109700007047000088ED00E082B0002301930D4B0C
:109710001B68013308D04FF0200383F31188BFF397
:109720006F8FBFF34F8FFEE74FF0200383F3118855
:10973000BFF36F8FBFF34F8F019B002BFCD002B0A4
:10974000704700BF401900204FF0807340F8043C80
:10975000074B40F80C3C21F001016FF0020340F888
:10976000081C40F8202C40F8243C4438704700BFC7
:10977000099700004FF0200383F31188BFF36F8F28
:10978000BFF34F8F0A4A13680133012B13600DD1C9
:10979000084B1B6813F0FF0F08D04FF0200383F332
:1097A0001188BFF36F8FBFF34F8FFEE7704700BF85
:1097B0004019002004ED00E0084A136843B94FF057
:1097C000200383F31188BFF36F8FBFF34F8FFEE742
:1097D000013B13600BB983F31188704740190020D7
:1097E00008B54FF0200383F31188BFF36F8FBFF3E9
:1097F0004F8FFFF725F818B1034B4FF080521A60D6
:10980000002383F3118808BD04ED00E00B4B0C49E5
:109810004BF680321A600B4B40F25D121A600A4B15
:109820005E221A60094B00221A600A60084A4BF651
:109830007F31116007221A60704700BFC87E002088
:1098400018E000E0CC7E0020C47E002010E000E0A4
:1098500014E000E0504B514A13B51968914208D109
:109860004FF0200383F31188BFF36F8FBFF34F8F47
:10987000FEE71A684A4B9A4208D14FF0200383F35F
:109880001188BFF36F8FBFF34F8FFEE7454B464AFA
:109890001B68D96A914208D04FF0200383F31188E6
:1098A000BFF36F8FBFF34F8FFEE79A6B3F4B9A4228
:1098B00008D04FF0200383F31188BFF36F8FBFF3FD
:1098C0004F8FFEE700230193394B1A78D2B28DF8FF
:1098D0000220FF221A701B78364ADBB28DF8033063
:1098E0009DF8033003F02003137043B94FF02003B9
:1098F00083F31188BFF36F8FBFF34F8FFEE79DF89F
:109900000330DB4313F0200310D04FF0200383F328
:109910001188BFF36F8FBFF34F8FFEE701320192C3
:109920009DF803205200D2B28DF803209DF8032049
:1099300012F0800F019AF1D1082A18BF019B1E4A2C
:1099400018BFC3F107031B0203F4E06313609DF823
:109950000230174ADBB21370184B1A6842F47F02C8
:109960001A601A68002442F07F421A6043F8044CDF
:10997000FFF74CFF124B1C60FFF7BCFE114A136847
:1099800043F040431360FFF76DFEFFF7F1F8FFF778
:10999000BBFE204602B010BD00ED00E071C20F41D9
:1099A00070C20F4108ED00E0419600009196000062
:1099B00000E400E0BC7E0020C07E002020ED00E03E
:1099C0004019002034EF00E0EFF305830F2B0ED990
:1099D000104A9B5C104A12789A4208D94FF0200333
:1099E00083F31188BFF36F8FBFF34F8FFEE70B4BED
:1099F0000B4A1B68126803F4E063934208D94FF0E6
:109A0000200383F31188BFF36F8FBFF34F8FFEE7FF
:109A1000704700BFF0E300E0BC7E00200CED00E0EA
:109A2000C07E002000F108034FF0FF32C0E902239E
:109A300043600361002303607047002303617047A4
:109A400030B50C68631C0AD103695A684A6091609A
:109A50008B605960036808610133036030BD00F119
:109A60000802134652681568A542FAD9EDE7D0E915
:109A7000011203698A6051605968814208BF5A60C7
:109A8000002202611A68013A1A6018687047FEE7FE
:109A9000034B0360034B0B604FF40073136070477C
:109AA000D0960020D07E0020034B0360034B0B6058
:109AB0004FF4806313607047609B0020D0860020C5
:109AC00070B50D461446B1FA81F1B2FA82F2490935
:109AD000520920B134B190F8443033B91A4601EA42
:109AE000020070BD15B90122F9E7BDB195F8443007
:109AF000002BF4D02B6C466B2D699B08C3EB9603AF
:109B00000669AE4214BFF56800255B1B03F1805364
:109B1000B3F1805FE3D90121002CE0D0E3681B7B27
:109B200003F00F03022BDAD1656B036C2469006923
:109B3000A04218BFE0684FEA930308BF0020C3EBC0
:109B400095031B1A03F18053B3F1805F88BF012294
:109B5000C5E70020704700000A4B1A68936802F1BD
:109B6000380019465B680BB18342FAD14B7B190769
:109B700006D1508F40F60903C31A58425841704726
:109B80000020704790A300200A4605494B6833B176
:109B90008968084203D001460248006818477047A8
:109BA0000C26010090A30020704700000F4B70B5F9
:109BB0001E680F4B05681B681B6B04469847801B8B
:109BC000030BB5EB103F84BF5B195B082360236870
:109BD00040F6C412934201D9226070BDB3F5967F5E
:109BE0003CBF4FF496732360F7E700BF70A40020DA
:109BF0008C01001081B38B01090E202923F0FF0393
:109C000019D0212919D0A02919D0D1B110291AD0E1
:109C100011291AD040291AD050290CBF8022902235
:109C2000134343F00F03014650F8042BB2F1FF3FFA
:109C30000FD10B6070471022F2E72022F0E73022AC
:109C4000EEE74022ECE75022EAE76022E8E77022E4
:109C5000E6E79A42E7D1ECE7704791B38B01090E32
:109C6000202923F0FF021BD021291BD0A0291BD0C3
:109C7000E1B110291CD011291CD040291CD0502939
:109C80000CBF80239023134343F00F03014650F889
:109C9000042BB2F1FF3F11D14FF0FF330B6070473F
:109CA0001023F0E72023EEE73023ECE74023EAE738
:109CB0005023E8E76023E6E77023E4E79A42E5D122
:109CC000EAE7704770B5044616461D46FDF702F9EF
:109CD0005CB1D4E90A2332432B43C4E90A23D4E913
:109CE000082332432B43C4E90823BDE87040FDF745
:109CF0002DB90000F8B5184D0446FDF7EBF895F8BE
:109D00002430064623EA04002C6885F8240024B198
:109D100004F1B800FDF753F80446686820B1B83084
:109D2000FDF74DF80443E4B295F824307BB974B9DB
:109D30002B6A63B19A6A920709D530465F6AFDF7CC
:109D400005F9286A22460221B8472C62F8BD304640
:109D5000BDE8F840FDF7FAB8F09F00200720FFF7B4
:109D6000C9BF10B50129044638BF0121FDF71BF812
:109D70002046BDE81040FCF7B5BF000070B5144E9A
:109D80001448356902F072F9134A136814680440E4
:109D9000184010F020030AD04DB128460022B561CA
:109DA000FFF790FF0D484FF48041FDF73FFB14F49F
:109DB00060240CD00A4A0B4892F8613043EA5444BC
:109DC00082F86140BDE870400021FDF72FBB70BDF7
:109DD00060A3002020000E000C10044074A400209A
:109DE000F0A30020B0A40020064B70B55C68064BC1
:109DF0001D68FDF7E3FA234601462846BDE870409A
:109E0000184700BF80A3002090A30020064B1B78BA
:109E1000022B07D1054B1A6922B95869B0FA80F0B4
:109E2000400970470020704780A3002060A30020F5
:109E30002DE9F8431D46444B089E1C680388C4F373
:109E40004067A40167D5B3F5C15F16D043F6060499
:109E5000A3421BD040F60204A3424FD100F11203EB
:109E60000B604369136083692B60C369336090F8AA
:109E70000F80047C04F0070416E000F112030B606D
:109E800043691360436A2B60836AEFE700F11A03AA
:109E90000B60C3691360036A2B60436A3360047EFE
:109EA0004FF0000804F00704286888B105234FF636
:109EB000FF7240F2037102F0A6F8042808D80FFAE6
:109EC00080F9214640462D6802F0B0F845F8290097
:109ED000306880B105234FF6FF7240F2037102F043
:109EE00092F8042807D804B2FF214046356802F0F2
:109EF0009DF845F824003846BDE8F88300F11A03C0
:109F00000B60C3691360836A2B60C36A336090F887
:109F10002480047EAEE7B3F5C15F07D043F60604A4
:109F2000A3420CD040F60204A34208D100F1120370
:109F30000B604369136000232B603360DBE700F1A3
:109F40001A030B60C369F5E79412005010B501467F
:109F5000447E80680388002286B0B3F5C15FCDE9F6
:109F60000222CDE9042242802ED01ED840F6020201
:109F7000934229D000234B7605AB009303AA04AB90
:109F800002A9FFF755FF78B3029B1A884FF6FF73BB
:109F90009A4229D105990398FFF72CFE154B1B68AF
:109FA0000BB10398984706B010BDA3F56053063B6C
:109FB000012BDFD8437E62F382034376038B8CB19F
:109FC00062F309130383D5E7437C6FF38203437481
:109FD000038A1CB16FF309130382CBE72D2262F3CE
:109FE0000913F9E72D22EBE705990398FFF735FEF2
:109FF000D4E700BF0CA5002008B50E4B19420DD0C8
:10A00000012004F02FFF012809D10B4B0B4A5A60A5
:10A010000B4B00221A600B4A43F81C2C08BDFCF7BE
:10A02000D9FE3221BDE80840B1FBF0F10648FFF748
:10A0300098BE00BF0400002080A3002051B10000A2
:10A040001C10044058A400205CA0002008B54FF06C
:10A05000FF3001F08DFF830706D5BDE808400348B7
:10A060004FF40061FDF7E2B908BD00BF74A4002001
:10A07000042838B504461AD10E48FCF7A0FEB0B14A
:10A08000FCF7A8FE05460B48FCF78FFE6843B0F5C9
:10A09000967F0CD20748FCF783FE052002F0E2FE13
:10A0A000054B0648012221465A73FDF7BFF90020EF
:10A0B00038BD00BF5CA0002080A3002074A4002055
:10A0C000F7B51D46FD232E688DF80730324604464D
:10A0D000FFF7F6FC10B101238DF807309DF807302B
:10A0E000FD2B10D1E3681B7B03F00F03022B0AD179
:10A0F0004EB1376831463A462046FFF7E1FCB8B129
:10A1000002238DF807309DF80730FD2B04D1E36B57
:10A1100013B104238DF807309DF80730012B5FB28F
:10A1200008D12146284602F04FF8384603B0F0BD6A
:10A130003E46DDE7022F06D0042FF6D12146284601
:10A1400002F02CF8F1E73268002AF7D021462846C1
:10A1500002F00CF8E9E738B50C460546FCF7BAFE04
:10A16000236800241BB9FCF7F1FE204638BD1A69AC
:10A17000954208BF1C461B68F4E700002DE9F74F25
:10A180009946224B1C6807460D469046002C36D057
:10A19000AC42236837D1DFF874A02E4600240AF1C0
:10A1A000080B314636680B699F4223D108460022CE
:10A1B0004FF080530191FFF785FD0199B9F1000F30
:10A1C0000FD000224FF080730846FFF77BFD104B45
:10A1D0002A691A6293F82420019942F0010283F857
:10A1E00024205046019102F005F80199584601F0EB
:10A1F000D5FF0134B8F1000F01D0002ED1D1204697
:10A2000003B0BDE8F08F1C46C0E700BF60A300208C
:10A21000F09F00200E4BF0B54FF0580C00241E4666
:10A22000B3F930708F421D4609D11F69B84206D17B
:10A230005AB10CFB046797F83370174205D101340B
:10A24000082C03F15803EBD100252846F0BD00BFD0
:10A25000A0A000202DE9F843D0F8A86004460D46E0
:10A260009146984606B1B047D4E9282302EA090688
:10A2700003EA080756EA07031BD080222946204636
:10A28000FFF7C8FFC4E92C6750B1D0E9082323EADF
:10A29000070322EA0602C0E90823D4F8A830836045
:10A2A0000023C4F8A83004F15000BDE8F843FCF7DF
:10A2B00064BFBDE8F88370B55023144640F2FF3206
:10A2C00005460E4601F09FFEFF280CD0A2022B2E61
:10A2D00018BF42F40A7203B20CBF42F02B0242F0E4
:10A2E000030245F8232070BD70B5002386B0CDE988
:10A2F0000233CDE9043305AB0E4600931546C1F396
:10A30000150404AB03AA02A9FFF792FD002E23DB7C
:10A31000029BD0B1049880B1059A72B11C8022468C
:10A3200040F22B21FFF7C7FF05990398FFF795FC33
:10A3300015232B80049B6B600CE019884FF6FF728D
:10A34000914202D1032006B070BDA4B21C8010233C
:10A350002B806C808320F6E70028F3D0049B8BB120
:10A36000059878B1029B4FF6FF721A802B21224686
:10A37000FFF7A1FF05990398FFF73CFC15232B80FD
:10A38000059BD8E7039822462B21FFF794FFFF286F
:10A39000D8D0029B4FF6FF721A8014232B806C607A
:10A3A000D8E70000F8B504460F461546FCF792FDC5
:10A3B0000D4B1B68A342064612D10C4B1B78022B97
:10A3C000DCB20FD1384601F0DBFD05B12860C3B225
:10A3D000012B08BF81243046FCF7B8FD2046F8BDAC
:10A3E0000324F8E70124F6E790A3002080A30020CF
:10A3F00038B5154B1B685A68D2E90134D568D8B115
:10A4000004B9EDB1114A00211160114942F81C1C38
:10A410000BB101F0F7FD04B9A5B10C4B1A68002A85
:10A42000FCD000221A6004B1A04705B1A847BDE8DE
:10A430003840084801F0A4BD002BECD09847EAE76B
:10A44000002BE6D138BD00BF90A300201C100440B3
:10A4500051000706010007068B002DE9F041054673
:10A4600079D50020FFF7C4FF3C4C3D4A3D4E3E49A4
:10A47000002340F60A0833601160A4F8008063806E
:10A48000227B63F3030222736360637B012262F326
:10A49000030328466373FFF759FDAF6841463B4607
:10A4A00098465B6833B11A888A4203D0A2F6030249
:10A4B000012AF5D898F80D30C8F804406FF303036B
:10A4C00088F80D30294B1B6833B1DB681B88A3F675
:10A4D00003039BB2012B15D92B8F9BB1B5F84430E8
:10A4E00023F4706305F1380123F00F0343F4807304
:10A4F0006160A5F84430637B002262F303036A873E
:10A50000EA6363733368002BFCD0194C002333607B
:10A51000184B6360637B7BB102F024FE0028FBD004
:10A5200002F038FE002333600D4B39461F600120D6
:10A53000BDE8F041FFF728BB012004F093FC01289F
:10A54000F0D098F80D30012262F3030388F80D3043
:10A55000094B6360E6E7BDE8F08100BF58A4002026
:10A56000001004401C10044001010E0460A30020F0
:10A5700080A3002051B10000F99F00002DE9F84FA1
:10A580002DED028B05469DF830700C461E46924616
:10A590004FF000080ABB4FF00059FCF79BFC621C0F
:10A5A00008EE100A27D1474A11691346C1B109695B
:10A5B0008D4215D1D2F810B0BBF1000F7FD09BF8BF
:10A5C00033301B061ED4042418EE100AFCF7BEFC20
:10A5D000BDEC028B2046BDE8F88F4FF08049DCE7E8
:10A5E0005A6912B11269954202D0D3F800B0E3E77C
:10A5F000D3F814B0E0E7002221462846FFF70AFE10
:10A600008346D9E72F4C23695B4529D1206942460F
:10A610004B46FFF757FB60694B464246FFF752FB3C
:10A6200029482A4BBAF1000F08BF184601F0A8FCD0
:10A6300047B3206900224FF08073FFF743FB0022ED
:10A640004FF080736069FFF73DFB214BDBF8102072
:10A650001A6293F8242042F0010283F8242011E0CA
:10A6600063695B4517D160694B464246FFF72AFB99
:10A670001848194BBAF1000F08BF184601F080FCCA
:10A68000002FDCD12EB121683B4601222846FFF77E
:10A6900075FD832498E73B46324659462846FFF726
:10A6A0006DFD00288FD00D4B1A78012AF1D01B7850
:10A6B000042BEED00A490B48FCF7B8FEE9E7032467
:10A6C00082E700BF60A30020010002040100010432
:10A6D000F09F0020010002240100012480A300203B
:10A6E0000200004074A4002010B50446FCF7F2FB01
:10A6F00004490A7842EA04030B70BDE81040FCF7F5
:10A7000025BC00BFE9A300202DE9F843244CDFF865
:10A710009C90244FDFF8988000252646A07A0128D7
:10A720001FD194F90930113300FA03F3DA43C9F861
:10A7300000203A6813433B6094F909309840C0B256
:10A74000FFF7D2FF98F80030022B1AD104F1100065
:10A7500001F016FCC0B2012813D1A06940B9022350
:10A76000A3720135032D04F12004D7D1BDE8F8838D
:10A7700098F80030022B04D101F002FCC0B201288D
:10A78000EDD094F9091096F86120074811238B4009
:10A790001343DBB2002186F86130FCF747FEE0E7A7
:10A7A000F0A300200C100440B0A4002008100440C6
:10A7B00080A3002038B50546FCF78CFB084B1A78BF
:10A7C000044622EA050018701B781B0703D40548CD
:10A7D0000821FCF72BFE2046BDE83840FCF7B6BB4D
:10A7E000E9A3002074A40020054B9A8BDB8B12B2E6
:10A7F0001BB29A4202D10820FFF7DCBF704700BFAE
:10A8000060A300202DE9F0414D4DAC68002C00F014
:10A810009580E36809229BB1013A12F0FF020FD044
:10A820001988A1F6030189B201296DD8226903F1C3
:10A830001801383253F8040B42F8040B8B42F9D15B
:10A8400000230022D4E90A01C4E90A23A368D3B192
:10A85000002601F0E24756EA070357D020F00F0226
:10A8600021F0E24352EA030105D0D4F80880B4F99C
:10A8700030102069C047D4F80880B4F9301020693E
:10A8800032463B46C047FCF725FBEB8B0133C3F355
:10A890000B03EB83002384F833304FF6FD732386DC
:10A8A0000646284801F04EFC3046FCF74FFBEA8B89
:10A8B000AB8B12B21BB29A4240D1234BD3E9006555
:10A8C000224B1B682BB393F8FC30002B0CBF0520E8
:10A8D0000720FFF70FFA06B396F8FC30DBB93468AF
:10A8E000002386F8FC30E5B195F8FC30BBB9296847
:10A8F000002385F8FC308C4238BF0C469CB92046BA
:10A90000BDE8F041FFF770BF5B6884E706460F467D
:10A91000B1E70520DDE70024E2E73446E3E7002164
:10A92000E6E72946E7E7631C08D0FCF753FAB4FBD7
:10A93000F0F1BDE8F0410648FFF713BABDE8F08139
:10A9400060A3002068A30020F09F002090A30020B7
:10A9500018A00020F8B50446FCF7BCFAA37A054617
:10A96000002B33D01C4994F909200968012303FA0C
:10A9700002F0CE07C0B20DD518490968090609D5FD
:10A98000174E113231689340DA4321EA03033360F2
:10A99000144B1A60002300260027C4E90033C4E9E1
:10A9A0000467114A94F90910A3722372A361012369
:10A9B0008B4092F860100B4382F8603092F862305E
:10A9C00013B1013B82F86230FFF7F4FE2846BDE880
:10A9D000F840FCF7BBBA00BF40210840000004402B
:10A9E0000C10044008100440F0A300202DE9F043AF
:10A9F0002D4C94F8613085B0002B3ED0002594F8A2
:10AA000061302B41DB0748D594F86160FCF762FAAE
:10AA100094F861301122AA4023EA020384F86130DD
:10AA2000FCF794FA04EB4512F6B2937A680123B36B
:10AA3000102303FA05F592F909101C4B54F8008015
:10AA400057680B449B003540D3F8009008D1137A27
:10AA5000022B05D116692B4606F08052134316D1FE
:10AA600020440391FFF776FF039985B100230093FB
:10AA700000224FF000734046B84794F8613083B12C
:10AA80000B48002105B0BDE8F043FCF7CFBCCDF882
:10AA9000009000224FF00063EDE70135032DAED1A9
:10AAA000EBE705B0BDE8F083F0A30020250C011012
:10AAB000B0A4002010B5FCF70DFA134A1178022952
:10AAC000034602D01278042A06D1104A18461468A8
:10AAD000FCF73CFA204610BDFCF738FA0C4B0D4C45
:10AAE0001B681B6B984710F50030A0FB042341F155
:10AAF000000104FB01330849086900210446891854
:10AB000043EB0404E6E700BF80A3002004300440C8
:10AB10008C01001000093D0058A40020294B70B59D
:10AB200005461868002930D1002830D002B11060E5
:10AB3000C668337B03F00F03022B3FD1026949B390
:10AB4000938DD468466B1C44FFF7B4FF04F57A720A
:10AB5000301AB2EB900F4FEA90032DD2B0F1404F74
:10AB60002AD21B1B012B38BF01232B60FCF732F9C3
:10AB70002B68B3FBF0F02860012070BDC3681B7B1D
:10AB800003F00F03022BD1D000680028F6D100207B
:10AB90002860F2E731880C4B548B93F86230A1F6B1
:10ABA000030189B2012994BF5269126903EB83033F
:10ABB00003EB83031344C5E70023D6E700232B6090
:10ABC000DAE700BF60A30020F0A300202DE9F043E6
:10ABD000644D85B02E68002302930393002E36D077
:10ABE0006B690BB92B69D3B12C69CCB12B691A698C
:10ABF00033699A4240F0B48096F8334014F0100460
:10AC00000ED06B69002B40F0AB802B69DB685B8852
:10AC1000002BFAD02B69DB685B88012BF5D001246F
:10AC200084F0010802AA414603A8FFF777FF002835
:10AC300000F08C80002C40F088800399002900F0FF
:10AC400085804948FFF78DF805B0BDE8F083022103
:10AC50004648FCF7EBFBF7E700287ED0039F002F68
:10AC60007BD1029B28696969CDE90083404BA3F140
:10AC70000802C84701280CD0022815D128692B6981
:10AC8000B3F930100123009300693A46FFF776FCD0
:10AC9000DAE7029B002B18BF1E463A46B6F9301081
:10ACA000009030693B46F1E7002CCDD02046314B77
:10ACB00032691B689A4202D04FF48061C8E748B1FC
:10ACC000039B3BB12B692BB96B691BB90820FFF7BC
:10ACD00071FDB9E70820FFF707FD96F833302148EA
:10ACE000DB0626D501F02EFA6861D6E90623224953
:10ACF000F468D0430860486802434A601F4AD94359
:10AD0000116051680B43536031460820FEF73CFF49
:10AD1000204601F035F92388B3F5C15F04D00CD883
:10AD200040F6020293420DD121460120FEF72CFF8E
:10AD300008E001F007FA2861D7E7A3F56053063B66
:10AD4000012BF1D94FF0804182E720460C4BD3F81C
:10AD50000490B9F1000F7FF47FAF002CA7D173E707
:10AD600000245DE760A300205CA0002074A4002004
:10AD700068A3002090A30020101004400810044095
:10AD8000441900202DE9F04F384B85B04FF4804036
:10AD900000930433019301F0EBF8A8B1344B354C28
:10ADA0001B682068002163F31501334B80681B7812
:10ADB000C3F3800363F3DF7102AAFFF795FA2368F8
:10ADC00001209968FEF7E0FE0027DFF8BC90DFF86D
:10ADD000BCA0E8463D4658F8044B236873B323688B
:10ADE000986901F0C5F84FF0000B0646324620681E
:10ADF0005B46FEF767FF16F00A0F2ED02268D9F8DF
:10AE00000010926922F4804222F0020221EA02023A
:10AE1000C9F800202168DAF80020C96922EA010295
:10AE2000CAF8002021681020FEF7AEFE2168134802
:10AE300001F0B4F945F00205C4F800B05FB11DB1EE
:10AE40000F482946FCF7F2FAFFF75EFCFFF7BEFE5B
:10AE500005B0BDE8F08F0127BDE7002EEED0094A0E
:10AE60002368936145F48045E8E700BF70A30020A4
:10AE70009803002190A300208503002168A30020EF
:10AE800074A4002060A30020141004400C1004409F
:10AE900038B5114D4FF0FF3001F06AF86A680F4B7A
:10AEA0009A4204460DD10E490E480022FCF75AF88A
:10AEB00002232B70FEF750FE18B9FFF725FCFFF7B1
:10AEC00085FE094B1C4206D0BDE8384007484FF0CC
:10AED0000051FCF7ABBA38BD80A3002051B100008F
:10AEE00085AD0000B0A300200200004074A4002043
:10AEF0002DE9F04F002485B0046006462246214625
:10AF000003A8FFF70BFEDFF8B0A0DFF8B0808346A0
:10AF10004FF0FF35204627464FF019099AF80A20CE
:10AF200052B39AF80820022A41D0D8F80010224BD8
:10AF30004A8B096993F86200DAF814400A4419FB55
:10AF400000220192FFF7B6FD019A201A02F57A71EC
:10AF5000B1EB900F4FEA90041ED2B0F1404F1BD2DC
:10AF6000A41A012C38BF0124FBF734FFB4FBF0F422
:10AF7000A54228BF254601200137032F0AF1200AE8
:10AF8000CCD1BBF1000F0BD078B1039B9D4228BF01
:10AF90001D463560012005E00024E5E70025F4E7C3
:10AFA0000028F6D105B0BDE8F08F039DF1E7BBF1B5
:10AFB000000FF3D15D46ECE7F0A3002090A3002042
:10AFC00013B5154B1A78022A04D11920FBF7B5FFE7
:10AFD00002B010BD1A78012AFAD01B78042BF7D0E2
:10AFE000FBF778FF044601A8FFF782FF78B10199CB
:10AFF0000A4829B1FEF7B5FE2046FBF7A7FFE7E7B1
:10B00000FBF7CEFE06480421FCF710FAF4E70348EC
:10B01000FBF7C6FEF0E700BF80A300205CA0002085
:10B0200074A4002037B511F002020C4611D0FFF7CE
:10B03000E9FB384B9B683BB1374844F0020103B051
:10B04000BDE83040FCF7F2B903B0BDE83040FFF78F
:10B05000B7BF61075BD5314B019201210420197004
:10B0600001F000FF2E4B2F4D1B681B6B98472E4B9A
:10B070001860284B1B687BB11C692B685BB19C4234
:10B0800009D0A36A5B0704D5636A019A04212046AC
:10B090009847012363762C602B68244C5B681A78F0
:10B0A000234B02201A6001F0DDFE102001F0F2FEB9
:10B0B000012222701F4A927812B90D2001F0EAFE97
:10B0C0002B685B689A680AB9DB682BB11A4B0022BF
:10B0D0001A601A4A43F81C2C194B07221A60194AA5
:10B0E00000211368184B116018681960136843F049
:10B0F000402343F0020313601A20144B6360FBF7F4
:10B10000FBFE192003B0BDE83040FBF7F5BE03B0ED
:10B1100030BD00BF60A3002074A4002000A5002063
:10B120008C01001090A3002070A4002080A30020B8
:10B13000D02108400C2601001C10044051000706D5
:10B1400000000460141004401810044059A40000CA
:10B150002DE9F04311F4804785B005460C4634D004
:10B16000FBF7B8FE8D4A9569034655B3D5E90A89C0
:10B1700008F00A0609F0E04756EA070221D1D5E9AE
:10B180000A89D5E90A2323EA090722EA0806C5E95C
:10B190000A67FBF7DBFEAB684BB158EA090306D040
:10B1A000AE682869298E42464B4609B2B04724F45E
:10B1B00080441CB17A482146FCF738F905B0BDE857
:10B1C000F0831846FBF7C2FEF1E78A0057D5754AAF
:10B1D000754E136843F08003136033781BB104206D
:10B1E00001F0C6FD3770FBF775FE0646042003F03C
:10B1F00039FE6E4B1A68824238D12A7E002A35D039
:10B200006B4A126892B3654B1B6963B3DA681188A5
:10B2100040F60302914205D0DB681A8840F6040329
:10B220009A4220D105F11400FEF7C0FC3046FBF72E
:10B230008DFEFEF791FC60B14FF000732E6A002284
:10B240006FF480712846B047544B1B68A3B1FFF7D9
:10B25000B7FEEE6900224FF0806300212846B04718
:10B2600024F00054A5E705F11000DDE740F6C41214
:10B27000C5E904221860D9E744F00204E9E711F0B7
:10B28000020208D0FFF7BEFA444B9B68002B91D115
:10B2900024F002048DE711F4806600F09B80019297
:10B2A000FBF718FE0546FEF7B1FD002871D03B4BB9
:10B2B0001F68002F6DD03F4B019A3F493F48404ED9
:10B2C0004FF0040883F80080FBF74CFE2846FBF79C
:10B2D0003DFE3C483C4DFBF763FD3C4B1B681B6B44
:10B2E0009847314B306001214046197001F0BAFD9A
:10B2F00038692860836A5B0703D5436A019A41462F
:10B3000098470120FFF774F8286801234376FEF779
:10B310001DFE2B68996840F60A0C0A4610465268D2
:10B3200032B11588654503D0A5F60305012DF5D882
:10B33000427B4FF0010C6CF303024273FA681288EF
:10B34000A2F6030292B20025624545600BD8356033
:10B350001F4B00221A60012043F81C1CFEF714FC4E
:10B3600024F4806425E71A8F002AF1D0B3F8442032
:10B370005D8722F4706222F00F0242F48072DD6376
:10B38000A3F8442038334360437B65F303034373DE
:10B39000DEE72846FBF7DAFDE2E700BF60A3002006
:10B3A00074A40020CC21084000A5002004A50020A2
:10B3B00070A4002080A300204DA00000B0A30020B6
:10B3C0006CA4002018A0002090A300208C01001085
:10B3D0001C10044011F4006734D07F4D2B781BB152
:10B3E000042001F0C5FC2E70FEF7B6FB40B17B4B8C
:10B3F00018680022056A4FF000736FF48071A84747
:10B40000774D2B685BB1774B1B681B6B98472A689D
:10B41000724B801A1B68000BD86000232B607249A6
:10B4200072480022FBF79EFD714B02211970714B8F
:10B430009B6813B17048FBF7F9FFFFF7C1FD24F4D7
:10B440000064B6E60E0740F1BE80FBF743FD0646FA
:10B45000FEF7DCFC002800F0B280684B1A78150774
:10B4600000F1AD801B78180600F1A98003A8FFF752
:10B470003FFD18B1039B002B00F0A180604D95F8B3
:10B480006130002B40F09B804FF00108AB7A43B154
:10B4900095F9090085F80A8008FA00F0C0B2FFF7B4
:10B4A00089F90137032F05F12005EFD1504D55489B
:10B4B0002F70FBF775FC3046FBF748FD524B4B48AD
:10B4C0001A6800221A6053F8081C43F8082C4F49E8
:10B4D000FBF748FD434B1B681B6B98474C4BAA6816
:10B4E0001B68C01A030B6FEA1030824298BF9B188A
:10B4F0002A7B88BF4FF0FF33AB6022B1454A126808
:10B50000B3EBC22F24D9444B1B68D9071CD5434B3E
:10B510001B681A0618D5424B40F609021A80002211
:10B520005A80597B012060F303015973197B62F340
:10B53000030119733B495A600A603B4A13605A88F9
:10B5400002F44062002AFAD001232B730023AB607F
:10B5500000F02CFD354B002119600220FEF714FB92
:10B56000022001F005FC102001F01CFC304B1B7880
:10B5700023B91A4B18685030FBF7FFFD2D4B9B7811
:10B5800013B90D2001F00EFC6B7B23B100230520C5
:10B590006B7301F0EDFB284B6B6000232B70154B98
:10B5A000D88B9B8B00B21BB2984214BF022007209D
:10B5B000FEF7A0FBFFF704FD24F00804F9E5304690
:10B5C000FBF7C4FCF6E74B007FF5F3ADFFF7F8FCA3
:10B5D00024F08044EDE500BF00A5002090A30020EA
:10B5E0006CA400208C01001085AD0000B0A30020E9
:10B5F00080A3002060A3002074A40020E9A3002001
:10B60000F0A3002018A000201410044091AE000008
:10B6100070A4002094A300204021084000000440B2
:10B6200058A400201C1004400010044000000460D6
:10B63000E8A300200C26010025B00000054B5A6845
:10B64000054B9A4201D1FFF7BBBC04480421FBF72C
:10B65000EDBE00BF80A3002051B1000074A4002003
:10B6600000234FF0FF32C0E90223C0E90533036035
:10B6700003710374838370472DE9F04F2DED028B26
:10B6800087B080460393129BDDF84CB004938A4642
:10B690001646FBF71FFC874F08EE100A3868404536
:10B6A00008BF7868B8B1B830FBF789FB98B197F854
:10B6B0002430C7F8208043F0040387F824306FF06B
:10B6C000020718EE100AFBF741FC384607B0BDEC44
:10B6D000028BBDE8F08F784800254FF0580C81466A
:10B6E0000CFB050404F1330394F833E01EF0800FE3
:10B6F00040F09E8071480593FBF752FB7048039B16
:10B70000B0F81CC0C4F80CA00CF1010CCCF30B0C6D
:10B71000A0F81CC0A360049BB0F81CC0A4F830C003
:10B7200023F0C04C059BC4F810804FF0000E83F846
:10B7300000E0002200232CF4805C0BF0200BC4E915
:10B740000823C4E906CBF36884F832E0236496F852
:10B7500010E03268626384F844E0B2683179E263F1
:10B760007269A264B26984F83810E264327F84F8A6
:10B770005020727F84F851200646BEF1000F5ED043
:10B7800071B99AF80C3003F00F03022B08D158223C
:10B7900002FB0592012382F83830DAF8083053634F
:10B7A00009235246DAF804A0BAF1000F03D0013B96
:10B7B00013F0FF03F5D1138803F47C43B3F5305F36
:10B7C0004FF0580303FB059311BF4CF0020293F8AE
:10B7D000332042F0100283F8332008BF4CF00802F7
:10B7E000C3E9062B3B6A434507D197F82430DA07B3
:10B7F00044BF23F0010387F82430324BD3F800A074
:10B80000BAF1000F21D16FF00200C31CDBB2012B93
:10B8100034D8B38BC7F82080013BC3F30B03B38349
:10B8200097F8243043F0040387F8243007B248E740
:10B830000135082D7FF454AF6FF0010741E7002B6D
:10B840009ED0012384F844309AE71F4B3169726916
:10B8500000932046083BD047C31CD4D0582202FB9B
:10B860000592B38BB2F930201BB29A421FBFB38B43
:10B8700003F1FF33C3F30B03B383C6E7582303FB82
:10B88000059595F83330B5F9307043F0800385F8AD
:10B890003330002388F8FC303368A34206D0EB68CD
:10B8A0001B7B03F00F03022B7FF40BAFFFF788FB2A
:10B8B00007E700BFF09F0020A0A0002018A00020F4
:10B8C00060A300204419002068A300202DE9F3475D
:10B8D0000029054691469A4601914ADBFBF7FCFC9C
:10B8E0000199804680222846FEF794FC044618B150
:10B8F00090F833301B0607D44046FBF7A7FD022023
:10B90000002102B0BDE8F087416A006A49F00A06EA
:10B910004AF0E04706EA000207EA0103134311D0A8
:10B920004046FBF793FDD4E9082306EA020007EA44
:10B93000030122EA000223EA0103C5E92C01C4E95C
:10B940000823DEE7A2680C4B9A421CBFA268C5F828
:10B95000A820404618BFA360C5E92867FBF776FD1D
:10B960004FF0FF3105F15000FBF7E5FBD5E92C0165
:10B97000C7E700200146C4E755A20000F8B53F4ED6
:10B9800033780446002B78D03D4DAA8BEB8B12B256
:10B990001BB29A4213D02946FEF7DDFB38B92B695A
:10B9A000002B65D01B699C4262D1286938B1B0F97F
:10B9B00030100A224FF0E0432046FFF787FFFBF7E5
:10B9C00089FA304B1A68A2424FF000020CBF1A608D
:10B9D0005A603378013BDBB2337005462A4E04F1DE
:10B9E0005007002B32D1294B34601B78022B0DD12C
:10B9F0000820FEF7DFFE2846FBF7A8FA4FF0FF31DC
:10BA00003846FBF798FBFBF765FA05462048FBF73D
:10BA100047FC2048FBF750FA1F48FBF741FC1F4842
:10BA2000FBF74AFA1E48FBF74FF91E48FBF74CF9A3
:10BA30001D4B1B680BB11D4898471D4801F074FB56
:10BA40001C4B9B7813B10D2001F0ACF93368A34275
:10BA500008BF0023284608BF3360FBF777FA384653
:10BA6000FBF767FB04F1B800BDE8F840FBF72CB921
:10BA700011492046FEF76FFB98E7F8BDE8A30020C8
:10BA800060A30020F09F002090A3002080A300204E
:10BA900074A40020B0A30020B0A40020CCA30020F8
:10BAA0005CA0002018A0002008A5002098A300207A
:10BAB000ECA400200C26010068A30020F8B506467F
:10BAC000FBF708FA1A4D1B4F4FF0FF33044606F1FF
:10BAD000B800BB60FBF764F9E98BAA8B09B212B21C
:10BAE00091420FD13B78022B0CD0134B93F82430AA
:10BAF00043B12046FBF72AFA0720FEF7FBF8FBF7D5
:10BB0000E9F90446EA8BAB8B12B21BB29A420AD116
:10BB10000A48FBF745F90820FEF74CFE2046BDE831
:10BB2000F840FBF713BA012386F8FC30F6E700BFB4
:10BB300060A3002080A30020F09F002018A0002018
:10BB400007B5C2F380030093C2F3400302F0010281
:10BB5000FEF714FD03B05DF804FB000030B5044DA2
:10BB600004460FCD0FC495E80F0084E80F0030BDE8
:10BB70008C2B01002DE9F0431D468FB00023CDE949
:10BB80000233CDE90433894B0446D3F800800F46D5
:10BB9000164603F0ABFE1C2810D1338843F607028B
:10BBA00093422CD196F82430022B33D93369804A42
:10BBB00023F0644393422DD00024EDE003F096FE81
:10BBC0001B28EAD0002FF7D0002EF5D03A780123B9
:10BBD000934013EA080FEFD00021304600F044FAFA
:10BBE000744B1B68C4E90176BBB9734FFBF772F95C
:10BBF0003E78012E814622D9FBF7A8F9DCE740F612
:10BC00000202934203D1F37B022B03D9D4E7B3F5AD
:10BC1000C15FF8D0002FD9D1CEE705AB009303AABE
:10BC200004AB02A93046FEF703F9039850234FF600
:10BC3000FF720B2100F0E7F9FF28D6D1BCE7002EF8
:10BC400067D100F0CFFF5D4ADFF8E881136843F069
:10BC5000020313605A4B5B4A1A6006A8FBF79FFA6F
:10BC600098F8013058495948089306AAFBF7A0FAFA
:10BC70005749584806AAFBF79BFA06A8FBF754F960
:10BC800098F80030544A0793192106AB5348FBF744
:10BC9000D1F8534A534806AB1A21FBF7CBF8524967
:10BCA000524833463246FBF757F83346504951481D
:10BCB0003246FBF751F8504B1B6813F4402F05D068
:10BCC0004E4A4F483346042101F040F898F80230BC
:10BCD00013B10D2001F0DEF84A4800F027FA4A4877
:10BCE00000F024FA494A4A4B072082F86000494A8A
:10BCF00000211160484A19701160484A9981052055
:10BD00001060474A996011700420464A5A60FDF756
:10BD10003BFF3B785A1C3A70434A484642F823405E
:10BD2000FBF714F91DB906A8FFF718FF06AD2B683D
:10BD300023604FF4FA73E360AB69A3622B8A6383D9
:10BD4000EB6923636B68012262764BB3C4E9043369
:10BD500000232376EA683549AB68002A08BF0A4603
:10BD600022626A69002B08BF0B46002A08BF0A46F8
:10BD7000E36162620021C82204F1380005F05CF83A
:10BD8000002104F15000FBF797F9002328491A46D7
:10BD900004F1B800FAF7E0FF20460FB0BDE8F083E9
:10BDA00040F6C413C4E904332276D3E7D421084013
:10BDB0000F0000010CA50020E8A30020002009408E
:10BDC000CC210840110000E0E99D000074A400208F
:10BDD000EDA90000B0A4002091AE0000B0A30020A7
:10BDE0007D9D0000CCA300203DB600005CA000209B
:10BDF000E9A7000018A00020B44F005071A0000077
:10BE0000ECA4002068A3002060A30020F0A3002081
:10BE100080A3002070A400206CA4002094A3002024
:10BE2000E9A3002025B00000F09F0020A99B00009E
:10BE30005D9D00000C2601000022FEF7B3BA37B565
:10BE400005466A468068FEF74FFA8328044604D107
:10BE5000002269462846FEF7A5FA204603B030BD09
:10BE600030B587B005AB0093002504AB03AA80680A
:10BE700002A9CDE90255CDE90455FDF7D9FF029B92
:10BE80001B884FF6FF72934204461AD128B90F4B14
:10BE9000002443EAC47007B030BD049B7BB1059D0C
:10BEA0006DB1502340F2FF322B21284600F0ABF851
:10BEB000FF28ECD000B255F820309B0AE9E7039D3B
:10BEC000EFE7C3F315032C46E3E700BFFFFF3F0096
:10BED00070B50E4DCE0FC1F3150190F900407F2CC7
:10BEE0000AD08278437843EA0223C27802F03F0204
:10BEF00043EA0243AB4201D1204670BD0279B6EB62
:10BF0000D21F01D19942F7D00530E6E7FFFF3F008D
:10BF100011F1800FF0B54FF000031DD1D0F80100F2
:10BF2000F0BD013610F902C0BCF17F0F00EB020535
:10BF30000ED0AF786C7844EA0724EF7807F03F071B
:10BF400044EA0744744503D08C4502F10502E8DD5C
:10BF50003EB155F8040CE3E7DFF810E01A461E4640
:10BF6000E0E76FEA93506FEA8050D9E7FFFF3F00A8
:10BF7000024A13681840C34313607047101004400E
:10BF8000074A11680029FCD1064B196010601A6835
:10BF9000002AFCD000221A60034B1868704700BFCB
:10BFA000001004401C10044004100440114A1249BF
:10BFB000136823F4087323F0020343F40873136037
:10BFC0000E4B03221A600E4A41F230030B605020E0
:10BFD0000123136008604FF4CA60136008604FF4D7
:10BFE0008650136008601360A2F5FA52183A136085
:10BFF000704700BF0000046060600440546004406B
:10C0000058600440704770B506460025E8B2834288
:10C0100004D956F82540B4F1FF3F01D1FF2004E0D8
:10C0200014408C4205F10105F0D170BD1E2896BF69
:10C030000C4B002033F81000FF2908D120F4806059
:10C0400040F0C00040F2037343EA0040704711B96A
:10C0500040F03000F6E7CB074CBF40F0100040F056
:10C060002000EFE7AC2B010000207047024A136864
:10C070001840C34313607047081004401B4B002254
:10C080001A7001221A75022283F84B20032283F8CA
:10C090003D203F3304221A700522DA760622DA7335
:10C0A000072283F84C20082283F85620092283F8BF
:10C0B0002B200A2203F8332C0B2203F8212C0C220C
:10C0C00083F858200D2283F857200E2203F8182CED
:10C0D0000F225A72102203F8392C112283F864209F
:10C0E00012225A75024A1A67704700BFD503002111
:10C0F0006942002110B5094C23783BB90849094829
:10C100004FF4016204F070FE01232370064B0022FD
:10C110001A60BDE81040FFF7B1BF00BF10A50020B6
:10C12000EC2B01004C400021E004002110B5044636
:10C13000FAF7D0FE0023C4E90033BDE81040FAF757
:10C1400005BF00BF38B50446FAF7C4FE256825B11F
:10C150002B6823602BB100225A60FAF7F7FE2846BD
:10C1600038BD6360FAF7F2FE284638BD70B5144654
:10C170000D460646FAF7AEFE63686B6063682C6096
:10C180002BB11D606560BDE87040FAF7DFBE356019
:10C190006560BDE87040FAF7D9BE00BF38B5054606
:10C1A0000C46FAF797FE6B686360002222602BB1A1
:10C1B0001C606C60BDE83840FAF7C8BE2C606C604B
:10C1C000BDE83840FAF7C2BE38B505460C46FAF766
:10C1D00081FE2B682360002262602BB15C602C60C2
:10C1E000BDE83840FAF7B2BE6C602C60BDE838405C
:10C1F000FAF7ACBE38B50C460546FAF76BFED4E943
:10C2000000323BB15A6062683AB11360BDE8384011
:10C21000FAF79CBE6A60002AF7D12B60BDE838406F
:10C22000FAF794BE044B10B404460FCB84E80F0019
:10C230005DF8044B704700BFFC330100002303602E
:10C2400043608360C3607047024B03EBC00002F0A1
:10C25000CBBB00BFCC2501000223C0E90112037053
:10C26000002070470423C0E90112037000207047CA
:10C27000FF2800D1704770B50B4E044625B200F080
:10C2800015F83368204653F8251000F01BF8736842
:10C2900053F8252012B1002243F82520B36800226C
:10C2A00043F8252070BD00BFD4250100FF2808D029
:10C2B00000F1805000F501308000837803F0FB032B
:10C2C00083707047FF2835D02DE9F84300F1805383
:10C2D00003F501339C0011F0020823680CBF01270D
:10C2E000002713F0FF0F0646894621F0FF0511D005
:10C2F0002560B8F1000F06D106F1804303F508333D
:10C3000009F0010119700D4B43EA860300201F60FC
:10C31000BDE8F883FAF7DEFDC5F30722C5F307434E
:10C320002D0E6270A370E570FAF710FEB8F1000FE1
:10C33000E9D1E1E74FF0FF30704700BF001A4442F7
:10C34000FF2836D02DE9F84300F1805303F501337F
:10C350009F0011F002083B68DBB20CBF01260026EB
:10C3600093420446894621F0FF0512D02A433A60E1
:10C37000B8F1000F06D104F1804303F5083309F04A
:10C38000010119700C4840EA840400202660BDE8D1
:10C39000F883FAF79FFDC5F30722C5F307432D0E77
:10C3A0007A70BB70FD70FAF7D1FDB8F1000FE9D1DA
:10C3B000E1E74FF0FF307047001A4442FF2805D0F4
:10C3C00000F1804000F50830C9B20170704700BF2D
:10C3D00038B50A4B1D786DB1094C013DEBB204F143
:10C3E0000C020C2515FB032554F80C3B1B699847E0
:10C3F000AC42F9D1034B01221A7038BDF42501007B
:10C40000E825010011A50020436800221A7070473A
:10C410006FF00100704700BF054B82681B68D2E9CE
:10C42000000203F00F039B02C1E90123086070477B
:10C430003024034008B5054B1868FAF77CFE002845
:10C4400014BF6FF00200002008BD00BF1CA5002033
:10C45000014B1868FAF791BE1CA50020104B114A39
:10C460001B6803F00F0310B59B020F4C59420120CB
:10C4700023601160FAF73CFE0446FAF72BFD0B4BE4
:10C480001A6842B1FAF762FD24B12046BDE81040B7
:10C49000FAF746BE10BD1C60BDE81040FAF756BD65
:10C4A0003024034014A5002018A500201CA500205E
:10C4B0002DE9F04187681D467B680C462944994266
:10C4C00015D8DFF830804FF0FF31D8F8000016465D
:10C4D000FAF731FE39682A462144304604F084FCDC
:10C4E000D8F80000FAF749FE0020BDE8F0816FF0AF
:10C4F0000300FAE71CA500202DE9F843394B1B681F
:10C50000164631EA03025FD1426891425FD28C192C
:10C51000A24256D336EA030353D1334C076823684B
:10C5200032489B680F449847314A136810F0FF095E
:10C5300043F03003136028D1002E39D0DFF8B480E7
:10C5400004E0D8F80030F61A1F442ED0FAF7C2FCE7
:10C550000546384603F042FA04462846FAF7F6FC48
:10C56000002CEED04FF0FF34B9F1000F32D01E4B4B
:10C570001E481B6801215B6898471D4A136823F019
:10C58000300313602046BDE8F883236817485B68D2
:10C59000002105469847236828469B68984700284D
:10C5A000F9D1002ECAD10024E1E7B9F1000FFAD188
:10C5B0000F4A1368002423F0300313602046BDE8BF
:10C5C000F8836FF00504DDE76FF00404DAE76FF03D
:10C5D0000304D7E7064A136823F0300313604FF0D3
:10C5E000FF34CFE714A50020D8010010004003401D
:10C5F0000440034018A5002070B50B4E82B00446DD
:10C600000D46306801924FF0FF31FAF794FD019A20
:10C61000A0682946FFF770FF04463068FAF7ADFDC1
:10C62000204602B070BD00BF1CA500202DE9F04FD0
:10C63000044685B0806802909846406801910B4698
:10C640004344834200F2C480634B4FF0FF311868CB
:10C650009146FAF770FD0E9BDA075ED55F4B1968BD
:10C6600038EA010301EA080202D05D4B1B681A4454
:10C67000019BA0681940FFF73FFF0446002844D102
:10C68000029B1E68019B1E44564D57482B689B68B1
:10C690009847564A136843F03003136010F0FF03C5
:10C6A00003935DD02B6850485B680021044698478F
:10C6B0002B6820469B6898470028F9D1B8F1000FF5
:10C6C00076D04F46C24602E0BAEB040A6DD054461B
:10C6D000082C28BF0824FAF7FDFB31468346224682
:10C6E000384603F089F90546584627442644FAF7A8
:10C6F0002DFC002DE8D0039B002B60D13B4A136832
:10C7000023F0300313604FF0FF34334B1868FAF70F
:10C7100034FD204605B0BDE8F08F13F0020F029BF8
:10C72000AFD01868019B18440646B8F1000FABD093
:10C7300009F1FF3303EB080401E09C42A4D013F895
:10C74000012FA3EB0901095C8A43F6D0224B18683C
:10C75000FAF713FD6FF00604204605B0BDE8F08F30
:10C76000B8F1000FADD1214A136823F030031360F4
:10C770000E9B13F00404C8D0029B019A1B681A4454
:10C780009246B8F1000F21D009F1FF32904401E048
:10C7900042451BD00132A2EB0903117813F80A308D
:10C7A0009942F5D04FF0FF34AFE7039B002BDAD06E
:10C7B0000C4B0D481B6801215B689847D3E7094B78
:10C7C00009481B6801215B68984797E700249CE7AC
:10C7D0006FF003049DE700BF1CA5002014A50020F6
:10C7E00018A50020D8010010004003400440034079
:10C7F0002DE9F0412C4E32680446002A34D02B4BF0
:10C800001B78A3422CD92A4D04EB440305EB830388
:10C81000D3E9018710464FF0FF31FAF78CFC98F806
:10C820000030D3B9234B39681B685A1E114214D10A
:10C830007A68934211D8204B1B6832EA03030CD16B
:10C84000012304EB4404306888F8003005EB8404CD
:10C85000FAF793FC2046BDE8F0813068FAF78DFCCA
:10C8600000242046BDE8F081144B12481B68124A90
:10C8700003F00F039B025942036001201160FAF795
:10C8800037FC0546FAF726FB33684BB1FAF75EFB37
:10C8900015B12846FAF744FC3268002AAFD1DFE729
:10C8A0003560FAF753FBF7E71CA50020F4250100DB
:10C8B000E825010018A5002014A50020302403401D
:10C8C000704700BF002070470020704770B502F02D
:10C8D00025FBFAF7FFFA054602F0FAFA0028FBD02A
:10C8E000184CFAF7F7FA94F84631013BDBB284F8BA
:10C8F00046311BB9A36823F00803A360FAF726FBAF
:10C900002846002384F83831FAF720FB0E4B02202A
:10C910009E68B047246805466CB1A368DB064FF0FB
:10C9200000014FF0100003D5D4E90332984710B945
:10C930002468002CF1D125B133460320BDE87040B6
:10C94000184770BD4C190020F82501000128F8B5E2
:10C95000044636D008B10020F8BD02F081FA404B01
:10C960001B6813F4402FC3F3814509D13D4B1C696B
:10C9700034B13D48FAF714FA02F0BEFA2846A0474F
:10C980003A4D95F83831002BE5D0394A39491368CA
:10C99000802023F0800313600860FAF79BFA95F873
:10C9A0004631013BDBB285F846311BB9AB6823F059
:10C9B0000803AB60FAF7CAFA002385F83831002083
:10C9C000F8BD02F04FFA0128C5D0284D95F838314E
:10C9D000002BC0D1224E336813F4402F2CD1214BB1
:10C9E0001F69002F35D002F077FA502002F0F2FFD5
:10C9F0002046B84705F19400FAF774F9336885F8D2
:10CA0000384113F4402F09D0AB689B0606D4194B6C
:10CA1000174A8021196013680B431360FAF75AFA1A
:10CA2000AA6895F8463142F008020133AA6085F8F9
:10CA30004631FAF78BFA8EE702F06EFA336885F822
:10CA4000384113F4402FDFD1064B1B69002BE5D191
:10CA5000DAE702F061FA336885F83841D4E700BFBD
:10CA6000B44F0050F8250100E01900204C190020B7
:10CA70009022084098220840F8B5434A434B146876
:10CA80001A6822EA04011440670619601CD5404B5D
:10CA90001B68C3F38153022B55D0042002F0E2F946
:10CAA000831E012B59D901286AD03A4D2D685DB1FA
:10CAB000AB689E064FF000014FF02000F6D5D5E997
:10CAC000033298470028F1D0220602D4324B1C6072
:10CAD000F8BDFAF7FFF9064602F0FAF90028FBD094
:10CAE0002C4DFAF7F7F995F84631013BDBB285F8A2
:10CAF00046311BB3FAF72AFA3046002385F838315D
:10CB0000FAF724FA254B02209F68B8472D6806469D
:10CB10006DB1AB68DB064FF000014FF0100003D59C
:10CB2000D5E90332984710B92D68002DF1D1002EB8
:10CB3000CCD00320B847184B1C60F8BDAB6823F07D
:10CB40000803AB60D6E7164B186802F001FA042020
:10CB500002F088F9831E012BA5D80E4D02F088F94A
:10CB6000FAF7B8F995F84531013BDBB285F8453164
:10CB70001BB9AB6823F00403AB60FAF7E7F995E75C
:10CB800002F076F991E700BF942208409022084015
:10CB9000B44F00504C19002098220840F82501009D
:10CBA000C01A0020014B9868704700BF4C19002044
:10CBB000022905D0012814BF00204FF47A70704775
:10CBC000012840F2EE2018BF00207047044B93F874
:10CBD00041211AB1D3F86C3103B11847704700BF37
:10CBE0004C190020F0B54A4C94F8423185B013B18D
:10CBF000002005B0F0BD012384F8423102F0A2F913
:10CC0000444B454E1A68357B716884F8700112F404
:10CC1000402FC2F3814784F84151C4F86C1114D1FC
:10CC2000336993B13D4B1D68FAF7D4F8C5F306613B
:10CC3000642505FB01F53B46B5FBF0F2384904F1EC
:10CC40009400FAF789F802F0FBF8002501A8F9F73B
:10CC500035FF34493448029501AB2A468DF804501B
:10CC60000395FAF779F801A8F9F728FF2F4930481A
:10CC7000029501AB08228DF804500395FAF76CF881
:10CC80002C4A2D482B463221FAF7D4F82B4B2C4A4C
:10CC90001D602C482B462C21FAF7CCF81D4B727BDB
:10CCA0001B68C3F381530AB1032B29D09A1E012AB2
:10CCB00000D94BBB214A136843F040031360FAF7D5
:10CCC00009F9A26894F8453142F004020133A260E8
:10CCD00084F84531FAF73AF91B4B1B685B0787D498
:10CCE000FAF7F8F8A26894F8433142F001020133F0
:10CCF000A26084F84331FAF729F9002005B0F0BDAD
:10CD0000012384F83931D5E702F0B2F8E4E700BF37
:10CD10004C190020B44F0050F8250100AC4F0050D2
:10CD2000CDC80000C1C8000058190020ADD60000D1
:10CD30009C19002079CA0000241A00209022084083
:10CD400081D20000401A0020B04F005050B14AB1CB
:10CD500008B5C0E90212036101460448FFF71EFA54
:10CD6000002008BD6FF00200704700BF4C19002082
:10CD700010B50446FAF7AEF8094A111991F8433193
:10CD8000013BDBB281F8433133B99368012101FAE9
:10CD900004F423EA04039360FAF7D8F8002010BDE6
:10CDA0004C190020F8B50446FAF794F828490A19F6
:10CDB000054692F84A31013BDBB282F84A31CBB9E1
:10CDC000244A12F9240002EB84060028768812F81F
:10CDD000244014DB620631D41F4B1B6830469B692C
:10CDE0009847304602F02CFF0228FAD104F03F00A9
:10CDF00014281CD92846FAF7A9F80020F8BD164FC8
:10CE00003B6830461B6A98473B6830469B6A9847A8
:10CE10003B6830461B6B9847104B114A0121196043
:10CE200013689907FCD504F03F001428E2D8FFF7F7
:10CE3000B9FF2846FAF78AF80020F8BD5836184698
:10CE400051F82630984704F03F001428D2D8EEE776
:10CE50004C19002034340100B8010010282008606B
:10CE60002820084070B50446FAF734F8084A161925
:10CE7000916896F84331012505FA04F421432B44C7
:10CE8000916086F84331FAF761F8002070BD00BF69
:10CE90004C1900202DE9F0412C4F0446FAF71AF8FE
:10CEA0003A19054692F84A31591C82F84A11CBB911
:10CEB000274E16F8248008F03F00142832D906EBDC
:10CEC000840418F0800F648812D118F0400F32D11A
:10CED000204B1B6820465B699847204602F0FAFE0B
:10CEE0000128FAD12846FAF731F80020BDE8F08190
:10CEF000184E33682046DB699847336820465B6AE2
:10CF0000984733682046DB6A9847134B134A012140
:10CF1000196013689B07FCD52846FAF717F800201C
:10CF2000BDE8F08106EB8404FFF7B4FF18F0800F32
:10CF30006488CAD0DCE75834012057F82430984779
:10CF40002846FAF703F80020BDE8F0814C190020CC
:10CF500034340100B801001028200860282008405F
:10CF600001282DE9F84340F0CC80674DD5F83461B5
:10CF7000012E40F0C3800223C5F83431FAF762F87D
:10CF80002C687CB1A368DF074FF000014FF001006F
:10CF900005D5D4E903329847002840F094802468EE
:10CFA000002CEFD195F85A7195F85931003F18BF10
:10CFB00001270BB147F0020795F85831002B77D1C4
:10CFC000012001F04FFF012803D095F83831002BE4
:10CFD00071D00020FFF7BAFCAB68D9076FD4DFF837
:10CFE0004481DFF82891D8F8003048469B6898477C
:10CFF00004280446F7D0002001F098FF012C05D149
:10D00000D8F8003041485B682146984701F020FF7E
:10D010003F4B1B6838465B69984795F85431002BA5
:10D0200060D195F85331002B57D13A4B3A4A012140
:10D030001960002103231160C5F83431384602F02D
:10D0400049FE0128FAD1354B2C681B6874B1A368DE
:10D050005A074FF000014FF0040004D5D4E9033221
:10D060009847002843D12468002CF0D100272C4A8F
:10D070002A4B012111608E421B683BD002F0A2FCBA
:10D080002C686CB1A3681B074FF000014FF008003B
:10D0900003D5D4E903329847A8B92468002CF1D10C
:10D0A0000123C5F83431F9F7CFFF3846BDE8F883DE
:10D0B00047F0040784E71E46AB68D9078FD50120E7
:10D0C00001F034FFA4E701234FF0FF37C5F83431F6
:10D0D000F9F7BAFF3846BDE8F8834FF4816001F0F4
:10D0E0002BFFA2E74FF4806001F026FF99E74FF095
:10D0F000FF37BCE73046FFF729FCBFE76FF00407B6
:10D10000D3E76FF00107D0E74C190020004003403F
:10D11000B8010010282008600C2008402C2009408D
:10D120000C400940D801001010B582B00190F9F709
:10D13000D1FE019904460448FFF75CF8204602B08E
:10D14000BDE81040F9F702BF4C190020022807D0B3
:10D15000032804D108B500F009FA002008BDFEE755
:10D1600000F054B838B5F9F7B5FE094B93F83831EB
:10D1700004462BB920460125F9F7E8FE284638BDBC
:10D1800001F094FE05462046F9F7E0FE284638BD3A
:10D190004C19002070B5F9F79DFE1A4C054601F0B8
:10D1A00097FE002384F83831F9F794FE94F846315D
:10D1B000013BDBB284F846311BB9A36823F00803B6
:10D1C000A360F9F7C3FE2846F9F7C0FE0E4B022014
:10D1D0009E68B047246805466CB1A368DB064FF033
:10D1E00000014FF0100003D5D4E90332984710B97D
:10D1F0002468002CF1D125B133460320BDE87040EE
:10D20000184770BD4C190020F825010070B5164D67
:10D2100095F8393113B9154B9C7BDCB1F9F75AFEFF
:10D2200095F83B41C4B9012685F83B61F9F78EFEBC
:10D230000220FFF717FE0D20FFF72CFE0C4B1B689A
:10D240007BB90C480C490D4A85F83A4140230360EC
:10D250000B601660204670BD0024F9F777FE20466B
:10D2600070BD3446204670BD4C190020F8250100E1
:10D2700004800C4038500C403C500C4020800C4046
:10D280002DE9F047AC4CAD4A94F83A3100251560D1
:10D290003BB1012B00F0FC80022B00F0A680032B99
:10D2A00013D0D4F83C31A64DDFF8B4A2DFF8B49225
:10D2B000A44EDFF8B482A44F062B00F23B81DFE8D6
:10D2C00003F06D605553483A1C00A04BD4F8102170
:10D2D0001B68A3F5C063002A83EAE371A1EBE37145
:10D2E000B8BF52429142C4F82C3100F3F4800023BD
:10D2F00084F830310623C4F83C31924B9049002227
:10D300001A600A601A689207FCD48D4B1D6815F0EC
:10D310000205FBD1894A8E4B156001221A600D204F
:10D32000FFF740FD0220FFF723FDC4F83C5184F8CD
:10D330003B51BDE8F0870323002084F83A3101F027
:10D340005FFD7F4B83480122BDE8F0471A60F9F783
:10D35000C9BC05220023C4F83C212B602B68990727
:10D36000FCD4D4F83C31A7E70223E5E703220023ED
:10D37000C4F83C212B602B689807FCD4D4F83C31CE
:10D380009AE70125022084F83A5101F039FD6C4BEF
:10D3900070481D60BDE8F047F9F7A4BC42F62A23A7
:10D3A0000F22CAF80020C9F8003001F00BFD01235C
:10D3B000336033689A07FCD594F839210123C8F803
:10D3C000003072B10022C4F83C313A60624A032155
:10D3D000002311602B602B689B07FCD4D4F83C31F0
:10D3E0006AE70323C4F83C31F0E7584B1D6801F0AD
:10D3F00081FCC4F8140101F085FCC4F8180101F0A7
:10D4000089FCA5F5C062C4F82801C4F81021002ADF
:10D410003FF46DAF94F83031002B7AD0D4F820313E
:10D42000D4F82C21D4F81401002AB8BF6FF0010100
:10D4300002EB4202A8BF0221521848BF033203EB9D
:10D44000A203002BC4E9470331DD1E2B0ADDD4F80B
:10D450002421002A4FD1332BA8BF3323153B0322AD
:10D46000C4E9483201F05EFC012001F083FCD4F8ED
:10D47000200101F06BFCA5F2FF55D4F8240101F066
:10D480008DFC022D7FF636AF0423C4F83C310AE749
:10D4900094F8400101F0ECFB304B84F840519B7B49
:10D4A000002B3FF427AF0223C4F83C31FBE6D4F84D
:10D4B0002421032A34D06FF009020128B8BF0120CB
:10D4C0009342B8BF134601380B330322C4E9470324
:10D4D000C4F82421C6E7D4F8140101F023FCD4F8E1
:10D4E000180101F033FCD4F8280101F057FC0123A6
:10D4F00084F83031FEE6292BA8BF29233E28A8BF97
:10D500003E200B3B01300022C4E94703C4F824212C
:10D51000A8E7D4F81831C4F82401C4F82C2181E715
:10D520006FF013029342B8BF134615330022C4E9CB
:10D53000483297E7FEE700BF4C1900203C500C40F2
:10D5400058600C4054600C4084600C4008400C4013
:10D5500004800C409C19002000400C40F82501007C
:10D560000C400C4010400C401C400C402DE9F04792
:10D57000434C444DDFF828A1DFF82891424EDFF8F4
:10D580002881424FD4F83C31062B77D8DFE803F0EE
:10D5900051443B39302204003B4B3A4900221A6087
:10D5A0000A601A689207FCD4364B1D6815F0020514
:10D5B000FBD1374A374B156001221A600D20FFF767
:10D5C000F1FB0220FFF7D4FBC4F83C5184F83B5137
:10D5D000BDE8F0870323002084F83A3101F010FC05
:10D5E000284B2D480122BDE8F0471A60F9F77ABBB5
:10D5F00005220023C4F83C212B602B689907FCD43A
:10D60000C0E70223E7E703220023C4F83C212B6094
:10D610002B689807FCD4B5E70125022084F83A511D
:10D6200001F0EEFB174B1C481D60BDE8F047F9F711
:10D6300059BB42F62A230F22CAF80020C9F800304D
:10D6400001F0C0FB0123336033689A07FCD594F8DE
:10D6500039210123C8F8003062B10022C4F83C31FE
:10D660003A600E4A0321002311602B602B689B0750
:10D67000FCD487E70323C4F83C31F2E7FEE700BFA0
:10D680004C19002058600C4054600C4084600C40E1
:10D690003C500C4004800C409C19002000400C4081
:10D6A0000C400C4010400C401C400C4030B40C4A64
:10D6B00013689B07FCD50B4B0B4CD3F83C310B4844
:10D6C000012B0B4B0CBF202201221A60094B0025B5
:10D6D000082201211D602260026030BC1960704781
:10D6E00058600C404C19002038500C403C500C4005
:10D6F00018400C4000400C4030B4044D04460FCD9F
:10D700000FC42B68236030BC704700BF8834010011
:10D71000024B03EBC00001F049BE00BF1826010018
:10D7200030B4054D04460FCD0FC40FCD0FC42B6888
:10D73000236030BC704700BF9C340100F8B5076817
:10D740000446F9F7C7FB7E7A054626B12846BDE8B0
:10D75000F840F9F7FBBB01237B72204600F08CFFF9
:10D76000606800F09FFF204600F060FD20463146D3
:10D7700000F0A4FF2846BDE8F840F9F7E7BB00BF7A
:10D780002DE9F04F046885B08146884615469A46D3
:10D7900013B10023CAF80030F9F79CFBE379834604
:10D7A000002B00F0CA8094F86460002E40F0C08026
:10D7B000002D00F0B880484600F0FEFC012384F8FC
:10D7C00064304846C4E91A852567A667A663A67231
:10D7D0002673FFF7B3FF484600F028FD04F14C071D
:10D7E00001E0002B5FD003A9384601F065FE236FEE
:10D7F000039983420646054638BF1D46A06F38BFD1
:10D800002E463246404403F0EFFA3146384601F0E6
:10D8100039FE236FA26F9B1B3244002D2367A26742
:10D82000DFDC2579022D41D0002B52D05846F9F784
:10D830008DFB2379002B44D1216F002943D00E9911
:10D8400004F17C00F9F777FC002869D1F9F742FB75
:10D850000546484600F0B0FC002348462367A3660F
:10D8600084F8643000F0E2FC227BA37A002A284688
:10D8700014BF6FF00C050025002B18BF6FF00D05CD
:10D88000F9F764FBF9F726FB2379012B05D0BAF1F0
:10D89000000F02D0A36FCAF80030F9F757FB2846F3
:10D8A00005B0BDE8F08F2579022D12D10023236742
:10D8B00084F86430A3665846F9F748FB2379002BB7
:10D8C000BAD00025DEE704F17C000D46F9F733FC01
:10D8D000D8E70023012DA76E84F86430A366A5D194
:10D8E00025745846F9F732FBE67BAEB9227C9AB133
:10D8F000A846F9F7EFFA267484F80F80F9F726FBAB
:10D90000A36CA26F0096D4F8CC5039464846A8477D
:10D91000237CE673002BECD1F9F7DCFA834685E72C
:10D920000123237392E7F9F711FB6FF00905B6E7BE
:10D93000F9F70CFB6FF00805B1E7F9F707FB6FF09B
:10D940000E05ACE72DE9F047914684B007460E4638
:10D950009A46154600244FF0FF3807E0CDF80080C6
:10D96000FFF70EFF039B1C44ED1A30B92A1B311937
:10D9700003AB3846002DF1D12846BAF1000F01D093
:10D98000CAF80040B9F1000F08BF6FF0090004B0F9
:10D99000BDE8F08710B50468646814F0FF1F82B01A
:10D9A00003D1FFF7CFFF02B010BD4FF0FF3400945A
:10D9B000FFF7E6FE02B010BD2DE9F04F83B0D0E9CD
:10D9C000004A064688461546019313B11A460023BD
:10D9D0001360002D00F09480F9F77CFAE379834618
:10D9E000002B00F09D8094F8E83003F0FF01002B3D
:10D9F00040F08980012304F58079C4F8FC10E163CC
:10DA00006173E17284F8E830C4E93B85C4F8F450EE
:10DA10004846F9F790FB504600F04AFE5846F9F7A1
:10DA200095FAF9F76FFA10B96279002A33D0636C6E
:10DA3000DB0619D4F9F74EFA0546304600F04AFBEA
:10DA40002846F9F783FA6379BBB1019A12B1D4F889
:10DA5000FC301360E37A002B5AD1637B002B5CD13E
:10DA6000002003B0BDE8F08F256C002DE2D0A36C40
:10DA7000002210213046A847DCE70C994846F9F708
:10DA80005AFB08B101236373304600F051FC0023B8
:10DA900084F8E830D9E7D6E9004A636CD90629D47E
:10DAA000D4F8FC2042442946504600F01BFED4F82E
:10DAB000FC202D1A0244C4F8FC20F3D1504600F09B
:10DAC0002FFE0028FAD0504600F0FEFA636C9A064A
:10DAD00009D4019A002084F8E800002AC0D0D4F8C4
:10DAE000FC301360BDE7256CA36C3046002220217A
:10DAF000A847EEE7A36C276C10213046B847CFE764
:10DB00006FF00900ADE7F9F721FA6FF00800A8E718
:10DB10000023E3726FF00D00A3E76FF00C00A0E7A5
:10DB2000F9F714FA6FF00E009BE700BF2DE9F04FF4
:10DB300015462DED028BD0E9004283B008EE102A85
:10DB400082468846994613B10023C9F80030002D5B
:10DB500078D0F9F7BFF9E3790646002B7AD094F82C
:10DB6000E82002F0FF03002A6FD1012218EE100A0C
:10DB7000C4F8FC30E3636373E37284F8E820C4E91B
:10DB80003B85C4F8F45000F093FD3046F9F7DEF918
:10DB900004F1D00702E0D4F8F4305BB3F9F79AF956
:10DBA00001A90646384601F0DDFCD4F8F430D4F87B
:10DBB000FC108342054638BF1D46834638BFAB463E
:10DBC0005A464144019803F00FF95946384601F08E
:10DBD000ABFCD4F8F410D4F8FC30A1EB0B0103EB50
:10DBE0000B023046C4F8F410C4F8FC20F9F7AEF983
:10DBF000002DD0DCF9F76EF9D4F8FC30054693B966
:10DC00006FF00F06B9F1000F01D0C9F80030002302
:10DC1000284684F8E830F9F799F9304603B0BDECAE
:10DC2000028BBDE8F08F18EE100A00F041FD50465F
:10DC300000F050FAD4F8FC30002B14BF00266FF02F
:10DC40000F06DFE76FF00906E7E7F9F77FF96FF0F6
:10DC50000806E2E7F9F77AF96FF00E06DDE700BF94
:10DC600010B404686479022C03D05DF8044BFFF70C
:10DC7000A3BE5DF8044BFFF759BF00BF10B582B0DB
:10DC80004FF0FF340094FFF7EBFF02B010BD00BF70
:10DC9000704700BF042801D000207047F0B5D2E9DA
:10DCA000005483B06846F9F78DF895F83420404960
:10DCB00095F835303F4F895C95F836003E4E3F4A27
:10DCC000FB5C375C10682A6B466820680B433B435B
:10DCD0000199B04723683A483A4940F2F2725A64CF
:10DCE00094F8552094F85430895CC35C22680B4347
:10DCF0005363E369012B1DD02268136B23F40043A7
:10DD00001363E369012B1ED02268136B23F4804355
:10DD100013632268D36A43F01003D3622268136B43
:10DD200043F001031363E36B0BB1A36BA3B90020B2
:10DD300003B0F0BDA36AFF2BDED02268136B43F45F
:10DD400000431363DDE7E36AFF2BDDD02268136B2A
:10DD500043F480431363DCE727681B4EF9F7BAF8F6
:10DD6000BB6C23F00103BB64F9F7F0F8D5F8583128
:10DD7000E26B5B681968CA621968C1F80425E16B37
:10DD800032681868536891FAA1F1B1FA81F1022260
:10DD90009847D5F85821A16B336852685B681068C2
:10DDA00091FAA1F1B1FA81F102229847BFE700BFD1
:10DDB000C0340100D4340100C4340100D00100108B
:10DDC000D8340100CC340100D40100102DE9F04317
:10DDD000B04B1B78834285B040F20D81AE4F0B787B
:10DDE00057F8304007EBC002012BD2F804800D46F3
:10DDF000174600F0FC806B78012B03D1AB68002B39
:10DE000000F04581F9F766F8E679002E40F0FC80D5
:10DE10000123E371F9F79AF8A660E681667426603B
:10DE20002B7823716B7863712B7DA371D5E9011277
:10DE3000EB68C4F8CC102969C4F85021AA692263A0
:10DE4000C4E910316A7F84F835202A7F84F83420B1
:10DE5000AA7F84F836202A6AA2644FF0FF32A666B1
:10DE6000C4F8F4602667C4E93B26C4E90E66E6669A
:10DE70006667C4F8F86084F8646084F8E860C4F801
:10DE80005861002B00F0BC8098F84000FFF702F8C2
:10DE9000D8E9031204F14C0001F0EAFAD8E90512BE
:10DEA00004F1D00001F0E4FA7C4BD8F800001B68C4
:10DEB000DB6898477D6846F202016A6C95F8240099
:10DEC000FEF73EFAAA6C95F820007549FEF738FA7D
:10DED000EB69012B00F09F8001F0FEFBC4F85801B4
:10DEE00001A87D686F4EF8F76DFF6F4894F8341005
:10DEF0006E4A94F83530415CD35C94F83600674A3A
:10DF000016F800C0126828685668226B0B4343EA73
:10DF10000C030299B0472B686548664940F2F272DB
:10DF20005A6495F8552095F85430895CC35C2A688A
:10DF30000B435363EB69012B45D02A68136B23F421
:10DF400000431363EB69012B48D02A68136B23F459
:10DF5000804313632A68D36A43F01003D3622A68AC
:10DF6000136B43F001031363EB6B13B1AB6B002B2B
:10DF70005FD1514A3B46042104F5AE70FEF7E6FE40
:10DF800001A8F8F7D1FF019798F808004B4AD8F894
:10DF90000410029001AB04F11400F8F74BFF0021CC
:10DFA00004F17C00F9F788F8002104F58070F9F796
:10DFB00083F8D8E90C21D8F800300B60536038465C
:10DFC00005B0BDE8F083AB6AFF2BB6D02A68136BAF
:10DFD00043F400431363EB69012BB6D1EB6AFF2BCB
:10DFE000B3D02A68136B43F480431363B2E74B68E2
:10DFF000002B7FF400AF0027384605B0BDE8F08362
:10E000002F4AC4E910233FE7F8F7A0FF002738465E
:10E0100005B0BDE8F083EA6C214995F82800FEF7C9
:10E020008FF92A6D95F82C0046F20201FEF788F967
:10E0300052E7D5F80090234EF8F74CFFD9F8483056
:10E0400023F00103C9F84830F8F780FFD4F85831BD
:10E05000EA6B5B681968CA621968C1F80425E96B44
:10E0600032681868536891FAA1F1B1FA81F102227D
:10E070009847D4F85821A96B336852685B681068D8
:10E0800091FAA1F1B1FA81F10222984771E71F4696
:10E0900095E700BF2826010020260100D0010010CE
:10E0A00002600020C4340100C0340100D4340100F7
:10E0B000D8340100CC34010095DC0000BDE3000041
:10E0C00091DC0000D40100100268136B23F480730C
:10E0D00013637047F0B50468D4F8F83083B0002BB0
:10E0E0004ED163794668022B054654D0D4F8EC3003
:10E0F000D4F8FC20D4F8F400C4F8F80013440193D9
:10E1000000283DD03268936B23F400639363636C03
:10E11000DB0608D5276C37B12846A36C00221021F6
:10E12000B847D4F8F800B0F5806F2BD8013843F623
:10E13000F07202EA00170199336BD4F858210844B1
:10E1400018601C49996051689A680968B06B3A4335
:10E150009A6088623668F8F7BDFEB36C43F002033C
:10E16000B364F8F7F3FE237A53B92D680220FEF763
:10E1700079FED5F8EC3013F0704F16D001232372DE
:10E1800003B0F0BD4FF48063C4F8F83043F6F07785
:10E1900040F2FF30CFE701A904F1D00001F08CF983
:10E1A000C4F8F8000028EBD0ACE70420FEF75AFED4
:10E1B000E4E700BF018000C0F8B50468636F03B9ED
:10E1C000F8BDD4F8583145685E68EA6B3368DA62A6
:10E1D0002F68F8F77FFEBB6C23F00103BB64F8F7F0
:10E1E000B5FED4F85821EB6B51680F4A0868C0F8A7
:10E1F000043593FAA3F1136830689B69B1FA81F191
:10E200009847656FE37C291A4BB9236FA26F5B1B9C
:10E2100018440A442067A26700236367F8BD04F12D
:10E220004C0001F081F9F7E7D40100102DE9F0432B
:10E230000468637A83B013B903B0BDE8F083D4F8FF
:10E2400058314668D3F80480776B0546FFF7B4FF72
:10E25000636F002B3DD1A36E13B1236F002B38D118
:10E2600004F14C09484601A901F07CF901236067DB
:10E27000E3740028E0D00023B0F5806FA3734CD87E
:10E28000013843F6F07202EA0015019BD4F85811E8
:10E29000264AD8F800401844F36B7860BA60BA6830
:10E2A000486893FAA3F1B1FA81F101238B402A4324
:10E2B000BA60A3610368F26B9A623468F8F70AFEE9
:10E2C000A36C43F00103A364F8F740FE03B0BDE87C
:10E2D000F08304F14C09484601F0ECF8236F9842B2
:10E2E000C0D22379022BBDD0A36E002BA4D0284628
:10E2F000FFF762FF4846256F01F0DCF8281A6067D7
:10E300004846A56ED4F8789001F0D4F84844054406
:10E310000023606F0195E374ABE74FF4806363679C
:10E3200043F6F07540F2FF30AFE700BF0180000C0C
:10E33000F8B50468D4F8F8500DB92846F8BDD4F8FB
:10E34000583145685E68AA6B3368DA622F68F8F75F
:10E35000C1FDBB6C23F00203BB64F8F7F7FDD4F8F2
:10E360005821AB6B5168144A0868C0F8043593FA19
:10E37000A3F1136830689B69B1FA81F1984763791A
:10E38000D4F8F860022B0546A6EB00010FD0D4F8B4
:10E39000F430D4F8FC209B1B03440A44C4F8F43046
:10E3A000C4F8FC200023C4F8F8302846F8BD04F176
:10E3B000D00001F067F8F5E7D40100102DE9F04F27
:10E3C000D0E900673B68D3F84080C3F8448018F474
:10E3D000F06F87B005461AD018F4806F3B6840F0A4
:10E3E000F4805C68716C04F00F0404EA0103B3FA72
:10E3F00083F24FF00041D140194040F0A380B4FABD
:10E4000084F24FF00043D34023405B42B363D6F81D
:10E410005831FA6B5B681B68D3F80415114203F29C
:10E4200004532CD118F04002039256D02846D5E967
:10E43000004AFFF7C1FEE37C002B00F08E80D5F888
:10E4400004A0DAF800209369D90621D4D4E9141382
:10E45000B1EB03091CD0296801F14C0B02E0B9F1C2
:10E46000000F15D011685846C9B201F039F8DAF832
:10E4700000209169C90609F1FF3909D4EFE7284660
:10E48000D5E9004AFFF798FE18F040030393D2D174
:10E4900094F86430C3B12379022B15D0A279012AF4
:10E4A00000F0CA80226F7AB90020012BA16E84F897
:10E4B00064002067A06640F0C480A36CA26F009047
:10E4C000D4F8CC402846A0472846FFF7AFFED6F840
:10E4D00058315B681B6803F204531A68BB6B1A421D
:10E4E00003D0D6F8F830002B58D118F4006F26D09E
:10E4F000396801F118031A6812F00802FBD10B6B9E
:10E50000307A23F480730B6390B1736C32729B0684
:10E5100005D5346C1CB1B36C20212846A0472C686B
:10E520000220FEF725FCD4F8EC3013F0704F7BD0BE
:10E530003A68936B23F40063936373793BB307B03A
:10E54000BDE8F08FD6F84090B9F1000F3FF457AF17
:10E55000B36C32682846C84751E7DAF800108B6977
:10E56000DB0695D4236F73B1A36FA26E0968D154F3
:10E57000DAF80010A26F8869236F0132013BC006F0
:10E58000A2672367EFD5E37C002B81D057E706F520
:10E59000807007B0BDE8F04FF8F7EFBDD5E9009AFD
:10E5A0002846FFF7C5FE2846FFF794FD99F8053089
:10E5B000012B4BD0D9F8F830002B96D1DAF8002097
:10E5C000936B43F4006393638FE79869326D746DC6
:10E5D000C00603F11801A2EB040418D4BCB106F183
:10E5E0004C0900E09CB119684846C9B200F078FFB8
:10E5F0003B689A69D20604F1FF3403F11801F1D5A2
:10E6000005E01A68D2B28DF817209DF817200A6825
:10E61000D006F6D53268B17B0132326000297FF432
:10E62000E0AE0122B273DCE60420FEF7A1FB4FF05E
:10E63000FF33C4F8EC307BE7039A002A7FF434AF51
:10E6400030E704F17C00F8F798FD3DE7D9F8F400D5
:10E650000028AFD199F8E830002BABD089F8E8005A
:10E66000D9F84830D9F8FC20D9F8EC100090D9F846
:10E6700050412846A0479DE7D0E90023116C59B1CD
:10E68000526C120708D51A684FF4806151641968FA
:10E690008A6B42F480628A631A68936B43F040038A
:10E6A000936370470268136B43F4007313637047FE
:10E6B0000268136B43F480731363704738B50346E5
:10E6C0000C4602201D68FEF7CDFB24B1D5F8EC30D6
:10E6D00013F0704F00D038BDBDE838400420FEF77D
:10E6E000C1BB00BF2DE9F0410F46A1B1DFF82C807E
:10E6F0000646551E002402E00134A74208D0D8F88F
:10E70000003015F8011F9B69306898470028F3D145
:10E710002046BDE8F0810C46FAE700BFD0010010AA
:10E720000368986980F00800C0F3C000704700BF1C
:10E730002DE9F84FD0E90048237B022B40F0CF8031
:10E7400094F82330D4E9049A05460E4617464BB197
:10E75000A1686748F8F7EFFC002840F0C380012368
:10E7600084F826304FF0000B2A466249624884F84C
:10E7700021702660C4F81CB0F8F7F4FB98F800107C
:10E780002720F8F7FBFB51464846062201F010F817
:10E7900000285CD1594A136823F00203136094F8EF
:10E7A0002030042B4DD0564B564A1B684FF00209BF
:10E7B000C2F800905B6806209847804690B1524BA3
:10E7C0004021802219601A6094F82630002B50D125
:10E7D0004C4A00214FF0FF331160E361E76938468E
:10E7E000BDE8F88F4846FEF73DFB07F0FB03022B20
:10E7F00003D0042F18BF4FF00408444FDFF80091F6
:10E8000043494448F368D9F80020C7F8008000273E
:10E810000B6007600121D2F8108084F82410D6E93B
:10E8200001021946C0472E6896F82030042B29D0E3
:10E83000022BD4D138484FF0FF31F8F77CFCF76950
:10E84000CDE7364B1B6827205B699847ABE794F808
:10E85000263033B94FF0FF33E361E7693846BDE84E
:10E86000F88F2348F8F789FC84F826B084F825B09F
:10E87000F0E71F48F8F781FC002384F8263084F87D
:10E880002530A5E7D9F8003025489B699847B8425C
:10E89000BCBF4FF0FF33F36196F82130F7692D6864
:10E8A000033B0022012B86F82420174B88BF86F8F3
:10E8B0002520144A40208021002618601960166027
:10E8C00095F826302BB90220FEF752FA3846BDE8FB
:10E8D000F88F0748F8F751FC85F82660F3E76FF0EA
:10E8E00006077CE7002384F825306FF0010776E700
:10E8F0006CD1002025E9000050D10020844702405F
:10E90000FC01001000470240044402405045024010
:10E91000544502405845024000D10020B00100108B
:10E92000010000802DE9F04104680546F8F7D2FAAD
:10E9300094F82130033B0022012B84F8242088BF67
:10E9400084F82520F8F702FB1B4B1C491B681C4868
:10E950001C4A2E68002BBCBF4FF0FF33E3611A4BFB
:10E96000086040211960002780211960176096F81F
:10E97000263083B90220FEF7FBF994F82030022BF1
:10E9800015D06668E16994F8213022682846B446BB
:10E99000BDE8F04160470D48F8F7EFFB86F82670B8
:10E9A0000220FEF7E5F994F82030022BE9D1BDE80A
:10E9B000F0410748F8F7E1BB904702408847024022
:10E9C0000100008000470240044402406CD1002056
:10E9D00000D1002008B500F045FE024B01221A705C
:10E9E00008BD00BF20A50020F8B5046805460E4606
:10E9F000F8F770FA164B1A7803461AB394F8227097
:10EA000007BB012384F82230F8F7A0FA114B002E3F
:10EA100008BF1E460A20337884F82030726862608E
:10EA2000022B08BFB768A7600023012284F82430B6
:10EA300084F8232084F8253084F82630FEF72AFA5B
:10EA40002846F8BD1846F8F781FA0020F8BD00BF47
:10EA500020A50020FC330100036800220A2083F86F
:10EA60002220FEF79FB900BFF8B5CB680468DBB180
:10EA70001B0719D10D460646F8F72CFA94F82530F5
:10EA800083B9012784F82570F8F760FA2B680FCB5B
:10EA90000C3484E80F003A4629463046BDE8F84079
:10EAA000FFF746BEF8F752FA4FF0FF30F8BD00BF4F
:10EAB00008B500F049FE024B01221A7008BD00BFE4
:10EAC00021A5002008B500F03FFE024B01221A707C
:10EAD00008BD00BF22A5002008B500F035FE024B9E
:10EAE00001221A7008BD00BF23A50020104B70B58D
:10EAF0001C681C60D4B10F4E0125B4FA84F0C0F13B
:10EB00001F00736853F8202005FA00F324EA030479
:10EB1000830003F1804303F501232AB11B6813F43A
:10EB2000802FC0B200D09047002CE6D170BD00BF4E
:10EB3000E0200240D42501002DE9F04FA7B0F8F7FE
:10EB4000C9F9414B1D78002D72D14FF0010883F8AF
:10EB500000803E4FF8F7FAF9FEF744F80820FEF778
:10EB600099F903A8F8F7E0F9F968394A049103AB79
:10EB700038481021F8F75EF9374A384B92F800A070
:10EB80001E78B245544658D80DF118090FFA8AF389
:10EB9000AB46019309EB8A0504E0A64204F10103A8
:10EBA00016D01C463B6853F8241021F0FF0345F8AB
:10EBB000043B8B07F1D408FA04F301F00101E0B241
:10EBC0004BEA030BFDF7FAFBA64204F10103E8D17F
:10EBD0002349244BC1F800B01B68C3F38153012BB8
:10EBE00017D0019B01360AF18050A6EB0A0200F50E
:10EBF000013009EB83019200800002F0F5F81A4A17
:10EC0000136823F47C5343F40053136027B0BDE82A
:10EC1000F08F164B1B681B0E14BF0423002326AA7B
:10EC2000134453F8801C41F0070143F8801CD8E7D7
:10EC3000F8F78CF927B0BDE8F08F0FFA8AF3AB46EE
:10EC40000DF118090193C3E740A50020D425010068
:10EC5000EDEA000024A50020E4250100E5250100DF
:10EC6000D0200240B44F005000300940A84F00505F
:10EC7000194A1A4B12681B6870B503F440234BF213
:10EC8000F52404FB02F4B3F5802F05464FEA142463
:10EC90000DD02DB9124B1B6823F07F431C44640830
:10ECA000104B1B6820465B6CBDE8704018470E4B4C
:10ECB0001B689B03EDD40D4B1B681B68984700F045
:10ECC0009FFF0B4B1B68DB6898472311C01000FBAC
:10ECD00003F004EBE034DCE708400C40B44F005094
:10ECE00010200940F00100108C130050EC010010BE
:10ECF000E0010010024B1868C0F30720704700BF06
:10ED000030A00C40024B1868C0F38440704700BF2D
:10ED100004A00C40024B1868C0F38120704700BF6C
:10ED200020A00C4010B5074B82B01B6880B2009049
:10ED30005C68054808234FF47F423021A04702B0A9
:10ED400010BD00BFA401001000A00C4010B5074B7F
:10ED500082B01B6880B200905C68054812234FF4B3
:10ED6000F8020421A04702B010BD00BFA4010010AA
:10ED700000A00C4010B5074B82B01B6880B2009019
:10ED80005C68054811234FF400320421A04702B00B
:10ED900010BD00BFA401001000A00C4010B5074B2F
:10EDA00082B01B6880B200905C6805480A234FF46B
:10EDB00040622021A04702B010BD00BFA401001096
:10EDC00000A00C4030B50C4C0C48236883B00222E4
:10EDD00000925D684FF4C07207230021A8472368A2
:10EDE0000648DC684FF4C07207230021A44603B034
:10EDF000BDE83040604700BFA401001000A00C40F7
:10EE000030F0020100D0704730B50B4C85B003469E
:10EE100022680A4803919BB200935568042370222C
:10EE2000A84723680548DC68039970231A46A4465E
:10EE300005B0BDE830406047A401001000A00C40C0
:10EE4000024B4FF000421A60704700BF00A10C4017
:10EE5000024A136843F003031360704724220840FA
:10EE600000F05EBE014B1B681B681847E0010010F4
:10EE700030B50C4C0C48236883B0032200925D68C7
:10EE80004FF040521C230021A84723680648012266
:10EE900000925C684FF4007209230021A04703B080
:10EEA00030BD00BFA401001000A00C40064B074875
:10EEB0001A6810B50023D4683C210122A04700380D
:10EEC00018BF012010BD00BFA401001000A00C401D
:10EED00008B500F0D9FD08BD054B1B68002B054B9C
:10EEE000B4BF4FF440524FF480521A60704700BFD5
:10EEF000AC4F0050A8A00C40054B1B68002B054BE5
:10EF0000B4BF4FF441524FF482521A60704700BFB1
:10EF1000AC4F005028A10C4000F0A4BD024B402291
:10EF20001A6000F09FBD00BFA8A00C404FF0FF3258
:10EF3000002100F0D5BF00BF014B1B68DB6A1847FA
:10EF4000B8010010014B1B681B681847E80100104E
:10EF5000074B1B68C3F38153022B00D07047054B4E
:10EF6000054903448B42F9D8044B1B685B6C184776
:10EF7000B44F00505C8F82FFB71E0500F0010010F7
:10EF8000014B1B685B681847E801001008B500F0EA
:10EF900069FB024B01221A7008BD00BF41A5002089
:10EFA0002DE9F0437B4F85B0F7F794FF3B78064699
:10EFB00033B1794B794C1B680325DB0725607FD47F
:10EFC000DFF8EC81D8F80040002C6ED0D4E909239A
:10EFD0009A4280F09D80DFF8D49111E0D4E90905D0
:10EFE0002D1A082DE36928BF08252A46184401F088
:10EFF000FBFED4E9092315449D42656280F08880B8
:10F0000002A9484600F0D4FA013002A9E6D1D4E9B9
:10F0100009239A427CD23B7803F0FF05002B49D1AB
:10F02000D8F80030002B7ED09A68D2E90032072051
:10F03000117893F83090D3F81480019101233B703C
:10F04000FDF728FF0220FDF70DFF01993120F7F7AA
:10F0500095FF524B03221A60514A1368B9F1040F0D
:10F0600014BF43F0030323F0030313604D4B1B68ED
:10F0700000221B681046414698474B4B01221A60FC
:10F080003046F7F763FF6DB1A0680468A2690023FA
:10F09000E3620AB10223137094F83030022B6ED071
:10F0A000012B2FD005B0BDE8F0833B7803F0FF05BE
:10F0B000002B38D03046F7F749FF05B0BDE8F083A4
:10F0C000DFF8E080D8F8003002205B6898470290B3
:10F0D000D8F8003001205B68984702A903463348FE
:10F0E000039300F093FA304B4FF00008C3F8008010
:10F0F00002202560FDF73CFE0720FDF753FE87F850
:10F1000000805DE7002A3FD0E36800219847C9E707
:10F1100027482146FDF76EF83B78002284F832201C
:10F120004BBB01257CE7214800F068FA80460028A7
:10F13000A6D14FF00109072087F80090FDF7AAFE3D
:10F140000220FDF78FFE4FF0FF313120F7F716FF59
:10F15000124B134A134903201860136808681549B5
:10F1600043F00303136003684246404698470E4B42
:10F17000C3F8009084E73046F7F7E8FE84E704F12F
:10F180003400F7F7FAFF8DE711462569A36AE269B3
:10F19000A84787E7ACA50020088002401080024005
:10F1A0000C800240CC010010A802504260A5002053
:10F1B000A4A5002080A903002DE9F04104684FF0C8
:10F1C000FF33E3620546F7F785FE94F83030042BF1
:10F1D000064629D0444B62699A4203D0434B1B68D0
:10F1E000002B69D094F83230002B76D194F830306F
:10F1F0003E48042B214645D0FCF7D0FF012384F87C
:10F2000032303046F7F7A2FE0020FFF7C9FE2C6827
:10F2100094F83000042820D0022850D0013818BFBC
:10F220004FF0FF30BDE8F081DFF8D48098F800306F
:10F230005BB32F4B2F4A2C4903201860136823F02F
:10F2400003031360636994F830208B423ED0274B50
:10F250001B68F3B1042AC5D11BE0D4E909329A42F4
:10F260000DD9254D012000F0B5FB2B689B07F9D087
:10F270000020FFF795FED4E909239A42F2D3E06A11
:10F28000BDE8F081FCF7A0FFB8E7174B62699A422E
:10F290001ED098F80030002BA4D01849144B03223C
:10F2A00000270F6002201A60FDF762FD0720FDF7BE
:10F2B00079FD88F8007095E7DFF84480E9E7216A76
:10F2C00004F13400F7F737FFE06AD9E7042A89D15F
:10F2D000064B1B68002BDCD184E73046F7F736FE7F
:10F2E0004FF0FF309EE700BF80A90300A4A50020D7
:10F2F000108002400C80024008800240A802504268
:10F30000ACA50020F8B51E4EF7F7E4FD35780446AD
:10F3100025B12046BDE8F840F7F718BE2B46194A3C
:10F3200019483121F7F786FD0422184918480823A7
:10F3300000F032F9174B012707201F70FDF7AAFDD7
:10F340000220FDF78FFD4FF0FF313120F7F716FE59
:10F35000114B124A124903201860136808681149BA
:10F3600043F00303136003682A46284698470E4B70
:10F3700020461F603770BDE8F840F7F7E7BD00BFD3
:10F38000A0A50020A1EF000044A5002080A500203A
:10F3900060A50020ACA50020108002400C80024037
:10F3A000CC01001080A90300A8025042F8B5D0E9B2
:10F3B000005704460E46F7F78DFD95F831200346B9
:10F3C000002A2ED11949097859B3012385F8322032
:10F3D00085F83130F7F7BAFD154B002E08BF1E46F1
:10F3E000D6E901203378012B16D085F83030BB6880
:10F3F000F6681049104F2E62A3F58076BE4288BF92
:10F400000B46C5E90320AC606B6105F134000021B7
:10F41000F7F752FE2046F8BD002AE6D10028E4D1D5
:10F42000F9E71846F7F792FD0020F8BDA0A50020E7
:10F430008834010080A9030000FFFF00036899B130
:10F440004A688AB130B40C78042C09D18C683CB17C
:10F450000025C3E90954C3E9061230BCFFF7ACBE6E
:10F460006FF0020030BC70476FF00200704700BFC1
:10F4700010B40023541E80E81E00C0E904335DF878
:10F48000044B704770B505460C46F7F723FDAB6893
:10F490002A696E689C4228BF1C4622441B1BB2FB93
:10F4A000F6F106FB1122AB602A61F7F74FFD20460B
:10F4B00070BD00BF8068704770B504460D46F7F711
:10F4C00009FDD4E900232169A6685C1A0A44B44204
:10F4D00028BF34462A60F7F739FD204670BD00BFCB
:10F4E00070B504460D46F7F7F5FCD4E90163B34265
:10F4F00014D0E36821680133B3FBF6F206FB123245
:10F500008D54A3686169E2600133994238BF19469E
:10F51000A3606161F7F71AFDA06870BDF7F716FDEB
:10F520004FF0FF3070BD00BFF8B504460F46F7F747
:10F53000D1FCD4E90163F51ABD426169E26828BFD4
:10F540003D462B4499422A4438BF1946A360B2FB7A
:10F55000F6F306FB13226161E260F7F7F7FC284639
:10F56000F8BD00BF70B505460E46F7F7B3FCD5E908
:10F570000013EA68AC68551CB5FBF3F203FB1252AA
:10F580001C1B11449A1A944228BF14463160F7F7A5
:10F59000DDFC204670BD00BF30B40024551EC0E91C
:10F5A0000444C5608460426030BC01608361704780
:10F5B00070B504460E46F7F78DFCA368C3B1A26987
:10F5C00023682169054601FB0231304601F00CFC3D
:10F5D000D4E9010223690133013AB3FBF0F100FBE6
:10F5E000113323612846A260F7F7B0FCA06870BD14
:10F5F000F7F7ACFC4FF0FF3070BD00BFD0E901025F
:10F60000101AB0FA80F04009704700BFF8B5044600
:10F610000F46F7F75FFCD4E901138B421BD0E36878
:10F62000A269013306462068B3FBF1F501FB1535ED
:10F6300005FB0200394601F0D7FBA3686269E5606B
:10F6400001339A4238BF1A463046A3606261F7F729
:10F650007DFCA068F8BDF7F779FC4FF0FF30F8BDEE
:10F66000FEE700BFF0B5144E85B0F7F733FC3578F0
:10F67000044625B12046F7F769FC05B0F0BD01A8A6
:10F68000F7F752FC4FF0FF370C4A0D488DF80C503D
:10F6900001AB27210297F7F7CDFB01210948F7F7C6
:10F6A0000BFD29460848F7F707FD01232046337074
:10F6B000F7F74CFC05B0F0BDADA5002061F60000E9
:10F6C00050D100206CD1002000D1002043681B687D
:10F6D0000122DA64704700BFF0B5174DD5E9006725
:10F6E00085B03879FDF7D6FBF7F7F4FB337804469D
:10F6F0002BB12046F7F72AFC0F4805B0F0BD01A852
:10F70000F7F712FCBB79029379790C4A019501ABAA
:10F71000301DF7F78FFB3A68094901234FF0FF309E
:10F720003370D0623A6891603A6820465360F7F7C8
:10F730000DFC014805B0F0BD2C260100CDF60000FF
:10F7400000180020FEE700BFF0B5144E85B0F7F7B3
:10F75000C1FB3578044625B12046F7F7F7FB05B025
:10F76000F0BD01A8F7F7E0FB4FF0FF370C4A0D485A
:10F770008DF80C5001AB13210297F7F75BFB0121C9
:10F780000948F7F799FC29460848F7F795FC012343
:10F7900020463370F7F7DAFB05B0F0BDAEA50020C8
:10F7A00045F700000CD20020BCD1002028D2002058
:10F7B0002DE9F0410D46103910294FF0000488B0B2
:10F7C00098BF3D4B0294CDE90044CDE90344CDE917
:10F7D0000544079498BF53F82140384B38491B68BB
:10F7E0004FF0010808FA02F60E605B690746272011
:10F7F0009847344B3449354AC3F8008003230B60E3
:10F80000A2F53E72C2F8F8824B6013689C42304BFE
:10F8100018BF1460182D1E6034D075B16FB12D4B18
:10F820002D4A0321196013689B07FCD12B492C4AF0
:10F830002C4B0120086017601D60274D2A4C0120C9
:10F8400000F0C8F82B682342F9D02D681B4F214ADD
:10F850003B682C4014601B6A272098473B68272090
:10F860001B69984715F0404F08D1154B1B68334270
:10F870000CBF0120002008B0BDE8F081012008B0D5
:10F88000BDE8F08138687968BA68FB68114D6C464C
:10F890000FC438697969104A032303C42B601368C5
:10F8A0009907FCD10D4A0E490E4B01201060202211
:10F8B000C1F800D01A60C0E7E0340100B0010010C8
:10F8C000044402408047024084470240004702400F
:10F8D00000440240884702409047024000004842EE
:10F8E000044002400C400240030000C01C4B1B6857
:10F8F0004BF64132C3F30F3393422BD1194B1A68A5
:10F90000C2F30333092BC2F3406006D00F2B0FD094
:10F91000082B08D04FF0FF307047002814BF4FF07D
:10F92000FF300920704700280CBF0C200A207047C8
:10F93000130207D4C2F3006238B1002A14BF1120A9
:10F940000F2070470D3040B27047002A14BF1020BE
:10F950000B207047034B4FF0FF301B68704700BF10
:10F960001813005094120050124A13684BF641319C
:10F97000C3F30F338B4214D10F4B12681B68190667
:10F980000C4909684BF64130C1F30F3154BFDBB26B
:10F99000002381424FEA127203D1022A02D0032AC5
:10F9A00005D0FEE70B335BB2132BFADD704715333E
:10F9B0005BB2F9E718130050A0100050EFF310806D
:10F9C00072B67047EFF3108062B67047EFF31180A4
:10F9D000704700BF0138FDD1704700BF08B5044B28
:10F9E0001B685B699847034B00221A6008BD00BF83
:10F9F000A80100108404604208B5044B1B689B6991
:10FA00009847034B00221A6008BD00BFA8010010F0
:10FA100084046042FEE700BF0B4B70B41A680B4EC3
:10FA2000B2420CD01C680434A41B331F06F1D40569
:10FA3000E25843F8042FAB42FAD1034B1E6046F85C
:10FA4000201070BC704700BF08ED00E000000020EF
:10FA5000024B034A43F82020704700BF00000020FB
:10FA600015FA000008B5054B1B6801215B680846C4
:10FA70009847034A034B12689A6008BDE0010010E2
:10FA800030200940C0A5002038B51D4B1B6801205F
:10FA90001B689847012827D01A4B1B4C1B6820462F
:10FAA000DD68012200233C21A84700B938BD238826
:10FAB000DB071BD5154B9B6B9847154B4FF080729E
:10FAC0001A60144A144B9468186814491368D0607B
:10FAD000001B01FB00F1A3EB9303B3EB114F4FEAC3
:10FAE000114094BF10601360012038BD084A074BD5
:10FAF0004FF0012111609B6B22889847E1E700BF1E
:10FB0000E0010010A401001000A00C40480000100B
:10FB100004A40C40C0A500203020094040420F0042
:10FB200010B5144C236801205B68002198472368B6
:10FB300001201B68984758B10F4B1A88D20711D47F
:10FB40000E490F4A4FF001200860926B1B889047C6
:10FB50000C4B0D4A1B680D4C12681B68626098477D
:10FB6000206110BD064B9B6B9847044B4FF0807291
:10FB70001A60EDE7E001001000A00C4004A40C4066
:10FB800048000010EC01001030200940C0A5002002
:10FB9000144B1B68D90607D4134A144B1168144A36
:10FBA00003EA9123934200D07047124B1B689A03DB
:10FBB00003D5114B114A1360704743F307232433D5
:10FBC00083F306031911DB43C1F1030003F00F03B4
:10FBD0000F214FF6FF72014142FA03F343EA01435A
:10FBE000E8E700BFB04F005050130050F1FF0F0086
:10FBF000F0010700B44F00501F00070018A00C4090
:10FC00000E4BF0B4D3E902761B38D3E9004100FB78
:10FC100000F202FB00F582FB0723C5FB0623C0FBB5
:10FC20000123100940EA037002194FEA231141EB46
:10FC3000E473100C40EA0340F0BC7047B0A500200C
:10FC4000224A234B1B68116810F001020ED1810774
:10FC50001CD5410703F0020230D4131E18BF012344
:10FC6000002B0CBF022201221046704710B401F095
:10FC7000040103F00104214304D184070BD440079D
:10FC800019D4022210465DF8044B7047400716D481
:10FC9000022210467047410703F002020AD4131EE5
:10FCA00018BF0123002B0CBF0222012210465DF871
:10FCB000044B704742B9C3F38003F3E712B9C3F3AF
:10FCC0008003CDE70122E4E70122DBE7942108402D
:10FCD00040210840124A134B12681B68C10705D522
:10FCE00003F0040302F001010B4311D0810709D492
:10FCF000430705D512F0040F14BF012002207047FE
:10FD000001207047410702F0020303D5002BF1D117
:10FD100002207047002B14BF01200220704700BF53
:10FD2000402108409421084038B5274B1B68054600
:10FD3000980707D4254B264A1B68C3F3074343F0B3
:10FD4000F00313702348244A2449254B4FF0012423
:10FD5000046009881B6814681B682046984704F0F3
:10FD60004073B3F1807F04D11E4A137843F002033D
:10FD700013701B4B1B6828465B6821469847FFF7AA
:10FD800007FF194B194A1B68C3F305311170D905D8
:10FD90004ABFA2F58922164AA2F2F25240211170FE
:10FDA0000F4A14491268C3F34223DB0043F4605343
:10FDB0000B80204693689847022000F04BF90E4BC9
:10FDC00001221A6038BD00BFB04F0050AC4F005048
:10FDD0005662084004A40C40B44F005000A00C40F0
:10FDE000F0010010096208400C1400500EB00C40E5
:10FDF0002C6208406AB00C4094046042284B10B555
:10FE00001C68631C08BF0024FFF7AEFD254B264A83
:10FE10001B68002111609B6C9847244B1B6823B121
:10FE2000234B20461B68FFF77FFF224B2249234AC2
:10FE3000002018600B6823F07F6323F4702343F0E5
:10FE40009C7343F480330B601368C3F30133012BBD
:10FE500006D111681A4B0B4043F400311160136056
:10FE6000184B194A1B68012414601B6A1420984718
:10FE7000164A17481368174943F4E02313600460D7
:10FE80000B68C3F38153022B04D1064B12481B6845
:10FE90005B6C9847114A1368002BFCD110BD00BF62
:10FEA0001C130050F00100108404604280012843BC
:10FEB000800520438C210840482003402800094049
:10FEC000EFFFFCFCB00100101C002443002009409F
:10FED00000002443B44F0050BD3786000C00684238
:10FEE000484B1B682DE9F0419C0705460E46174616
:10FEF0007ED4454B1B68980256D5444C4449236830
:10FF0000444A002008609B691268272098474248AD
:10FF100042490368226823F0807323F4803303602E
:10FF20000B6823F480730B60136B4FF48060984769
:10FF300023684FF481601B6B98472368384C1B6B18
:10FF40004FF4C0609847374937482E4A0123236051
:10FF500006600B601368990706D47A1C334B06BF02
:10FF60004FF040421A601F602A4B314A1B681368E9
:10FF70009B07FCD50720FFF763FE0228FAD16DB975
:10FF80002C4C23682C489B6898470428F9D00128FA
:10FF900032D02A4A136823F0030313601B4B1B68FB
:10FFA000BDE8F0419B6B1847254A12681B17126881
:10FFB00003F101089047234B234A1C682349C0F1F1
:10FFC0003E03DB10072BA8BF07234345C4F30324DC
:10FFD000ACBFE31AA4EB0803012BB8BF01230F2B1E
:10FFE000A8BF0F2363F00F03DBB213700B7884E715
:10FFF0000E4B174A1A6080E723680F485B6803219D
:020000021000EC
:100000009847C6E710000940B44F0050B8010010EF
:100010000C4009402C2009403C2008408420084026
:10002000282008600C2008408C2108401C00094052
:1000300028200840D8010010004003402422084036
:10004000EC0100100C1300505A6208400D62084089
:10005000FD00004070B40B490B4C0C4D0C4E226857
:100060000B689342FCD1824209D0AB5C2A5C9A4275
:1000700033448CBF5B7813F8013C2360EFE770BC1E
:10008000704700BF04600C4000600C402435010044
:100090002835010010B5036803625A1E11468B42D1
:1000A00002D904892144FAE7416202210177002143
:1000B0000163A1F58031C0E90A33C0E90D13934211
:1000C00002D901890A44FAE7C0E90F23C0E91133D4
:1000D00010BD10B5002301601144C0E90333C0E92D
:1000E000053341600281FFF7D5FF10BDC0E903125F
:1000F0007047C0E905127047012B08B509D0022BE3
:100100000ED09BB9114442688A420FD80389C91A9C
:10011000FAE7891A02688A4208D903891944FAE77A
:10012000034B044A04489C2100F01AFE084608BD0F
:100130002C3501003235010099350100012B08B53D
:100140000DD0022B14D0CBB98A4202D3521A90B2EE
:1001500008BD43680068591A121A0A44F7E78A4230
:1001600001D88A1AF3E7436800689A1A091AF4E773
:10017000034B044A0448C72100F0F2FD0022E6E7E1
:100180002C350100E33501009935010010B5144606
:1001900012120A700122FFF7AFFF047010BD10B5F4
:1001A000134601220C78FFF7A7FF007824022044B1
:1001B00080B210BD73B5037FC26A01930E46816A97
:1001C00000910446FFF7BAFF01280099054613D9AC
:1001D000019B20461A46FFF7E2FF023DC5F30D05DD
:1001E00035432843019B009982B22046FFF7CEFF9A
:1001F000E36AA36202B070BDE162FBE72DE9F3415F
:100200001F46037F022B04460D46164621D0826A04
:100210004968914221D1C26A01930091FFF78EFF94
:100220002D68019B009980462A462046FFF786FFED
:100230003844404511DC3744BE4210D016F8013B2B
:100240002B702946237F01222046FFF755FF0546E4
:10025000F2E70D2002B0BDE8F0810720FAE70020A8
:10026000F8E7037F022BF7B504460D461CD0826ADF
:100270004968914218D1C76A00933A460191FFF745
:100280005DFF2D68009B019906462A462046FFF730
:1002900055FF864208D9009B3A462946204603B0BE
:1002A000BDE8F040FFF74ABF002003B0F0BD037F78
:1002B000022B73B504460D4616D0826A49689142F6
:1002C00014D1C26A01930091FFF738FF2D68019B9A
:1002D000009906462A462046FFF730FF864205D998
:1002E000E562002002B070BD0D20FBE70720F9E7B2
:1002F00038B5037F022B044612D00021FFF75AFFC6
:10030000227FA06A04EB8203196A21631862E56800
:1003100015B120692346A84702232377002038BD62
:100320000D20FCE7006B7047C26B436A9A4205D10F
:10033000836B006A1B1A584258417047002070476F
:1003400090F8353033B9C36B426A9B1A18BF01234A
:1003500080F8343070472DE9F84390F8348000EB92
:1003600088060446376A656C2564BD4222D0424641
:1003700029462046FFF713FF030402D5B36B9D42C5
:1003800018D1C0F30D00821C434629462046FFF7D2
:10039000B3FE434681466064022229462046FFF7A9
:1003A000ABFE8145A064DED0012384F83530002007
:1003B000BDE8F883032384F835301720F8E708B543
:1003C0000146FFF7B1FF68B90846FFF7B9FF91F89A
:1003D00034300E3351F82330C1E91033BDE8084002
:1003E000FFF7B9BF172008BD90F8350003281ABFE2
:1003F000B0FA80F040090120704790F83520012ABA
:1004000038B504460ED1816C90F834300D78FFF782
:1004100073FE636CA064984202D12046FFF79BFFF5
:10042000284638BD0025FBE7D0E90E23416A9942F2
:100430000CD1017F012909D00168531E994202D9CC
:1004400002891344FAE74362C3637047016A914229
:100450000AD1027F42B141680133994202D8028930
:100460009B1AFAE7036283637047037F022B06D06F
:10047000083350F82330C0E90A3302230377FFF72B
:10048000D3BF0000F8B5047F022C05460E4605D107
:100490000E4B0F4A0F48E62100F062FC2346C76A64
:1004A000B4FA84F46409012239460834FFF724FEC3
:1004B00055F82430834203D03E70E8620020F8BD36
:1004C0002846FFF7D2FF0320F9E700BF51360100AD
:1004D0006D36010099350100D0E90A239A4270B5C2
:1004E00005461BD1037F0833002150F82360B24238
:1004F0000CBF4FF400460026FFF7C4FF044658B96E
:1005000001462846FFF7BEFF044628B92B7FA96A9B
:1005100032462846FFF73AFE204670BD0024FBE72E
:1005200038B5037F022B04460D4607D0FFF7D4FFF2
:1005300018B9E36A2B60A36A6B6038BD0D20FCE735
:1005400013B5037F0191022B044609D0FFF7C4FFC6
:1005500038B90199204602B0BDE81040FFF792BFBC
:100560000D2002B010BDF8B5037F022B07460D46E3
:10057000164610D0FFF7B0FF044650B92E44B542DE
:1005800007D015F8011B3846FFF77CFF0028F6D08E
:1005900004462046F8BD0D24FBE738B50D46044659
:1005A000FFF763FF0DB1012D00D12577237F0833BD
:1005B00054F82330C4E90A3338BD00002DE9F04770
:1005C0000446FFF7B1FE002841D12046FFF7B8FEF0
:1005D00094F834A004EB8A080B26D8F83870D8F8C1
:1005E00020903D46A9451CD0524629462046FFF79B
:1005F000D6FD030401D5BD4213D1C0F30D00821C0A
:10060000294653462046FFF777FD013E16F0FF06C8
:100610000546E7D1104B114A114840F2453100F030
:100620009FFBC8F838502046FFF7FEFE656900269C
:100630004FF6FF7384F83560E38655B1A06994F8EE
:10064000342023463946A8473046BDE8F0871720B6
:10065000FBE72846F9E700BFA0360100BC360100E1
:10066000993501000022C0E90022C0E9022270474A
:10067000838803810022C2808272838170470029AF
:1006800008BF002210B501608280FFF7F1FF838868
:10069000838110BDC388028910B55C1C94429FBF42
:1006A0000268D35C0B70C3889BBF0133C3800620F4
:1006B000002010BD13B50C460DF10701FFF7EAFF4E
:1006C00018B99DF8073013B9207002B010BD012B86
:1006D0000CBF23700620F8E713B50C460DF1070197
:1006E000FFF7D8FF10B99DF80730237002B010BD96
:1006F000C288038930B5941C9C420BD80468A318A7
:100700005D78A35C43EA05230B80C3880233C38072
:10071000002030BD0620FCE7F0B5C4880389251D04
:100720009D420FD806683219345D93785778D27895
:100730001B0443EA0723234343EA02630B60C5809B
:100740000020F0BD0620FCE7B0F806C00389F0B534
:100750000CF108049C421DD8D0F800E00EEB0C050B
:10076000AA786E782B79120442EA06221EF80C60F1
:100770003243EE7842EA06626E7943EA0623AE79A6
:1007800043EA0643EE7943EA0663C1E90023C480E5
:100790000020F0BD0620FCE737B5C38804460D46AF
:1007A00001890068C91A184401AA00F095F90028C7
:1007B000C1BFE388C018019BE080D2BF06200020A3
:1007C0002B6003B030BD10B5C488038922449A421F
:1007D000DDBF03681B190B600620DCBFC280002050
:1007E00010BD10B40389C4881B1B9BB213805DF835
:1007F000044B1A46FFF7E7BF73B50E460DF106012D
:1008000005461446FFF774FF48B9BDF80620314687
:100810002846FFF7D8FF10B9BDF80630238002B094
:1008200070BDC38883810389C381837AC372704793
:10083000838982889A4281BFC380C3890381C37A36
:1008400086BF837200200D20704738B504460D46E0
:100850000068C9B2FFF774FE28B92068290ABDE80C
:100860003840FFF76DBE38BD38B504460D46006808
:10087000C9B2FFF765FE88B92068C5F30721FFF705
:100880005FFE58B92068C5F30741FFF759FE28B944
:100890002068290EBDE83840FFF752BE38BD70B55C
:1008A000D1B20446006816461D46FFF749FE38BB24
:1008B0002068C6F30721FFF743FE08BB2068C6F394
:1008C0000741FFF73DFED8B92068310EFFF738FE2B
:1008D000B0B92068E9B2FFF733FE88B92068C5F3E4
:1008E0000721FFF72DFE58B92068C5F30741FFF730
:1008F00027FE28B92068290EBDE87040FFF720BE0A
:1009000070BD13B50A4604460621684600F011F989
:10091000694682B22068FFF726FE02B010BD70B5AE
:1009200004460D4611F00F0118BF002300680EBFEA
:1009300084F82410012184F824301646FFF72DFE98
:1009400020682946FFF7FCFD28B931462046BDE85E
:100950007040FFF7D6BF70BD37B50D46114604464F
:100960000192FFF772FF38B9019A2068294603B057
:10097000BDE83040FFF7F7BD03B030BD13B5044606
:1009800008460191EFF732FD4FF6FF72824228BF11
:1009900002460199206892B2FFF7E5FD014628B9A9
:1009A000206802B0BDE81040FFF7CABD02B010BD1C
:1009B00010B590F824100329044616D800EBC101A5
:1009C00004310068FFF7ACFD70B901462068FFF7FD
:1009D000B7FD48B901462068FFF7B2FD20B994F889
:1009E0002430013384F8243010BD0D20FCE773B5AA
:1009F00090F82410044611B90D2002B070BD0139E1
:100A0000C9B20825042680F8241015FB01610144B1
:100A10000068FFF726FC0128EED994F8241002386C
:100A200015FB0161ADF80400022320680DEB0602FE
:100A30002144FFF7E3FBE0E710B5044694F82430C7
:100A40002BB12046FFF7D3FF0028F7D010BD206858
:100A5000BDE81040FFF74CBC10B500F1280104467A
:100A60000068FFF75DFD18B994F8243084F825304C
:100A700010BD38B504461D46FFF751FF48B9204662
:100A8000FFF7EAFF28B929462046BDE83840FFF7BE
:100A900038BF38BD10B500F1280104460068FFF7E3
:100AA00006FC18B994F8253084F8243010BD38B508
:100AB00004460D46FFF7EEFF50B901462046FFF70A
:100AC00020FF28B929462046BDE83840FFF719BF66
:100AD00038BD0068FFF7DEBA0023F0B505461846BA
:100AE0008842C0EBC0070DD005280BD02E5C06F065
:100AF0007F04BC402343340600F10100F0D402B16E
:100B00001360F0BD4FF0FF30FBE77F280BD9B0F545
:100B1000804F0AD3B0F5001F09D3B0F1805F34BF16
:100B200004200520704701207047022070470320F1
:100B3000704738B504461046FFF7E7FF81420CDAEC
:100B400038BD63F07F036354D20901318D42D3B2C3
:100B5000F7D103F07F036355F2E70021451EF5E767
:100B6000838843B103685A1C026019708388013B73
:100B7000838000207047032070470022016082803C
:100B8000704708B54FF6FF7383807E210068FFF73A
:100B9000E7FF08BD7E2938B505460C4600680AD82F
:100BA0007C2903D801F0FD03112B06D18388012B8A
:100BB00008D8032005E0F829F7E72146FFF7D0FF22
:100BC00040B138BD7D21FFF7CBFF286884F02001BC
:100BD000FFF7C6FFAA88054B5440E4B2002033F863
:100BE000143083EA1223AB80EBE700BFF03601003C
:100BF000F7B50368044693E80300A6886D4685E8C8
:100C00000300F1438FB22046C9B2FFF7C3FF03468A
:100C100058B9390A2046FFF7BDFF034628B92068B6
:100C20007E21FFF79DFF034628B122680098A9881E
:100C300010609180A680184603B0F0BD0022C0E984
:100C40000122C0E9032202707047C0E90112C360AB
:100C5000704700002DE9F843384F04460D468E18C2
:100C60004FF00208AE4266D0237815F8011B012B25
:100C70000BD0022B3ED0002BF4D17E29F2D10123E0
:100C800023704FF6FF732361ECE77D2917D07E298F
:100C900018D06068B0F80490B9F1000F44D0B4F8EF
:100CA00010C081EA0C02D2B237F8123083EA1C235A
:100CB0002382FFF755FF638A01336382D2E784F80A
:100CC0000080CFE7638A002BDBD0012B10D9228A6A
:100CD0004FF2B8039A420BD163681A68023A1A605D
:100CE0009A8802329A800021D4E902309847C8E7F6
:100CF0000621F9E76068B0F80490B9F1000F13D04D
:100D0000B4F810C081F0200181EA0C02D2B237F8A9
:100D1000123083EA1C232382FFF722FF638A013308
:100D20006382012323709DE7A368E068032198474D
:100D300084F8009096E7BDE8F88300BFF036010024
:100D40000368DB0706D4437803B1FFDE0123437059
:100D50001846704700207047012303607047000069
:100D60001FB514461A46094B1B680546D8684CB196
:100D7000074B0091CDE9013406492B4600F014F8E9
:100D800000F0B6FC044B1C46F3E700BFC41A002079
:100D9000F0380100FD380100C1200100014B186846
:100DA000704700BFC41A00200EB403B5014603AB60
:100DB000054853F8042B0068019300F06FF802B067
:100DC0005DF804EB03B07047C41A002030B5013958
:100DD0000024A24201D1002005E0035D01340D5D35
:100DE000AB42F6D0581B30BD0A44914200F1FF33AC
:100DF00000D1704710B511F8014B03F8014F914233
:100E0000F9D110BD884210B501EB020402D9844229
:100E1000234607D8431EA14208D011F8012B03F83E
:100E2000012FF8E7024401468A4200D110BD13F8B1
:100E3000014D02F8014DF7E702440346934200D109
:100E4000704703F8011BF9E79368013B002B10B4CE
:100E5000936008DA9469A34201DB0A2903D15DF8A3
:100E6000044B00F085BB1368581C106019700846CD
:100E70005DF8044B7047F8B506460F461446D51882
:100E8000AC4201D1002007E014F8011B3A4630467D
:100E9000FFF7DAFF431CF3D1F8BD00002DE9F04F56
:100EA0000D469DB014469846064618B183690BB9A5
:100EB00000F040FD894B9D421BD175686B6ED907D0
:100EC00005D4AB899A0502D4A86D00F0D1FDAB8999
:100ED0001B0701D52B69EBB92946304600F09AFB78
:100EE000C0B16B6EDC070ED54FF0FF301DB0BDE812
:100EF000F08F7B4B9D4201D1B568DFE7794B9D4276
:100F000008BFF568DAE7AB899805EDD4A86D00F065
:100F1000B0FDE9E70023099320238DF82930CDF8AF
:100F20000C803023DFF8C0818DF82A304FF00109A2
:100F300023469A4613F8012B0AB1252AF9D1BAEBB8
:100F4000040B0BD05B46224629463046FFF793FF41
:100F5000013000F0AA80099A5A4409929AF80030A8
:100F6000002B00F0A28000234FF0FF32CDE90523D3
:100F70000AF1010A049307938DF853301A935446EB
:100F8000052214F8011B5848EFF73AFA049AD8B929
:100F9000D10644BF20238DF85330130744BF2B23C1
:100FA0008DF853309AF800302A2B15D0079A544602
:100FB00000204FF00A0C214611F8013B303B092B71
:100FC0004ED9B0B1079214E0A0EB080309FA03F37D
:100FD00013430493A246D2E7039B191D1B68039198
:100FE000002BBBBF5B4242F0020207930793B8BFDE
:100FF000049223782E2B0CD163782A2B35D1039BB6
:101000001A1D1B680392002BB8BF4FF0FF33023448
:101010000593DFF8E4A0217803225046EFF7F0F9BA
:1010200040B14023A0EB0A0003FA00F0049B034305
:101030000134049314F8011B2C488DF82810062263
:10104000EFF7DEF900283FD0294B1BBB039B07338A
:1010500023F0070308330393099B3B44099367E795
:101060000CFB02320C460120A5E700230134059356
:1010700019464FF00A0C204610F8012B303A092A85
:1010800003D9002BC5D00591C3E70CFB0121044611
:101090000123F0E703AB00932A46164B04A9304620
:1010A000AFF300800746781CD6D16B6ED90705D404
:1010B000AB899A0502D4A86D00F0DBFCAB895B0616
:1010C0003FF512AF099811E703AB00932A46094B8D
:1010D00004A9304600F080F8E4E700BF843901003D
:1010E000A439010064390100303901003A390100A6
:1010F00000000000770E0100363901002DE9F047AD
:10110000164699468A680B69DDF820809342B8BF7D
:101110001346336091F8432007460C460AB1013369
:1011200033602368990642BF336802333360256811
:1011300015F0060506D104F1190AE36832689B1A16
:10114000AB4226DC94F84320131E226818BF01230B
:1011500092062BD404F1430249463846C047013079
:101160001ED02368E568326803F00603042B08BF2D
:10117000AD1AA36822690CBF25EAE57500259342E4
:10118000C4BF9B1AED1800261A34B5421AD10020AC
:1011900008E00123524649463846C047013003D192
:1011A0004FF0FF30BDE8F0870135C6E7E1185A1C63
:1011B000302081F84300224494F8451082F843100F
:1011C0000233C7E70123224649463846C04701306B
:1011D000E6D00136D9E700002DE9FF470C469146DD
:1011E000277E0C99782F80469A4604F1430207D84F
:1011F000622F0AD8002F00F0D880582F00F0A3806B
:1012000004F1420684F842703AE0A7F16303152B1B
:10121000F6D801A050F823F07112010085120100E8
:10122000011201000112010001120100011201006E
:1012300085120100011201000112010001120100DA
:101240000112010091130100B51201007313010096
:101250000112010001120100B3130100011201008B
:10126000B512010001120100011201007B130100FF
:101270000B681A1D1B680A6004F1420684F84230AC
:101280000123A3E0256808682E0600F104030AD5AF
:1012900005680B60002D03DA2D236D4284F843307E
:1012A0005E480A2319E015F0400F05680B6018BF6F
:1012B0002DB2EFE70B682568181D0860280601D5D8
:1012C0001D6802E06906FBD51D8854486F2F0CBFCE
:1012D00008230A23002184F843106668A660002EC4
:1012E000A2BF216821F0040121600DB9002E4DD06C
:1012F0001646B5FBF3F103FB1157C75D06F8017DF8
:101300002F46BB420D46F4D9082B0BD12368DF07CB
:1013100008D5236961689942DEBF302306F8013C95
:1013200006F1FF36921B2261CDF800A04B4603AABE
:1013300021464046FFF7E2FE01304CD14FF0FF302E
:1013400004B0BDE8F087354884F8457023680E681E
:101350001F0656F8045B0E6014D5D90744BF43F04E
:10136000200323601DB9236823F02003236010238A
:10137000B0E7236843F0200323607823284884F8EB
:101380004530E3E75E0648BFADB2E6E71646BBE789
:101390000B68266860691D1D0D6035061B6801D548
:1013A000186002E07106FBD5188000232361164601
:1013B000BAE70B681A1D0A601E6862680021304691
:1013C000EFF71EF808B1801B60606368236100239B
:1013D00084F84330A8E72369324649464046D0475F
:1013E0000130ABD023689B0713D4E068039B98427D
:1013F000B8BF1846A4E70123324649464046D047C5
:1014000001309BD00135E36803995B1AAB42F2DCF3
:10141000EBE7002504F11906F5E700BF41390100AB
:101420005239010038B50C460968054609B1FFF785
:10143000F9FF21462846BDE83840F6F757B90000C5
:101440002C4B1B68834270B5044651D0436A43B1AC
:10145000DB68002B4AD1636A196811B12046F6F7A0
:1014600045F9616911B12046F6F740F9616A11B199
:101470002046F6F73BF9A16B11B12046F6F736F995
:10148000E16B11B12046F6F731F9216C11B120461C
:10149000F6F72CF9E16D11B12046F6F727F9A16DA9
:1014A00011B12046F6F722F9616B11B12046F6F72B
:1014B0001DF9A369E3B1A36A20469847A16CB9B1AD
:1014C0002046BDE87040FFF7ADBF495941B904352A
:1014D000636A802DD968F8D12046F6F707F9BAE794
:1014E0000E682046F6F702F93146EFE70025EFE7F0
:1014F00070BD00BFC41A00200CB430B5174B0C1ED1
:101500001D689DB008DA8B232B604FF0FF301DB0B3
:10151000BDE8304002B070474FF40273ADF81430AC
:1015200014BF04F1FF332346049307934FF6FF7370
:1015300002900690ADF81630209A21AB02A92846F9
:10154000019300F057FB431CBCBF8B232B60002C86
:10155000DDD0029B00221A70D9E700BFC41A002018
:10156000034611F8012B03F8012B002AF9D170472B
:10157000F8B50E461446054618B183690BB900F05C
:10158000D9F9214B9C422BD16C68A369A360A38934
:101590001A072FD523696BB323692068C01A6369C2
:1015A000F6B28342374604DC2146284600F02EF985
:1015B00030BBA368013BA36023685A1C22601E70E5
:1015C00063690130834204D0A389DB0706D50A2E64
:1015D00004D12146284600F019F988B93846F8BDEB
:1015E0000A4B9C4201D1AC68CFE7094B9C4208BF33
:1015F000EC68CAE72146284600F00CF80028CBD05A
:101600004FF0FF37EAE700BF84390100A439010039
:1016100064390100324B70B51D6806460C4625B191
:10162000AB6913B9284600F085F92E4B9C420FD1C7
:101630006C68A389B4F90C2019072CD4DD0611D4E9
:101640000923336042F04003A3814FF0FF303EE0B6
:10165000254B9C4201D1AC68EBE7244B9C4208BF70
:10166000EC68E6E7580712D5616B41B104F1440319
:10167000994202D03046F6F739F800236363A38914
:1016800023F02403A3810023636023692360A389DB
:1016900043F00803A38123694BB9A38903F42073A2
:1016A000B3F5007F03D02146304600F007FAA08949
:1016B000B4F90C2010F001030AD00023A360636981
:1016C0005B42A361236943B910F08000BAD170BDB9
:1016D000810758BF6369A360F4E70020F7E700BF04
:1016E000C41A002084390100A439010064390100C2
:1016F00008B5062000F0A6FB012000F0ABFC0000BE
:101700008A892DE9F041054610070C4658D44B68EC
:10171000002B05DC0B6C002B02DC0020BDE8F08107
:10172000E66A002EF9D0002312F480522F682B6055
:1017300032D0606DA3895A0705D56368C01A636B00
:101740000BB1236CC01A00230246E66A216A2846C0
:10175000B047431CA38906D129681D292CD82A4AE1
:10176000CA40D60728D500226260D90422692260C7
:1017700004D5421C01D12B6803B96065616B2F60F1
:101780000029CAD004F14403994202D02846F5F753
:10179000ADFF00206063C1E7216A01232846B047FE
:1017A000411CC7D12B68002BC4D01D2B01D0162B98
:1017B00001D12F60B1E7A38943F04003A381ADE7D6
:1017C0000F69002FA9D093070E6808BF4B690F60FF
:1017D00018BF0023A6EB07088B60B8F1000F9CDD53
:1017E000216AA66A43463A462846B047002806DCE6
:1017F000A38943F04003A3814FF0FF308EE70744F5
:10180000A8EB0008E9E700BF0100402038B50B69EC
:1018100005460C4613B90025284638BD18B1836922
:101820000BB900F087F8144B9C421BD16C68B4F9DB
:101830000C30002BEFD0626ED00704D4990502D48F
:10184000A06D00F015F928462146FFF759FF636E99
:10185000DA070546E0D4A3899B05DDD4A06D00F02E
:1018600008F9D9E7054B9C4201D1AC68DFE7044B8E
:101870009C4208BFEC68DAE784390100A439010012
:1018800064390100002310B50446C0E90033C0E903
:101890000433836081814366C281836119460822D3
:1018A0005C30FFF7C9FA054B6362054BA362054B39
:1018B000E362054B2462236310BD00BF7D1E01005F
:1018C0009F1E0100D71E0100FB1E0100014900F010
:1018D000AFB800BF0D18010070B54A1E682555430A
:1018E0000E4605F17401F5F7FEFE044640B10021F5
:1018F000C0E900160C30A06005F16802FFF79CFA01
:10190000204670BD014800F0B3B800BF84D200206B
:10191000014800F0AEB800BF84D20020014800F0BA
:10192000A7B800BF7FD20020014800F0A2B800BFD6
:101930007FD2002010B50446FFF7F0FFA3691BB16A
:10194000BDE81040FFF7F0BFC4E912332365134B25
:10195000134A1B68A262A34204BF0123A36120466D
:1019600000F020F86060204600F01CF8A0602046DF
:1019700000F018F80022E06004216068FFF782FFA1
:10198000A06801220921FFF77DFFE06802221221F1
:10199000FFF778FF0123A361D2E700BF2C390100D4
:1019A000CD180100F8B50746FFF7ACFF1E4B1E68C7
:1019B000B36913B93046FFF7BDFF4836D6E90134A5
:1019C000013B03D533680BB33668F7E7B4F90C5025
:1019D000D5B9164BE36004F15800656600F047F88E
:1019E000FFF796FFC4E90155C4E904552560A561D8
:1019F0000822294604F15C00FFF71EFAC4E90D55E0
:101A0000C4E912552046F8BD6834D9E704213846A8
:101A1000FFF762FF044630600028D5D1FFF778FF5A
:101A20000C233B60EEE700BF2C3901000100FFFFF3
:101A30002DE9F8430646884600F148040027D4E91A
:101A40000195B9F1010905D52468002CF7D1384674
:101A5000BDE8F883AB89012B07D9B5F90E30013306
:101A600003D029463046C04707436835E9E7704749
:101A70007047704770B50E46B1F90E10002996B048
:101A800014461D4607DA00232B60B3891A0610D4CA
:101A90004FF480630EE06A4600F056FA0028F2DB4D
:101AA000019A02F47042A2F500535A425A412A6048
:101AB000EEE740230020236016B070BD8B8973B51C
:101AC0009D0706460C4607D504F1470323602361B2
:101AD0000123636102B070BD01AB6A46FFF7CAFF24
:101AE000009905463046F5F7FEFD48B9B4F90C30CB
:101AF0009A05EFD423F0030343F00203A381E3E745
:101B00000D4BB362A389206043F08003A381009B47
:101B10006361019B20615BB1B4F90E10304600F0A7
:101B200025FA28B1A38923F0030343F00103A3811D
:101B3000A0890543A581CDE7CD1801002DE9F04727
:101B40008E689E4282460C4690461F4638D88A8947
:101B500012F4906F32D025680969A5EB0109656917
:101B600005EB450505EBD57501334B446D109D42E2
:101B700038BF1D46530531D52946F5F7B4FD064655
:101B800050B90C23CAF80030A38943F04003A38165
:101B90004FF0FF30BDE8F08721694A46FFF724F98E
:101BA000A38923F4906343F08003A38126616561D8
:101BB0004E44A5EB09052660A5603E46BE4200D90D
:101BC0003E46324620684146FFF71CF9A36822686A
:101BD0009B1B3244A36022600020DBE72A46F5F716
:101BE00088FD06460028E1D121695046F5F77EFDC3
:101BF000C7E700002DE9F04F98468B891B069DB082
:101C000007460D4614460ED50B6963B94021F5F71A
:101C10006AFD2860286120B90C233B604FF0FF303B
:101C2000D1E040236B610023099320238DF82930F4
:101C3000CDF80C803023DFF8A8818DF82A304FF0E2
:101C4000010923469A4613F8012B0AB1252AF9D136
:101C5000BAEB040B0BD05B46224629463846FFF709
:101C60006DFF013000F0AA80099A5A4409929AF84F
:101C70000030002B00F0A28000234FF0FF32CDE9AE
:101C800005230AF1010A049307938DF853301A9340
:101C90005446052214F8011B5148EEF7B1FB049A93
:101CA000D8B9D00644BF20238DF85330110744BF64
:101CB0002B238DF853309AF800302A2B15D0079A31
:101CC000544600204FF00A0C214611F8013B303BEE
:101CD000092B4ED9B0B1079214E0A0EB080309FA22
:101CE00003F313430493A246D2E7039B191D1B6819
:101CF0000391002BBBBF5B4242F0020207930793A4
:101D0000B8BF049223782E2B0CD163782A2B35D1BF
:101D1000039B1A1D1B680392002BB8BF4FF0FF33C3
:101D200002340593DFF8C8A0217803225046EEF76D
:101D300067FB40B14023A0EB0A0003FA00F0049BCC
:101D400003430134049314F8011B26488DF828102E
:101D50000622EEF755FB002838D0234B1BBB039B14
:101D6000073323F0070308330393099B3344099394
:101D700067E70CFB02320C460120A5E70023013483
:101D8000059319464FF00A0C204610F8012B303A03
:101D9000092A03D9002BC5D00591C3E70CFB01210B
:101DA00004460123F0E703AB00932A460F4B04A936
:101DB0003846AFF30080421C0646D6D1AB895B069D
:101DC0003FF52CAF09981DB0BDE8F08F03AB009331
:101DD0002A46064B04A93846FFF7FEF9EBE700BF99
:101DE000303901003A390100000000003D1B0100BC
:101DF000363901001F2938B504460D4604D916238B
:101E000003604FF0FF3038BD426C12B152F8213000
:101E10004BB9204600F030F82A4601462046BDE87E
:101E2000384000F017B8012B0AD0591C03D11623F3
:101E300003600120E7E7002442F825402846984740
:101E40000020E0E7024B01461868FFF7D3BF00BF50
:101E5000C41A002038B5074D002304460846114631
:101E60002B6000F0D7F8431C02D12B6803B123602C
:101E700038BD00BF78D2002000F0BCB810B50C46C9
:101E8000B1F90E1000F094F80028ABBF636DA38980
:101E90001B1823F48053ACBF6365A38110BD2DE9EB
:101EA000F0411F468B89DB0505460C46164605D5D5
:101EB000B1F90E100223002200F068F8A389B4F9EA
:101EC0000E1023F48053A38132463B462846BDE8DA
:101ED000F04100F017B810B50C46B1F90E1000F043
:101EE00055F8431CA38915BF606523F4805343F460
:101EF0008053A38118BFA38110BDB1F90E1000F06B
:101F000013B8000038B5074D0446084611460022B4
:101F10002A601A4600F096F8431C02D12B6803B1E0
:101F2000236038BD78D2002038B5064D0023044622
:101F300008462B6000F04EF8431C02D12B6803B119
:101F4000236038BD78D2002038B5074D0023044601
:101F5000084611462B6000F045F8431C02D12B685F
:101F600003B1236038BD00BF78D2002038B5064DDC
:101F70000023044608462B6000F044F8431C02D1BD
:101F80002B6803B1236038BD78D2002038B5074DE7
:101F900004460846114600222A601A4600F042F81C
:101FA000431C02D12B6803B1236038BD78D20020D6
:101FB00038B5074D04460846114600222A601A46E5
:101FC00000F038F8431C02D12B6803B1236038BD00
:101FD00078D20020024B58221A604FF0FF30704731
:101FE00078D20020024B58221A604FF0FF30704721
:101FF00078D20020024B58221A604FF0FF30704711
:1020000078D20020024B58221A600020704700BF8F
:1020100078D20020024B58221A604FF0FF307047F0
:1020200078D20020024B58221A604FF0FF307047E0
:1020300078D20020024B58221A604FF0FF307047D0
:1020400078D20020024B58221A604FF0FF307047C0
:0820500078D20020FEE700BF7A
:10205800696E7374616E6365002F686F6D652F72AA
:10206800756E6E65722F776F726B2F6F742D746932
:102078002F6F742D74692F6578616D706C65732F7F
:10208800617070732F7263702F6D61696E2E6300BB
:102098006170705F6D61696E0041505000467261F9
:1020A8006D696E67206572726F722025643A205BD5
:1020B800002025303258005D0A000204050607009A
:1020C80000000000351300000000000001000000BF
:1020D8003F1300000000000002000000BF130000D2
:1020E80000000000030000005D1300000000000075
:1020F8000400000065130000000000000500000057
:102108006D1300000000000006000000D513000059
:102118000000000007000000E513000000000000B8
:1021280008000000F1130000000000000900000092
:102138000B140000000000000C0000001314000045
:10214800000000000D000000DD130000000000008A
:1021580020000000610F00000000000021000000C6
:10216800770F000000000000220000001319000093
:102178000000000023000000E51600000000000039
:1021880024000000311700000000000025000000B6
:10219800831700000000000026000000B7160000AA
:1021A8000000000027000000CD160000000000001D
:1021B8002900000029190000000000002A00000082
:1021C800D5170000000000002C000000591800007E
:1021D800000000003000000057120000000000005E
:1021E8003100000021120000000000003200000051
:1021F80043120000000000003400000079100000C5
:102208000000000035000000AD10000000000000D4
:1022180036000000431000000000000037000000F6
:10222800C51000000000000038000000D10F0000B9
:1022380000000000B0000000651A00000000000067
:10224800B10000006D1A0000000000000208000044
:10225800B11D000000000000040800008511000006
:1022680000000000050800009B11000000000000AD
:102278000B120000891D000000000000031300007D
:10228800A11D00000000000000400000A51800008B
:102298000000000001400000A91800000000000034
:1022A80002400000A71800000000000003400000E2
:1022B800051900000000000007000000ED130000F1
:1022C8000000000020000000F51E000000000000D3
:1022D800210000008D0F0000000000002400000015
:1022E8005F1700000000000025000000B117000083
:1022F800000000002A000000031800000000000091
:102308002B00000027180000000000002C0000002F
:102318008718000000000000300000008112000053
:102328000000000031000000291200000000000039
:10233800320000004D1200000000000034000000D0
:10234800911000000000000035000000291F000067
:1023580000000000360000005B10000000000000D4
:1023680037000000D5100000000000003800000011
:10237800EF0F0000000000003B00000025100000E7
:10238800000000003C000000471F000000000000A3
:102398003D0000001D1100000000000000080000C2
:1023A800DD20000000000000010800006F2100008F
:1023B8000000000003080000BB210000000000002E
:1023C80003130000CB1D00000000000004130000F0
:1023D800F71D000000000000051300003B1E000070
:1023E8000000000003400000C118000000000000C9
:1023F80008100000F912000000000000041300009B
:10240800B71E00000000000005130000D51E0000E4
:102418000000000008100000171300000000000072
:10242800041300007D1E00000000000005130000DA
:102438009B1E000000000000000000007700000064
:102448000000000070000000000000000100000013
:1024580060000000000000000100000061000000B2
:102468000000000001000000630000000000000000
:10247800010000004300000000000000010000000F
:1024880048000000000000000100000047000000B4
:1024980000000000010000000D1500000000000011
:1024A80001000000520000000000000001000000D0
:1024B8005A00000000000000010000005B0000005E
:1024C80000000000010000004200000000000000C1
:1024D80001000000490000000000000001000000A9
:1024E800000000000B0000000100000000000000D8
:1024F8000E0000000100000000000000680000005D
:102508000000000030000000000000000000000093
:10251800660000000000000001000000210000002B
:10252800000000000100000036000000000000006C
:10253800010000004400000000000000010000004D
:1025480045000000000000000100000046000000F7
:1025580000000000010000004B0000000000000027
:10256800010000004C000000000000000000000016
:102578002200000000000000010000000000000030
:102588006A00000000000000000000006900000070
:1025980000000000000000006C00000000000000C7
:1025A800000000006D000000000000000D19000090
:1025B80000000000010000003E15000000000000BF
:1025C80000000000B4CF002034260100301800209D
:1025D80018CF002080D00020FFFFFFFF051E00005D
:1025E8000C34010014CF002038260100010000003F
:1025F800000000008D6F00004DD1000001010100B6
:1026080000000000FF000100412400000700000056
:10261800DCCF00204026010068CA00204C260100BB
:102628000100000094CF0020A4260100FF00000054
:102638000040010000400000FF0000000000000012
:1026480080A903000010004015000000FF000000F2
:10265800E42E002020000000042F002020000000AD
:10266800000000000C0000000D000000FF0000004A
:10267800FF000000201800201018002004000000AF
:102688000200000005000000100000000F0000001C
:1026980011000000120000000002000000000240CB
:1026A8000929FF0000010407040402020230203D4A
:1026B8003D20726574002F686F6D652F72756E6EA0
:1026C80065722F776F726B2F6F742D74692F6F740B
:1026D8002D74692F7372632F73797374656D2E630C
:1026E800002F74696F705F70726F63657373006F2A
:1026F800745461736B6C6574735369676E616C5065
:10270800656E64696E6700706C6174666F726D41A6
:102718006C61726D5369676E616C00706C61746690
:102728006F726D416C61726D4D6963726F53696749
:102738006E616C00706C6174666F726D5561727455
:102748005369676E616C00706C6174666F726D526C
:102758006164696F5369676E616C002F756172748B
:1027680072785F70726F6365737300614672616D32
:102778006520213D206E756C6C70747220262620B1
:102788006141636B4672616D6520213D206E756CF9
:102798006C70747200766F6964206F744D61634663
:1027A80072616D6547656E6572617465496D6D41ED
:1027B800636B28636F6E7374206F74526164696F02
:1027C8004672616D652A2C20626F6F6C2C206F74C5
:1027D800526164696F4672616D652A29002F686FBE
:1027E8006D652F72756E6E65722F776F726B2F6FB6
:1027F800742D74692F6F742D74692F6F70656E74E2
:1028080068726561642F6578616D706C65732F708F
:102818006C6174666F726D732F7574696C732F6D4C
:1028280061635F6672616D652E637070006F7445D9
:1028380072726F72206F744D61634672616D654785
:10284800656E6572617465456E6841636B28636F78
:102858006E7374206F74526164696F4672616D653E
:102868002A2C20626F6F6C2C20636F6E7374207536
:10287800696E74385F742A2C2075696E74385F74B9
:102888002C206F74526164696F4672616D652A29E4
:1028980000614465737420213D206E756C6C707402
:1028A800720075696E74385F74206F744D61634689
:1028B80072616D6547656E657261746543736C49D5
:1028C8006554656D706C6174652875696E74385FE0
:1028D800742A290075696E74385F74206F744D61AD
:1028E800634672616D6547656E6572617465456EB4
:1028F8006841636B50726F62696E674965287569D4
:102908006E74385F742A2C20636F6E737420756937
:102918006E74385F742A2C2075696E74385F742958
:1029280000000000022C0000000000000000000071
:10293800000000000000000000000000000000008F
:102948000000000002280000000000000000000055
:102958000000000000000000000000000208000065
:1029680000000000000000000001010008001772CC
:10297800C018002000000000000000000000000057
:1029880001280000000000000000000000010030E5
:1029980000000000000000000003FF1864000000B1
:1029A800000000000000000078563412000000000B
:1029B800BAAB0000000000010000000000000000A9
:1029C800032C0000000000000000000000000000D0
:1029D80000000000012C00000000000000000000C2
:1029E8000001001E00000000000000006572726F08
:1029F80072203D3D204F545F4552524F525F4E4F1B
:102A08004E45002F686F6D652F72756E6E65722F5B
:102A1800776F726B2F6F742D74692F6F742D7469B3
:102A28002F7372632F656E74726F70792E630070E6
:102A38006C6174666F726D52616E646F6D496E6918
:102A480074004F50454E5448524541442F312E345E
:102A58002E302D4B6F656E6B6B2D323032362E3625
:102A68002E392D70722D373435383039643B204378
:102A780043313358585F4343323658583B204A75E0
:102A88006E20203920323032362032323A30373A0E
:102A980030370000294500007D4500001B45000037
:102AA800B126000005270000A12600004145534536
:102AB80043425F68616E646C6520213D20300000F0
:102AC8002F686F6D652F72756E6E65722F776F72D6
:102AD8006B2F6F742D74692F6F742D74692F746840
:102AE8006972645F70617274792F6D626564746C69
:102AF800732F616C742F6165735F616C742E630052
:102B080073746174757343727970746F203D3D20DE
:102B1800300000006D626564746C735F6165735F9B
:102B2800696E6974000000006D626564746C735F9F
:102B38006165735F7365746B65795F656E630000CB
:102B48006D626564746C735F6165735F63727970DD
:102B5800745F6563620053656D6170686F7265507C
:102B6800000000000000000000000000FFFFFFFF61
:102B78000000000049444C4500546D7220537663B0
:102B880000000000FFFFFFFF000000000000000041
:102B9800000000003A013A010000000000000000B7
:102BA80000000000020500000201000001F101110F
:102BB80001F10000000000000111000001F1000017
:102BC80000000111000000000000000000000000EB
:102BD80000000000000000000000000000000000ED
:102BE80001110000E144002199400021B540002175
:102BF8001F410021E1400021554500219145002158
:102C0800514100215D410021694100218541002198
:102C18003B460021CD410021E5410021FD41002135
:102C2800394200216F460021DF460021EB47002191
:102C3800DB0705D000F003F80249087070BD70B5D5
:102C4800014D2847E00400211D240200074C657946
:102C580000F009F861796940490703D50121044A60
:102C68008903116070BD70B50249084780030021CF
:102C7800081104402D59000000F019F8E1B26C2940
:102C88000BD0042801D0062807D110490978C907B4
:102C980003D12178090700D402200D490A780C21B4
:102CA800114202D00B4980220A6003B0F0BDF0B592
:102CB80083B0094908470020084988470448017833
:102CC800402291430170064800470000C8000021D7
:102CD8003301002100E200E041160300F763000021
:102CE800231B030070B5004700F046FA0048004770
:102CF800577F000000F046FA004800471B88000094
:102D08000599880A802805D1134988788007800F9B
:102D180000F050FA00480047D96E00000FB40F4881
:102D2800C188002902D0104600F044FA079B9B0A8C
:102D3800084D832B08D1084C23899B0604D500F045
:102D480005F8002800D042350FBC284770B5044864
:102D5800004700001F0B02006001002180030021D2
:102D6800EB090200094B1A780824A243002800D076
:102D780022431A70004A1047838E000003490878DE
:102D8800000701D402480047704700008003002173
:102D98005F7E00000848094A03689A420AD1084839
:102DA8000289084BD21A01D0012A03D1406E064984
:102DB80088470399054B1847A8020021BD03020064
:102DC8006001002121180000F1350000BD06000057
:102DD800044A282090470448012141600348044AD6
:102DE800416010474F42000000500440006004401A
:102DF80085420000F8B50149084700000D6400004D
:102E080070B51F4D2878C4B21E488047287803281B
:102E180034D1032C32D01C488068400DC2071A48B0
:102E2800014660318030002A03D01F240C574588A2
:102E380002E01E240C570588002C1FD01348154AA1
:102E480041690079414348101149496940181049BE
:102E58004039497F904740054015694288420DDB5B
:102E6800A8420BDC0C4B996988B20246090C6243F4
:102E780009045212801880B20843986170BD00009E
:102E8800E40200217941000028000021800300218C
:102E980000030021CB8100004040044010B5864C5F
:102EA80021464031087D012834D18448C07D40083E
:102EB800C0072FD02046603042795208D20729D067
:102EC8004089800B012825D1087E4109C9070CD00B
:102ED800A16F00070988C00F400209040843606613
:102EE800A06F801C00F076FA13E0744820308069E7
:102EF800406800280ED0724A00230178D356591A28
:102F080008D4C90008184178C90703D00168616668
:102F18004068A0666B48804710BDF8B5664C6A49A2
:102F280026462036707B2546403500902F79B8001C
:102F3800401880688047002828D16049C97D090960
:102F4800C90723D022466432152F20D0297E0023BA
:102F58004F09FF0703D06D7D002D00D00123009F8E
:102F6800A56FBB4312D0737B002B0FD0237D5B066C
:102F78000CD5D288920B012A08D1C908C90705D0F7
:102F8800A988890B012901D100217173F8BDAB7E95
:102F9800E97D012BE3D00023E1E770B5464C2546D7
:102FA800606A803500281DD15420005D0022002869
:102FB80017D06420005D8008C00712D0A9688888EF
:102FC800800B01280DD13D48C07D4008C00708D0BE
:102FD8003A48203080690068002802D02962A86039
:102FE80000E02A6239488047616A002903D1296ACA
:102FF800002900D0A96070BDF8B52F4C344920468F
:103008004030027D002A2FD0807E25468035032857
:1030180002D0042803D027E00120E87524E06420CA
:10302800005D8008C0071FD0A8688088800B012831
:103038001AD12248EA7DC07D002A13D0C008C007F3
:1030480012D026462036777B88470146394308D177
:10305800217D090605D56988890B012901D100213F
:103068007173F8BD8008EAE78847F8BD12488030D8
:103078000021C175174800470F49403108712628BB
:1030880014D006DC152813D01B280BD01F2804D118
:103098000AE03D280ED047280AD00B498000401886
:1030A800806870470C4870470C4870470C48704758
:1030B8000C4870470C48704760010021C800002187
:1030C800E004002159490200005502008F3D02002A
:1030D80075300200152A0200D54400216144002100
:1030E80003440021834300210543002110B50C4906
:1030F80088470C4A0621515E002907D0022905D0CD
:10310800092903D0102901D0112907D17721C943F2
:10311800884201DD002801DD7F20C04310BD00008A
:10312800A96500008003002110B51048C188104827
:10313800052918D00F4C21684A0852002260A26B5A
:1031480052085200A2632160FFF7CCFDA06B000774
:1031580008D40120206060600020401C0C28FCDBA3
:103168001420206210BDFFF7BDFD10BD80030021B3
:103178003F5B000000600440806B0C490007000FB3
:1031880048717047094A0A4918235079CB56497E35
:10319800C018814201DD084602E00F2800DD0F203B
:1031A800D189090909010143D1817047E002002151
:1031B800880000210849C979CA08D20708D0C14047
:1031C8000648C90701D0064900E00649491CC16004
:1031D8007047002070470000E80000212800002107
:1031E800880100005001000010B53348314C804779
:1031F800012807D02034217D002903D101212F4A3D
:103208000905916010BD072801D02D4A10472D4AA5
:103218004A60C872704701222C4B02212A4818477D
:10322800274810B5F83080472948406A00280DD152
:1032380028490A200856002809DA401C07D0084601
:103248002038406A2449884200D1804710BDFFF7E2
:10325800E2FF10BD0021224B204A084618470120F2
:103268002049400208602048FB2201781140017083
:1032780013480C30004710B51C49884715492039B8
:10328800012807D0020404D50020088518484862A0
:10329800012010BD4A6A0A4B0C339A4201D1154AE3
:1032A80005E00B494A6A144B9A42F2D1134A4A6222
:1032B80010BD00006001002175A602000011044045
:1032C800A991020051460021060800009F0600004F
:1032D800080100215401002163920200894600215F
:1032E800B5B4020080E100E080030021F7960200F7
:1032F8007F460021C746002169950200BD4600218E
:1033080010B501462B4B2C4800E020BF42699207BC
:10331800FBD12948DA7A403000680B2A01D100F045
:1033280043F810BD2022521A9040244A00BA9369EB
:103338004340214800E020BF42699207FBD488003F
:103348001F494018C3631C4840300360704710B5DC
:10335800194800E020BF42699207FBD4426B174B23
:10336800986950405A8AD40701D001246040520815
:103378005A822022511A88400F4900BA4031086009
:1033880010BD10B50446FFF735FD0C49097C8909C5
:10339800C80708D00B48E10701D00B4900E00B49EA
:1033A80001620B49416210BD2022511A884000BABF
:1033B800704700006001002100200440280000211F
:1033C800C021044080030021B74700218D47002118
:1033D80069470021820881079200C90E0CCAC0788B
:1033E800CA40494220318B401A431102090A00069B
:1033F800084370470200000000000000FFFFFFFFC5
:103408000000000009C4000011C40000F9C5000054
:1034180019C400005DC4000035C40000F1C70000F5
:10342800B1C4000051C400002DC600008E00000089
:103438008E0001008E0002008E0003008F00000144
:103448008F0000028F0000038E0001048E0000052B
:103458008E0008048E000004890000065000000059
:103468007F0001003F0004003F0002003F00010010
:103478007F0002008E0002048E0001028E0001010E
:10348800020000000000000000000000FFFFFFFF36
:103498000000000000000000000000000000000024
:1034A80000000000000000000100000000C2010050
:1034B80003000000000000000020406000060286B3
:1034C800820000000008101820000000000800001A
:1034D80000010203040000000100000000000000D9
:1034E80000000000000000000000000000000000D4
:1034F80000000000000000000200000000000000C2
:1035080000000000000000000000000000000000B3
:10351800000000000000000003000000010200039A
:103528000200010366616C73650075696E74385F2B
:10353800742A206F743A3A5370696E656C3A3A424D
:1035480075666665723A3A47657455706461746564
:10355800644275665074722875696E74385F742A8F
:103568002C2075696E7431365F742C206F743A3A6A
:103578005370696E656C3A3A4275666665723A3A96
:10358800446972656374696F6E2920636F6E737422
:10359800002F686F6D652F72756E6E65722F776F6D
:1035A800726B2F6F742D74692F6F742D74692F6F60
:1035B80070656E7468726561642F7372632F6C69CD
:1035C800622F7370696E656C2F7370696E656C5FBE
:1035D8006275666665722E6370700075696E743107
:1035E800365F74206F743A3A5370696E656C3A3A74
:1035F8004275666665723A3A4765744469737461E0
:103608006E636528636F6E73742075696E74385FB6
:10361800742A2C20636F6E73742075696E74385F1A
:10362800742A2C206F743A3A5370696E656C3A3A72
:103638004275666665723A3A446972656374696F81
:103648006E2920636F6E7374006D577269746544D8
:103658006972656374696F6E20213D206B556E6BCE
:103668006E6F776E006F744572726F72206F743A66
:103678003A5370696E656C3A3A4275666665723A95
:103688003A496E4672616D65417070656E64287561
:10369800696E74385F7429006E756D5365676D6562
:1036A8006E7473203C3D206B4D61785365676D6582
:1036B8006E7473006F744572726F72206F743A3A49
:1036C8005370696E656C3A3A4275666665723A3A45
:1036D8004F75744672616D6552656D6F7665282900
:1036E80000000000000000000000891112239B3236
:1036F8002446AD573665BF74488CC19D5AAFD3BEBA
:103708006CCAE5DB7EE9F7F88110080193331A22C9
:10371800A5562C47B7753E64C99C408DDBBF52AE99
:10372800EDDA64CBFFF976E802218B3010029913A9
:103738002667AF763444BD554AADC3BC588ED19F79
:103748006EEBE7FA7CC8F5D983310A209112180389
:10375800A7772E66B5543C45CBBD42ACD99E508F59
:10376800EFFB66EAFDD874C904428D5316619F7059
:103778002004A9153227BB364CCEC5DF5EEDD7FC39
:103788006888E1997AABF3BA85520C4397711E6049
:10379800A1142805B3373A26CDDE44CFDFFD56EC19
:1037A800E9986089FBBB72AA06638F7214409D5129
:1037B8002225AB343006B9174EEFC7FE5CCCD5DDF9
:1037C8006AA9E3B8788AF19B87730E6295501C4109
:1037D800A3352A24B1163807CFFF46EEDDDC54CDD9
:1037E800EBB962A8F99A708B088481951AA793B6E9
:1037F8002CC2A5D33EE1B7F04008C919522BDB3AD9
:10380800644EED5F766DFF7C899400859BB712A6A8
:10381800ADD224C3BFF136E0C1184809D33B5A2AB8
:10382800E55E6C4FF77D7E6C0AA583B41886919788
:103838002EE3A7F23CC0B5D14229CB38500AD91B98
:10384800666FEF7E744CFD5D8BB502A49996108768
:10385800AFF326E2BDD034C1C3394A28D11A580B78
:10386800E77F6E6EF55C7C4D0CC685D71EE597F438
:103878002880A1913AA3B3B2444ACD5B5669DF7858
:10388800600CE91D722FFB3E8DD604C79FF516E428
:10389800A9902081BBB332A2C55A4C4BD7795E6838
:1038A800E11C680DF33F7A2E0EE787F61CC495D508
:1038B8002AA1A3B03882B193466BCF7A5448DD5918
:1038C800622DEB3C700EF91F8FF706E69DD414C5E8
:1038D800ABB122A0B9923083C77B4E6AD5585C49F8
:1038E800E33D6A2CF11E780F2C2066756E637469AF
:1038F8006F6E3A2000617373657274696F6E20226F
:10390800257322206661696C65643A2066696C6576
:1039180020222573222C206C696E6520256425736E
:1039280025730A00C81A0020232D302B2000686C4C
:103938004C006566674546470030313233343536CA
:103948003738394142434445460030313233343503
:10395800363738396162636465660000000000002C
:10396800000000000000000000000000000000004F
:10397800000000000000000000000000000000003F
:10398800000000000000000000000000000000002F
:10399800000000000000000000000000000000001F
:1039A800000000000000000000000000000000000F
:0C39B80000000000000000000000000003
:1039C40000000000000000000000000000000000F3
:1039D4000000000002600000000400200004002039
:1039E400026000000260000002600000026000004B
:1039F4000220002001040020026000200260002058
:103A04000108002002600000026000000260000063
:103A1400026000000260000002600000026000001A
:103A240002600020000400200004002001040020A3
:103A34000008002000080020000800200100FEFF0C
:103A440000000000F5C000000000000000000000BD
:103A540083880F00D388F300FFFFFFFFECC6040048
:103A640000EEC8060000F1CA060000F4CC0A00000B
:103A7400F6CF0A0000F7D00A0000FAD4100000FBC9
:103A8400D6120000FD9318000000532800000156D0
:103A94002800000259320000035D38000004634E20
:103AA400000005177200007FFFFF3F002B0000009D
:103AB40000000000000000000A00000000000000F8
:103AC40004000000080000000000000009000000DD
:103AD400AAAAAAAAC1A00000539B000000000000EB
:103AE40000000000000000000000000000000000D2
:103AF40000000000000000000000000000000000C2
:103B040000000000000000000000000000000000B1
:103B140000000000000000000000000000000000A1
:103B24000000000000000000000000000000000091
:103B34000000000000000000000000000000000081
:103B44000000000000000000000000000000000071
:103B54000000000000000000000000000000000061
:103B64000000000000000000000000000000000051
:103B74000000000000000000000000000000000041
:103B84000000000000000000000000000000000031
:103B94000000000000000000000000000000000021
:103BA4000000000000000000000000000000000011
:103BB4000000000000000000000000000000000001
:103BC40000000000000000000000000000000000F1
:103BD40000000000000000000000000000000000E1
:103BE40000000000000000000000000000000000D1
:103BF40000000000000000000000000000000000C1
:103C040000000000000000000000000000000000B0
:103C1400010000000000000000000000010000009E
:103C24000000000000000000000000000000000090
:103C3400000000000000000000000000C9C80000EF
:103C44004DC90000C5C800000000000000000000CD
:103C540000008000C81A0020000000008439010020
:103C6400A4390100643901000000000000000000D4
:103C74000000000000000000000000000000000040
:103C84000000000000000000000000000000000030
:103C94000000000000000000000000000000000020
:103CA4000000000000000000000000000000000010
:083CB400000000000000000008
:083CBC0054C4FE7F010000006A
:020000025000AC
:107FA800000080011000C0FFFDFF5800FFC1B9F1BB
:107FB800FFFFFFFFFFFFFFFFFFFFFFFFFFFFFFFFC9
:107FC800FFFFFFFFFFFFFFFFFFFFFFFFFFFFFFFFB9
:107FD800C50FFEC5FFFFFFFF00FFFFFF00C5C5FF80
:107FE800000000FF00000000FFFFFFFFFFFFFFFF92
:087FF800FFFFFFFFFFFFFFFF89
:04000003000069E5AB
:00000001FF
